,Concentration,Cell,Experimental,Ligand,Predicted,Animal
0,-14.2247,Ramos,0.0,hIL4,0.00023110204092291353,Human
1,-13.3216,Ramos,0.0,hIL4,0.0018458738471899031,Human
2,-12.4185,Ramos,0.00421297,hIL4,0.014579016514400795,Human
3,-11.5154,Ramos,0.1441065,hIL4,0.10583736840769298,Human
4,-10.6124,Ramos,0.7450629000000001,hIL4,0.48639005149281456,Human
5,-9.70927,Ramos,1.0326,hIL4,0.8836495827646079,Human
6,-8.80618,Ramos,1.046745,hIL4,0.9841093657946198,Human
7,-7.90309,Ramos,0.922063,hIL4,0.9982853442421429,Human
8,-7.0,Ramos,0.9974775,hIL4,1.0,Human
9,-14.2247,Ramos,0.0,hIL4,0.00023110204092291353,Human
10,-13.3216,Ramos,0.0,hIL4,0.0018458738471899031,Human
11,-12.4185,Ramos,0.00523566,hIL4,0.014579016514400795,Human
12,-11.5154,Ramos,0.1465092,hIL4,0.10583736840769298,Human
13,-10.6124,Ramos,0.7522217000000001,hIL4,0.48639005149281456,Human
14,-9.70927,Ramos,1.0438129999999999,hIL4,0.8836495827646079,Human
15,-8.80618,Ramos,1.101762,hIL4,0.9841093657946198,Human
16,-7.90309,Ramos,0.9844412,hIL4,0.9982853442421429,Human
17,-7.0,Ramos,1.019096,hIL4,1.0,Human
18,-13.6797,Ramos,0.03150859,hIL4,0.0008101254454874206,Human
19,-12.7255,Ramos,0.01470401,hIL4,0.007243492243639501,Human
20,-11.7712,Ramos,0.037237429999999995,hIL4,0.06162950414146583,Human
21,-10.817,Ramos,0.46288989999999997,hIL4,0.3715228170958812,Human
22,-9.86273,Ramos,1.053151,hIL4,0.8420141724076561,Human
23,-8.90849,Ramos,1.0812220000000001,hIL4,0.9798821621225078,Human
24,-7.95424,Ramos,1.010376,hIL4,0.9980298231411475,Human
25,-7.0,Ramos,1.0583069999999999,hIL4,1.0,Human
26,-13.6797,Ramos,0.02598342,hIL4,0.0008101254454874206,Human
27,-12.7255,Ramos,0.004775,hIL4,0.007243492243639501,Human
28,-11.7712,Ramos,0.03181264,hIL4,0.06162950414146583,Human
29,-10.817,Ramos,0.4510201,hIL4,0.3715228170958812,Human
30,-9.86273,Ramos,1.0893810000000002,hIL4,0.8420141724076561,Human
31,-8.90849,Ramos,1.128449,hIL4,0.9798821621225078,Human
32,-7.95424,Ramos,1.058623,hIL4,0.9980298231411475,Human
33,-7.0,Ramos,1.1301860000000001,hIL4,1.0,Human
34,-13.6797,Ramos,0.014945120000000001,hIL4,0.0008101254454874206,Human
35,-12.7255,Ramos,0.00043409000000000004,hIL4,0.007243492243639501,Human
36,-11.7712,Ramos,0.02337888,hIL4,0.06162950414146583,Human
37,-10.817,Ramos,0.44481879999999996,hIL4,0.3715228170958812,Human
38,-9.86273,Ramos,1.0534139999999999,hIL4,0.8420141724076561,Human
39,-8.90849,Ramos,1.075738,hIL4,0.9798821621225078,Human
40,-7.95424,Ramos,1.0026869999999999,hIL4,0.9980298231411475,Human
41,-7.0,Ramos,1.091366,hIL4,1.0,Human
42,-14.67969757,Ramos,0.03850394743,hIL4,8.107208735442842e-05,Human
43,-13.72545506,Ramos,0.0017201076200000001,hIL4,0.0007291760297767864,Human
44,-12.77121255,Ramos,0.0,hIL4,0.006524537604152112,Human
45,-11.81697004,Ramos,0.03047677855,hIL4,0.055808864587132086,Human
46,-10.86272753,Ramos,0.3777620959,hIL4,0.34728334732985777,Human
47,-9.908485019,Ramos,1.0510739649999998,hIL4,0.8274620660254456,Human
48,-8.954242509,Ramos,0.946015084,hIL4,0.9776592013516672,Human
49,-8.0,Ramos,1.002910951,hIL4,0.9977741297352821,Human
50,-14.67969757,Ramos,0.01240457459,hIL4,8.107208735442842e-05,Human
51,-13.72545506,Ramos,0.09027870927000001,hIL4,0.0007291760297767864,Human
52,-12.77121255,Ramos,0.0038665881299999997,hIL4,0.006524537604152112,Human
53,-11.81697004,Ramos,0.02885069604,hIL4,0.055808864587132086,Human
54,-10.86272753,Ramos,0.3464357989,hIL4,0.34728334732985777,Human
55,-9.908485019,Ramos,1.070625011,hIL4,0.8274620660254456,Human
56,-8.954242509,Ramos,0.9727880841,hIL4,0.9776592013516672,Human
57,-8.0,Ramos,0.9615207414,hIL4,0.9977741297352821,Human
58,-14.67969757,Ramos,0.00533624154,hIL4,8.107208735442842e-05,Human
59,-13.72545506,Ramos,0.08565979856,hIL4,0.0007291760297767864,Human
60,-12.77121255,Ramos,0.00176708326,hIL4,0.006524537604152112,Human
61,-11.81697004,Ramos,0.01786328724,hIL4,0.055808864587132086,Human
62,-10.86272753,Ramos,0.36932040190000004,hIL4,0.34728334732985777,Human
63,-9.908485019,Ramos,1.065656183,hIL4,0.8274620660254456,Human
64,-8.954242509,Ramos,0.9808361861,hIL4,0.9776592013516672,Human
65,-8.0,Ramos,0.9485737947,hIL4,0.9977741297352821,Human
0,-14.2247,Ramos,0.0,hNeo4,1.4309379273068448e-05,Human
1,-13.3216,Ramos,0.0,hNeo4,0.00011446749906918427,Human
2,-12.4185,Ramos,0.0,hNeo4,0.0009151104310025118,Human
3,-11.5154,Ramos,0.00232776,hNeo4,0.007279671934586917,Human
4,-10.6124,Ramos,0.07662714,hNeo4,0.05570696384982894,Human
5,-9.70927,Ramos,0.6123836,hNeo4,0.3311119490504842,Human
6,-8.80618,Ramos,1.048193,hNeo4,0.8665844507803193,Human
7,-7.90309,Ramos,1.042433,hNeo4,1.086135989985004,Human
8,-7.0,Ramos,1.057231,hNeo4,1.1215495591373612,Human
9,-14.2247,Ramos,0.0,hNeo4,1.4309379273068448e-05,Human
10,-13.3216,Ramos,0.0,hNeo4,0.00011446749906918427,Human
11,-12.4185,Ramos,0.0,hNeo4,0.0009151104310025118,Human
12,-11.5154,Ramos,0.0,hNeo4,0.007279671934586917,Human
13,-10.6124,Ramos,0.07988621,hNeo4,0.05570696384982894,Human
14,-9.70927,Ramos,0.6227892,hNeo4,0.3311119490504842,Human
15,-8.80618,Ramos,0.9892588999999999,hNeo4,0.8665844507803193,Human
16,-7.90309,Ramos,1.039882,hNeo4,1.086135989985004,Human
17,-7.0,Ramos,0.9872504999999999,hNeo4,1.1215495591373612,Human
18,-13.67969757,Ramos,0.0,hNeo4,5.0189098781999185e-05,Human
19,-12.72545506,Ramos,0.00498390156,hNeo4,0.00045154101206228316,Human
20,-11.77121255,Ramos,0.0,hNeo4,0.004050884294522318,Human
21,-10.81697004,Ramos,0.0275658272,hNeo4,0.03543885495576443,Human
22,-9.862727528,Ramos,0.2882282892,hNeo4,0.25483852544270325,Human
23,-8.908485019,Ramos,0.9678031138000001,hNeo4,0.8164799302850614,Human
24,-7.954242509,Ramos,1.034402152,hNeo4,1.0812456686987362,Human
25,-7.0,Ramos,1.0275217220000001,hNeo4,1.1215495591373612,Human
26,-13.67969757,Ramos,0.0,hNeo4,5.0189098781999185e-05,Human
27,-12.72545506,Ramos,0.09286809861,hNeo4,0.00045154101206228316,Human
28,-11.77121255,Ramos,0.0,hNeo4,0.004050884294522318,Human
29,-10.81697004,Ramos,0.01576378237,hNeo4,0.03543885495576443,Human
30,-9.862727528,Ramos,0.30353591609999997,hNeo4,0.25483852544270325,Human
31,-8.908485019,Ramos,0.9351369635000001,hNeo4,0.8164799302850614,Human
32,-7.954242509,Ramos,1.012888627,hNeo4,1.0812456686987362,Human
33,-7.0,Ramos,1.030244534,hNeo4,1.1215495591373612,Human
34,-13.67969757,Ramos,0.0,hNeo4,5.0189098781999185e-05,Human
35,-12.72545506,Ramos,0.07173308295,hNeo4,0.00045154101206228316,Human
36,-11.77121255,Ramos,0.0,hNeo4,0.004050884294522318,Human
37,-10.81697004,Ramos,0.0034466871599999997,hNeo4,0.03543885495576443,Human
38,-9.862727528,Ramos,0.3071750579,hNeo4,0.25483852544270325,Human
39,-8.908485019,Ramos,0.8816695729,hNeo4,0.8164799302850614,Human
40,-7.954242509,Ramos,1.000851466,hNeo4,1.0812456686987362,Human
41,-7.0,Ramos,1.003580822,hNeo4,1.1215495591373612,Human
0,-13.6797,Ramos,0.02406111,hIL13,2.0914888377760252e-09,Human
1,-12.7255,Ramos,0.0137492,hIL13,1.882155401761806e-08,Human
2,-11.7712,Ramos,0.01814131,hIL13,1.694161564287884e-07,Human
3,-10.817,Ramos,0.0040101799999999995,hIL13,1.5245755152314462e-06,Human
4,-9.86273,Ramos,0.00190961,hIL13,1.3720375099363846e-05,Human
5,-8.90849,Ramos,0.0024825,hIL13,0.00012334730848790847,Human
6,-7.95424,Ramos,0.0,hIL13,0.0010992998457843976,Human
7,-7.0,Ramos,0.0,hIL13,0.00909407498865961,Human
8,-13.6797,Ramos,0.02499121,hIL13,2.0914888377760252e-09,Human
9,-12.7255,Ramos,0.01258863,hIL13,1.882155401761806e-08,Human
10,-11.7712,Ramos,0.004775,hIL13,1.694161564287884e-07,Human
11,-10.817,Ramos,0.0,hIL13,1.5245755152314462e-06,Human
12,-9.86273,Ramos,0.0,hIL13,1.3720375099363846e-05,Human
13,-8.90849,Ramos,0.00948798,hIL13,0.00012334730848790847,Human
14,-7.95424,Ramos,0.00266656,hIL13,0.0010992998457843976,Human
15,-7.0,Ramos,0.00675941,hIL13,0.00909407498865961,Human
16,-13.6797,Ramos,0.0013022700000000001,hIL13,2.0914888377760252e-09,Human
17,-12.7255,Ramos,0.0,hIL13,1.882155401761806e-08,Human
18,-11.7712,Ramos,0.0,hIL13,1.694161564287884e-07,Human
19,-10.817,Ramos,0.0,hIL13,1.5245755152314462e-06,Human
20,-9.86273,Ramos,0.0,hIL13,1.3720375099363846e-05,Human
21,-8.90849,Ramos,0.0,hIL13,0.00012334730848790847,Human
22,-7.95424,Ramos,0.0,hIL13,0.0010992998457843976,Human
23,-7.0,Ramos,0.00502305,hIL13,0.00909407498865961,Human
24,-13.67969757,Ramos,0.0,hIL13,2.091500540277899e-09,Human
25,-12.72545506,Ramos,0.00471926962,hIL13,1.8823501738066172e-08,Human
26,-11.77121255,Ramos,0.00269042473,hIL13,1.694112608141065e-07,Human
27,-10.81697004,Ramos,0.01354033432,hIL13,1.5246806907830939e-06,Human
28,-9.862727528,Ramos,0.00736558903,hIL13,1.3720453185116359e-05,Human
29,-8.908485019,Ramos,0.01151148944,hIL13,0.00012334872144348979,Human
30,-7.954242509,Ramos,0.0033078992600000003,hIL13,0.0010992935647395898,Human
31,-7.0,Ramos,0.022008556430000003,hIL13,0.00909407498865961,Human
32,-13.67969757,Ramos,0.0,hIL13,2.091500540277899e-09,Human
33,-12.72545506,Ramos,0.08908898985000001,hIL13,1.8823501738066172e-08,Human
34,-11.77121255,Ramos,0.0012072152999999999,hIL13,1.694112608141065e-07,Human
35,-10.81697004,Ramos,0.0,hIL13,1.5246806907830939e-06,Human
36,-9.862727528,Ramos,0.0024669182200000002,hIL13,1.3720453185116359e-05,Human
37,-8.908485019,Ramos,0.0091153503,hIL13,0.00012334872144348979,Human
38,-7.954242509,Ramos,0.00526625804,hIL13,0.0010992935647395898,Human
39,-7.0,Ramos,0.00400655512,hIL13,0.00909407498865961,Human
40,-13.67969757,Ramos,0.00162711627,hIL13,2.091500540277899e-09,Human
41,-12.72545506,Ramos,0.08579976556,hIL13,1.8823501738066172e-08,Human
42,-11.77121255,Ramos,0.0,hIL13,1.694112608141065e-07,Human
43,-10.81697004,Ramos,0.0,hIL13,1.5246806907830939e-06,Human
44,-9.862727528,Ramos,0.0,hIL13,1.3720453185116359e-05,Human
45,-8.908485019,Ramos,0.01289445906,hIL13,0.00012334872144348979,Human
46,-7.954242509,Ramos,0.0,hIL13,0.0010992935647395898,Human
47,-7.0,Ramos,0.008905399809999999,hIL13,0.00909407498865961,Human
0,-13.2247,Macrophage,0.00902542,hIL4,0.0023260418243426367,Human
1,-12.6227,Macrophage,0.00071806,hIL4,0.009238991165567555,Human
2,-12.0206,Macrophage,0.00668345,hIL4,0.03597102447297623,Human
3,-11.4185,Macrophage,0.07263419,hIL4,0.1299914314164697,Human
4,-10.8165,Macrophage,0.38338700000000003,hIL4,0.37497611159030214,Human
5,-10.2144,Macrophage,0.8107301,hIL4,0.7091683075745331,Human
6,-9.61236,Macrophage,0.9574788,hIL4,0.9123384259025942,Human
7,-9.0103,Macrophage,0.9212224,hIL4,0.982257043606852,Human
8,-8.40824,Macrophage,0.932623,hIL4,0.9994909692986289,Human
9,-7.80618,Macrophage,0.9297065999999999,hIL4,0.9961225746473287,Human
10,-7.20412,Macrophage,0.9661175,hIL4,0.9658919337386082,Human
11,-6.60206,Macrophage,1.0382989999999999,hIL4,0.8637203095005639,Human
12,-13.2247,Macrophage,0.01644902,hIL4,0.0023260418243426367,Human
13,-12.6227,Macrophage,0.00237511,hIL4,0.009238991165567555,Human
14,-12.0206,Macrophage,0.00745674,hIL4,0.03597102447297623,Human
15,-11.4185,Macrophage,0.07935078,hIL4,0.1299914314164697,Human
16,-10.8165,Macrophage,0.37649360000000004,hIL4,0.37497611159030214,Human
17,-10.2144,Macrophage,0.8291343999999999,hIL4,0.7091683075745331,Human
18,-9.61236,Macrophage,0.958716,hIL4,0.9123384259025942,Human
19,-9.0103,Macrophage,1.001954,hIL4,0.982257043606852,Human
20,-8.40824,Macrophage,0.9649466,hIL4,0.9994909692986289,Human
21,-7.80618,Macrophage,0.9964085,hIL4,0.9961225746473287,Human
22,-7.20412,Macrophage,1.057167,hIL4,0.9658919337386082,Human
23,-6.60206,Macrophage,1.0189,hIL4,0.8637203095005639,Human
24,-13.2247,Macrophage,0.01644902,hIL4,0.0023260418243426367,Human
25,-12.6227,Macrophage,0.00237511,hIL4,0.009238991165567555,Human
26,-12.0206,Macrophage,0.00745674,hIL4,0.03597102447297623,Human
27,-11.4185,Macrophage,0.07935078,hIL4,0.1299914314164697,Human
28,-10.8165,Macrophage,0.37649360000000004,hIL4,0.37497611159030214,Human
29,-10.2144,Macrophage,0.8291343999999999,hIL4,0.7091683075745331,Human
30,-9.61236,Macrophage,0.958716,hIL4,0.9123384259025942,Human
31,-9.0103,Macrophage,1.001954,hIL4,0.982257043606852,Human
32,-8.40824,Macrophage,0.9649466,hIL4,0.9994909692986289,Human
33,-7.80618,Macrophage,0.9964085,hIL4,0.9961225746473287,Human
34,-7.20412,Macrophage,1.057167,hIL4,0.9658919337386082,Human
35,-6.60206,Macrophage,1.0189,hIL4,0.8637203095005639,Human
36,-13.00336125,Macrophage,0.02782013215,hIL4,0.003866261400680242,Human
37,-12.22521,Macrophage,0.03341982541,hIL4,0.022761437051128094,Human
38,-11.44705875,Macrophage,0.05695993723,hIL4,0.12272470037991552,Human
39,-10.6689075,Macrophage,0.3662627397,hIL4,0.45786324646039905,Human
40,-9.890756252,Macrophage,0.8179475519,hIL4,0.8402733507075402,Human
41,-9.112605002,Macrophage,0.9944627237,hIL4,0.9757316501010634,Human
42,-8.334453751,Macrophage,1.029808558,hIL4,1.0,Human
43,-7.556302501,Macrophage,1.052028997,hIL4,0.9884154894427816,Human
44,-13.00336125,Macrophage,0.025822789319999997,hIL4,0.003866261400680242,Human
45,-12.22521,Macrophage,0.02689279441,hIL4,0.022761437051128094,Human
46,-11.44705875,Macrophage,0.03948318755,hIL4,0.12272470037991552,Human
47,-10.6689075,Macrophage,0.4049255901,hIL4,0.45786324646039905,Human
48,-9.890756252,Macrophage,0.9188133643999999,hIL4,0.8402733507075402,Human
49,-9.112605002,Macrophage,0.9178503598000001,hIL4,0.9757316501010634,Human
50,-8.334453751,Macrophage,0.9816226627,hIL4,1.0,Human
51,-7.556302501,Macrophage,0.9365397819000001,hIL4,0.9884154894427816,Human
52,-13.00336125,Macrophage,0.022862441929999998,hIL4,0.003866261400680242,Human
53,-12.22521,Macrophage,0.0238254465,hIL4,0.022761437051128094,Human
54,-11.44705875,Macrophage,0.04633122007,hIL4,0.12272470037991552,Human
55,-10.6689075,Macrophage,0.3984698927,hIL4,0.45786324646039905,Human
56,-9.890756252,Macrophage,0.9307260876,hIL4,0.8402733507075402,Human
57,-9.112605002,Macrophage,0.7735780078000001,hIL4,0.9757316501010634,Human
58,-8.334453751,Macrophage,0.9607575636,hIL4,1.0,Human
59,-7.556302501,Macrophage,0.9664999242000001,hIL4,0.9884154894427816,Human
60,-13.00336125,Macrophage,0.08306106531999999,hIL4,0.003866261400680242,Human
61,-12.22521,Macrophage,0.058999599500000006,hIL4,0.022761437051128094,Human
62,-11.44705875,Macrophage,0.07597858393,hIL4,0.12272470037991552,Human
63,-10.6689075,Macrophage,0.3156130773,hIL4,0.45786324646039905,Human
64,-9.890756252,Macrophage,0.8729158323,hIL4,0.8402733507075402,Human
65,-9.112605002,Macrophage,1.0688223270000001,hIL4,0.9757316501010634,Human
66,-8.334453751,Macrophage,0.9776986151,hIL4,1.0,Human
67,-7.556302501,Macrophage,0.9989144410999999,hIL4,0.9884154894427816,Human
68,-13.00336125,Macrophage,0.07885584199000001,hIL4,0.003866261400680242,Human
69,-12.22521,Macrophage,0.0554583588,hIL4,0.022761437051128094,Human
70,-11.44705875,Macrophage,0.07057186822,hIL4,0.12272470037991552,Human
71,-10.6689075,Macrophage,0.317288843,hIL4,0.45786324646039905,Human
72,-9.890756252,Macrophage,0.8476844923,hIL4,0.8402733507075402,Human
73,-9.112605002,Macrophage,1.043907169,hIL4,0.9757316501010634,Human
74,-8.334453751,Macrophage,0.9847178601000001,hIL4,1.0,Human
75,-7.556302501,Macrophage,1.021268523,hIL4,0.9884154894427816,Human
76,-13.00336125,Macrophage,0.07781244072,hIL4,0.003866261400680242,Human
77,-12.22521,Macrophage,0.044581690939999995,hIL4,0.022761437051128094,Human
78,-11.44705875,Macrophage,0.06782108303,hIL4,0.12272470037991552,Human
79,-10.6689075,Macrophage,0.2894015725,hIL4,0.45786324646039905,Human
80,-9.890756252,Macrophage,0.8356695685,hIL4,0.8402733507075402,Human
81,-9.112605002,Macrophage,0.9033641787000001,hIL4,0.9757316501010634,Human
82,-8.334453751,Macrophage,1.004921903,hIL4,1.0,Human
83,-7.556302501,Macrophage,1.012478658,hIL4,0.9884154894427816,Human
84,-13.00336125,Macrophage,0.04520969751,hIL4,0.003866261400680242,Human
85,-12.22521,Macrophage,0.00621184453,hIL4,0.022761437051128094,Human
86,-11.44705875,Macrophage,0.05893229624,hIL4,0.12272470037991552,Human
87,-10.6689075,Macrophage,0.407437404,hIL4,0.45786324646039905,Human
88,-9.890756252,Macrophage,0.8511449507000001,hIL4,0.8402733507075402,Human
89,-9.112605002,Macrophage,0.9412740012,hIL4,0.9757316501010634,Human
90,-8.334453751,Macrophage,0.9779796606,hIL4,1.0,Human
91,-7.556302501,Macrophage,1.032442179,hIL4,0.9884154894427816,Human
92,-13.00336125,Macrophage,0.03069247167,hIL4,0.003866261400680242,Human
93,-12.22521,Macrophage,0.00706759679,hIL4,0.022761437051128094,Human
94,-11.44705875,Macrophage,0.05835160721,hIL4,0.12272470037991552,Human
95,-10.6689075,Macrophage,0.42467469950000003,hIL4,0.45786324646039905,Human
96,-9.890756252,Macrophage,0.8742808243,hIL4,0.8402733507075402,Human
97,-9.112605002,Macrophage,0.9823195470999999,hIL4,0.9757316501010634,Human
98,-8.334453751,Macrophage,1.037087692,hIL4,1.0,Human
99,-7.556302501,Macrophage,0.9524904683,hIL4,0.9884154894427816,Human
0,-12.6227,Macrophage,0.01004175,hNeo4,0.0001592360538584437,Human
1,-12.0206,Macrophage,0.0,hNeo4,0.0006360342483945042,Human
2,-11.4185,Macrophage,0.0,hNeo4,0.002528987322188998,Human
3,-10.8165,Macrophage,0.0,hNeo4,0.009875755831399055,Human
4,-10.2144,Macrophage,0.00257396,hNeo4,0.036097187985083025,Human
5,-9.61236,Macrophage,0.02073527,hNeo4,0.10733345816749648,Human
6,-9.0103,Macrophage,0.07946125,hNeo4,0.2118678964590368,Human
7,-8.40824,Macrophage,0.1563264,hNeo4,0.2800553381575996,Human
8,-7.80618,Macrophage,0.17755880000000002,hNeo4,0.30455654958191586,Human
9,-7.20412,Macrophage,0.2432002,hNeo4,0.31135139150273794,Human
10,-6.60206,Macrophage,0.2492098,hNeo4,0.31303588851268754,Human
11,-6.0,Macrophage,0.2788821,hNeo4,0.31321202619796695,Human
12,-12.6227,Macrophage,0.0067718299999999995,hNeo4,0.0001592360538584437,Human
13,-12.0206,Macrophage,0.0,hNeo4,0.0006360342483945042,Human
14,-11.4185,Macrophage,0.0,hNeo4,0.002528987322188998,Human
15,-10.8165,Macrophage,0.0,hNeo4,0.009875755831399055,Human
16,-10.2144,Macrophage,0.0,hNeo4,0.036097187985083025,Human
17,-9.61236,Macrophage,0.00904751,hNeo4,0.10733345816749648,Human
18,-9.0103,Macrophage,0.057389289999999996,hNeo4,0.2118678964590368,Human
19,-8.40824,Macrophage,0.1370162,hNeo4,0.2800553381575996,Human
20,-7.80618,Macrophage,0.19006409999999999,hNeo4,0.30455654958191586,Human
21,-7.20412,Macrophage,0.2265192,hNeo4,0.31135139150273794,Human
22,-6.60206,Macrophage,0.2559706,hNeo4,0.31303588851268754,Human
23,-6.0,Macrophage,0.2502041,hNeo4,0.31321202619796695,Human
24,-12.6227,Macrophage,0.00451823,hNeo4,0.0001592360538584437,Human
25,-12.0206,Macrophage,0.0,hNeo4,0.0006360342483945042,Human
26,-11.4185,Macrophage,0.0,hNeo4,0.002528987322188998,Human
27,-10.8165,Macrophage,0.0,hNeo4,0.009875755831399055,Human
28,-10.2144,Macrophage,0.0,hNeo4,0.036097187985083025,Human
29,-9.61236,Macrophage,0.010108029999999999,hNeo4,0.10733345816749648,Human
30,-9.0103,Macrophage,0.06430473,hNeo4,0.2118678964590368,Human
31,-8.40824,Macrophage,0.1276263,hNeo4,0.2800553381575996,Human
32,-7.80618,Macrophage,0.17470870000000002,hNeo4,0.30455654958191586,Human
33,-7.20412,Macrophage,0.221526,hNeo4,0.31135139150273794,Human
34,-6.60206,Macrophage,0.23776509999999998,hNeo4,0.31303588851268754,Human
35,-6.0,Macrophage,0.26525010000000004,hNeo4,0.31321202619796695,Human
36,-11.44705875,Macrophage,0.01201972376,hNeo4,0.00236924939960485,Human
37,-10.6689075,Macrophage,0.01094971868,hNeo4,0.013698229875170765,Human
38,-9.890756252,Macrophage,0.02578712249,hNeo4,0.06746095907988457,Human
39,-9.112605002,Macrophage,0.03748584472,hNeo4,0.1950483782448488,Human
40,-8.334453751,Macrophage,0.08506540405999999,hNeo4,0.2848296246687767,Human
41,-7.556302501,Macrophage,0.168632801,hNeo4,0.3084888905818441,Human
42,-6.77815125,Macrophage,0.1697384729,hNeo4,0.3127721657317481,Human
43,-6.0,Macrophage,0.19042523790000002,hNeo4,0.31321202619796695,Human
44,-11.44705875,Macrophage,0.01387439924,hNeo4,0.00236924939960485,Human
45,-10.6689075,Macrophage,0.0138387324,hNeo4,0.013698229875170765,Human
46,-9.890756252,Macrophage,0.01747674968,hNeo4,0.06746095907988457,Human
47,-9.112605002,Macrophage,0.02660745972,hNeo4,0.1950483782448488,Human
48,-8.334453751,Macrophage,0.1117441975,hNeo4,0.2848296246687767,Human
49,-7.556302501,Macrophage,0.1526897253,hNeo4,0.3084888905818441,Human
50,-6.77815125,Macrophage,0.16089309759999998,hNeo4,0.3127721657317481,Human
51,-6.0,Macrophage,0.17230648510000002,hNeo4,0.31321202619796695,Human
52,-11.44705875,Macrophage,0.005920694789999999,hNeo4,0.00236924939960485,Human
53,-10.6689075,Macrophage,0.00920204371,hNeo4,0.013698229875170765,Human
54,-9.890756252,Macrophage,0.01647807827,hNeo4,0.06746095907988457,Human
55,-9.112605002,Macrophage,0.02910413824,hNeo4,0.1950483782448488,Human
56,-8.334453751,Macrophage,0.06230996264,hNeo4,0.2848296246687767,Human
57,-7.556302501,Macrophage,0.1326449634,hNeo4,0.3084888905818441,Human
58,-6.77815125,Macrophage,0.1596804251,hNeo4,0.3127721657317481,Human
59,-6.0,Macrophage,0.1634967766,hNeo4,0.31321202619796695,Human
60,-11.44705875,Macrophage,0.0,hNeo4,0.00236924939960485,Human
61,-10.6689075,Macrophage,0.0,hNeo4,0.013698229875170765,Human
62,-9.890756252,Macrophage,0.0,hNeo4,0.06746095907988457,Human
63,-9.112605002,Macrophage,0.0,hNeo4,0.1950483782448488,Human
64,-8.334453751,Macrophage,0.0,hNeo4,0.2848296246687767,Human
65,-7.556302501,Macrophage,0.038467568540000004,hNeo4,0.3084888905818441,Human
66,-6.77815125,Macrophage,0.07565848414000001,hNeo4,0.3127721657317481,Human
67,-6.0,Macrophage,0.07841336678000001,hNeo4,0.31321202619796695,Human
68,-11.44705875,Macrophage,0.0,hNeo4,0.00236924939960485,Human
69,-10.6689075,Macrophage,0.0,hNeo4,0.013698229875170765,Human
70,-9.890756252,Macrophage,0.0,hNeo4,0.06746095907988457,Human
71,-9.112605002,Macrophage,0.0,hNeo4,0.1950483782448488,Human
72,-8.334453751,Macrophage,0.0,hNeo4,0.2848296246687767,Human
73,-7.556302501,Macrophage,0.034839186529999996,hNeo4,0.3084888905818441,Human
74,-6.77815125,Macrophage,0.05721420892,hNeo4,0.3127721657317481,Human
75,-6.0,Macrophage,0.06195126321,hNeo4,0.31321202619796695,Human
76,-11.44705875,Macrophage,0.0,hNeo4,0.00236924939960485,Human
77,-10.6689075,Macrophage,0.0,hNeo4,0.013698229875170765,Human
78,-9.890756252,Macrophage,0.0,hNeo4,0.06746095907988457,Human
79,-9.112605002,Macrophage,0.0,hNeo4,0.1950483782448488,Human
80,-8.334453751,Macrophage,0.0,hNeo4,0.2848296246687767,Human
81,-7.556302501,Macrophage,0.03016932449,hNeo4,0.3084888905818441,Human
82,-6.77815125,Macrophage,0.0381987995,hNeo4,0.3127721657317481,Human
83,-6.0,Macrophage,0.034872782660000004,hNeo4,0.31321202619796695,Human
84,-10.6689075,Macrophage,0.0,hNeo4,0.013698229875170765,Human
85,-9.890756252,Macrophage,0.0,hNeo4,0.06746095907988457,Human
86,-9.112605002,Macrophage,0.02564964586,hNeo4,0.1950483782448488,Human
87,-8.334453751,Macrophage,0.1528511067,hNeo4,0.2848296246687767,Human
88,-7.556302501,Macrophage,0.22886024500000002,hNeo4,0.3084888905818441,Human
89,-6.77815125,Macrophage,0.2713116696,hNeo4,0.3127721657317481,Human
90,-6.0,Macrophage,0.2454862889,hNeo4,0.31321202619796695,Human
91,-10.6689075,Macrophage,0.0,hNeo4,0.013698229875170765,Human
92,-9.890756252,Macrophage,0.0,hNeo4,0.06746095907988457,Human
93,-9.112605002,Macrophage,0.03558248458,hNeo4,0.1950483782448488,Human
94,-8.334453751,Macrophage,0.15881081,hNeo4,0.2848296246687767,Human
95,-7.556302501,Macrophage,0.2581391973,hNeo4,0.3084888905818441,Human
96,-6.77815125,Macrophage,0.2723202347,hNeo4,0.3127721657317481,Human
97,-6.0,Macrophage,0.29197197410000003,hNeo4,0.31321202619796695,Human
0,-13.00336125,Macrophage,0.021462572299999996,hIL13,0.00021374332796922067,Human
1,-12.22521,Macrophage,0.0,hIL13,0.0012806029692645734,Human
2,-11.44705875,Macrophage,0.0,hIL13,0.00761743745559366,Human
3,-10.6689075,Macrophage,0.0,hIL13,0.04345867628977761,Human
4,-9.890756252,Macrophage,0.2736344257,hIL13,0.20137183335378267,Human
5,-9.112605002,Macrophage,0.7841212112,hIL13,0.5103735647161105,Human
6,-8.334453751,Macrophage,0.9303631599000001,hIL13,0.6834591011610291,Human
7,-7.556302501,Macrophage,0.8783762101000001,hIL13,0.7093305176918155,Human
8,-13.00336125,Macrophage,0.00994047937,hIL13,0.00021374332796922067,Human
9,-12.22521,Macrophage,0.0,hIL13,0.0012806029692645734,Human
10,-11.44705875,Macrophage,0.0,hIL13,0.00761743745559366,Human
11,-10.6689075,Macrophage,0.0,hIL13,0.04345867628977761,Human
12,-9.890756252,Macrophage,0.2699363534,hIL13,0.20137183335378267,Human
13,-9.112605002,Macrophage,0.7538031311000001,hIL13,0.5103735647161105,Human
14,-8.334453751,Macrophage,0.9278264656999999,hIL13,0.6834591011610291,Human
15,-7.556302501,Macrophage,0.8303623958,hIL13,0.7093305176918155,Human
0,-13.2483,Macrophage,0.00943415,mIL4,0.002008087718669771,Mouse
1,-12.7712,Macrophage,0.011704019999999999,mIL4,0.005999921530357079,Mouse
2,-12.2941,Macrophage,0.030584129999999998,mIL4,0.01778589800197225,Mouse
3,-11.817,Macrophage,0.06566071,mIL4,0.05152600837855128,Mouse
4,-11.3398,Macrophage,0.2448031,mIL4,0.1401846970921306,Mouse
5,-10.8627,Macrophage,0.5819378,mIL4,0.32859612599833454,Mouse
6,-10.3856,Macrophage,0.9608996000000001,mIL4,0.5953146339419046,Mouse
7,-9.90849,Macrophage,1.013367,mIL4,0.8161477019045166,Mouse
8,-9.43136,Macrophage,0.873356,mIL4,0.9313094425774026,Mouse
9,-8.95424,Macrophage,1.0251649999999999,mIL4,0.9772704150198661,Mouse
10,-8.47712,Macrophage,0.9538890999999999,mIL4,0.993605411634461,Mouse
11,-8.0,Macrophage,1.064321,mIL4,0.9991411127631022,Mouse
12,-13.2483,Macrophage,0.02224945,mIL4,0.002008087718669771,Mouse
13,-12.7712,Macrophage,0.02350261,mIL4,0.005999921530357079,Mouse
14,-12.2941,Macrophage,0.02579612,mIL4,0.01778589800197225,Mouse
15,-11.817,Macrophage,0.07823957,mIL4,0.05152600837855128,Mouse
16,-11.3398,Macrophage,0.2869139,mIL4,0.1401846970921306,Mouse
17,-10.8627,Macrophage,0.6711484,mIL4,0.32859612599833454,Mouse
18,-10.3856,Macrophage,0.8541094,mIL4,0.5953146339419046,Mouse
19,-9.90849,Macrophage,0.9412747,mIL4,0.8161477019045166,Mouse
20,-9.43136,Macrophage,0.9910463,mIL4,0.9313094425774026,Mouse
21,-8.95424,Macrophage,1.093344,mIL4,0.9772704150198661,Mouse
22,-8.47712,Macrophage,1.091228,mIL4,0.993605411634461,Mouse
23,-8.0,Macrophage,1.085742,mIL4,0.9991411127631022,Mouse
24,-13.2483,Macrophage,0.00497105,mIL4,0.002008087718669771,Mouse
25,-12.7712,Macrophage,0.00811658,mIL4,0.005999921530357079,Mouse
26,-12.2941,Macrophage,0.02711143,mIL4,0.01778589800197225,Mouse
27,-11.817,Macrophage,0.06493261,mIL4,0.05152600837855128,Mouse
28,-11.3398,Macrophage,0.3184188,mIL4,0.1401846970921306,Mouse
29,-10.8627,Macrophage,0.6758852000000001,mIL4,0.32859612599833454,Mouse
30,-10.3856,Macrophage,0.9710496000000001,mIL4,0.5953146339419046,Mouse
31,-9.90849,Macrophage,1.0074379999999998,mIL4,0.8161477019045166,Mouse
32,-9.43136,Macrophage,0.9685781,mIL4,0.9313094425774026,Mouse
33,-8.95424,Macrophage,1.1097709999999998,mIL4,0.9772704150198661,Mouse
34,-8.47712,Macrophage,0.9728283000000001,mIL4,0.993605411634461,Mouse
35,-8.0,Macrophage,1.079196,mIL4,0.9991411127631022,Mouse
36,-13.2483,Macrophage,0.0023310600000000002,mIL4,0.002008087718669771,Mouse
37,-12.7712,Macrophage,0.16473749999999998,mIL4,0.005999921530357079,Mouse
38,-12.2941,Macrophage,0.010335289999999999,mIL4,0.01778589800197225,Mouse
39,-11.817,Macrophage,0.04516074,mIL4,0.05152600837855128,Mouse
40,-11.3398,Macrophage,0.2768155,mIL4,0.1401846970921306,Mouse
41,-10.8627,Macrophage,0.6747244000000001,mIL4,0.32859612599833454,Mouse
42,-10.3856,Macrophage,0.9421969,mIL4,0.5953146339419046,Mouse
43,-9.90849,Macrophage,0.9083450999999999,mIL4,0.8161477019045166,Mouse
44,-9.43136,Macrophage,1.113731,mIL4,0.9313094425774026,Mouse
45,-8.95424,Macrophage,1.042114,mIL4,0.9772704150198661,Mouse
46,-8.47712,Macrophage,1.0061,mIL4,0.993605411634461,Mouse
47,-8.0,Macrophage,1.088773,mIL4,0.9991411127631022,Mouse
48,-13.75133342,Macrophage,0.0,mIL4,0.0006314612619066823,Mouse
49,-12.90623538,Macrophage,0.0,mIL4,0.004403578052525037,Mouse
50,-12.06113734,Macrophage,0.00942363928,mIL4,0.03003311371469228,Mouse
51,-11.2160393,Macrophage,0.2875483445,mIL4,0.1781869331011486,Mouse
52,-10.37094126,Macrophage,0.9373549665,mIL4,0.6034435517122785,Mouse
53,-9.525843224,Macrophage,1.04132629,mIL4,0.9156105160463007,Mouse
54,-8.680745184,Macrophage,0.9971795113999999,mIL4,0.9886658370288053,Mouse
55,-7.835647144,Macrophage,0.8860201868,mIL4,1.0,Mouse
56,-13.75133342,Macrophage,0.0,mIL4,0.0006314612619066823,Mouse
57,-12.90623538,Macrophage,0.0,mIL4,0.004403578052525037,Mouse
58,-12.06113734,Macrophage,0.0,mIL4,0.03003311371469228,Mouse
59,-11.2160393,Macrophage,0.2960381096,mIL4,0.1781869331011486,Mouse
60,-10.37094126,Macrophage,0.9550136779999999,mIL4,0.6034435517122785,Mouse
61,-9.525843224,Macrophage,1.0228752,mIL4,0.9156105160463007,Mouse
62,-8.680745184,Macrophage,1.17144609,mIL4,0.9886658370288053,Mouse
63,-7.835647144,Macrophage,0.8811527214,mIL4,1.0,Mouse
0,-10.0722,Macrophage,0.013288,mNeo4,0.004500456448326496,Mouse
1,-9.59512,Macrophage,0.026840000000000003,mNeo4,0.013338411871767562,Mouse
2,-9.118,Macrophage,0.06515,mNeo4,0.038627270063203344,Mouse
3,-8.64088,Macrophage,0.20989999999999998,mNeo4,0.10496028648889119,Mouse
4,-8.16376,Macrophage,0.50127,mNeo4,0.2454734679542428,Mouse
5,-7.68664,Macrophage,0.8765900000000001,mNeo4,0.4432640193248798,Mouse
6,-7.20952,Macrophage,1.059839,mNeo4,0.6059021655702556,Mouse
7,-6.73239,Macrophage,0.8553507,mNeo4,0.6898133349047306,Mouse
8,-6.25527,Macrophage,1.17122,mNeo4,0.7214874833126071,Mouse
9,-5.77815,Macrophage,1.0204241,mNeo4,0.7274626087914666,Mouse
10,-5.30103,Macrophage,1.090459,mNeo4,0.7141211063253479,Mouse
11,-4.82391,Macrophage,1.14652,mNeo4,0.6679146962414753,Mouse
12,-10.0722,Macrophage,0.01992,mNeo4,0.004500456448326496,Mouse
13,-9.59512,Macrophage,0.022719999999999997,mNeo4,0.013338411871767562,Mouse
14,-9.118,Macrophage,0.056749999999999995,mNeo4,0.038627270063203344,Mouse
15,-8.64088,Macrophage,0.15539999999999998,mNeo4,0.10496028648889119,Mouse
16,-8.16376,Macrophage,0.43012,mNeo4,0.2454734679542428,Mouse
17,-7.68664,Macrophage,0.6523,mNeo4,0.4432640193248798,Mouse
18,-7.20952,Macrophage,0.6457305999999999,mNeo4,0.6059021655702556,Mouse
19,-6.73239,Macrophage,0.8869499999999999,mNeo4,0.6898133349047306,Mouse
20,-6.25527,Macrophage,0.77837,mNeo4,0.7214874833126071,Mouse
21,-5.77815,Macrophage,0.7920699999999999,mNeo4,0.7274626087914666,Mouse
22,-5.30103,Macrophage,0.900239,mNeo4,0.7141211063253479,Mouse
23,-4.82391,Macrophage,1.09834,mNeo4,0.6679146962414753,Mouse
24,-10.0722,Macrophage,0.005850999999999999,mNeo4,0.004500456448326496,Mouse
25,-9.59512,Macrophage,0.022959999999999998,mNeo4,0.013338411871767562,Mouse
26,-9.118,Macrophage,0.23998666,mNeo4,0.038627270063203344,Mouse
27,-8.64088,Macrophage,0.24709,mNeo4,0.10496028648889119,Mouse
28,-8.16376,Macrophage,0.59167,mNeo4,0.2454734679542428,Mouse
29,-7.68664,Macrophage,1.0361799999999999,mNeo4,0.4432640193248798,Mouse
30,-7.20952,Macrophage,1.27934,mNeo4,0.6059021655702556,Mouse
31,-6.73239,Macrophage,1.237239,mNeo4,0.6898133349047306,Mouse
32,-6.25527,Macrophage,1.25977,mNeo4,0.7214874833126071,Mouse
33,-5.77815,Macrophage,1.1225589999999999,mNeo4,0.7274626087914666,Mouse
34,-5.30103,Macrophage,1.09315,mNeo4,0.7141211063253479,Mouse
35,-4.82391,Macrophage,1.2841322,mNeo4,0.6679146962414753,Mouse
36,-10.0722,Macrophage,0.0042970000000000005,mNeo4,0.004500456448326496,Mouse
37,-9.59512,Macrophage,0.009371,mNeo4,0.013338411871767562,Mouse
38,-9.118,Macrophage,0.04555,mNeo4,0.038627270063203344,Mouse
39,-8.64088,Macrophage,0.16261,mNeo4,0.10496028648889119,Mouse
40,-8.16376,Macrophage,0.450362,mNeo4,0.2454734679542428,Mouse
41,-7.68664,Macrophage,0.7182559999999999,mNeo4,0.4432640193248798,Mouse
42,-7.20952,Macrophage,0.74405,mNeo4,0.6059021655702556,Mouse
43,-6.73239,Macrophage,0.80062,mNeo4,0.6898133349047306,Mouse
44,-6.25527,Macrophage,0.8272499999999999,mNeo4,0.7214874833126071,Mouse
45,-5.77815,Macrophage,0.8650199999999999,mNeo4,0.7274626087914666,Mouse
46,-4.82391,Macrophage,0.913025,mNeo4,0.6679146962414753,Mouse
47,-11.21671628,Macrophage,0.0,mNeo4,0.00032448219370024374,Mouse
48,-10.37161824,Macrophage,0.0,mNeo4,0.0022654350761381176,Mouse
49,-9.526520196,Macrophage,0.0,mNeo4,0.015572951792666974,Mouse
50,-8.681422156,Macrophage,0.1286765399,mNeo4,0.09682546889888033,Mouse
51,-7.836324116,Macrophage,0.7075087256,mNeo4,0.38023143639109186,Mouse
52,-6.991226076,Macrophage,1.3046788040000001,mNeo4,0.6531113966584149,Mouse
53,-6.146128036,Macrophage,1.127299311,mNeo4,0.7245723223465402,Mouse
54,-5.301029996,Macrophage,1.267097444,mNeo4,0.7141211061093407,Mouse
55,-11.21671628,Macrophage,0.0,mNeo4,0.00032448219370024374,Mouse
56,-10.37161824,Macrophage,0.0,mNeo4,0.0022654350761381176,Mouse
57,-9.526520196,Macrophage,0.0,mNeo4,0.015572951792666974,Mouse
58,-8.681422156,Macrophage,0.1198471842,mNeo4,0.09682546889888033,Mouse
59,-7.836324116,Macrophage,0.7047354023,mNeo4,0.38023143639109186,Mouse
60,-6.991226076,Macrophage,1.056268277,mNeo4,0.6531113966584149,Mouse
61,-6.146128036,Macrophage,1.209593435,mNeo4,0.7245723223465402,Mouse
62,-5.301029996,Macrophage,1.237666258,mNeo4,0.7141211061093407,Mouse
0,-13.0206,A549,0.0,hIL4,0.0037214115523667465,Human
1,-12.4185,A549,0.0,hIL4,0.01472428522540464,Human
2,-11.8165,A549,0.00155518,hIL4,0.05642247981666394,Human
3,-11.2144,A549,0.1319957,hIL4,0.19331721888804745,Human
4,-10.6124,A549,0.4892977,hIL4,0.4912207335839544,Human
5,-10.0103,A549,0.9598362,hIL4,0.7991254290465614,Human
6,-9.40824,A549,1.137807,hIL4,0.9473593355891987,Human
7,-8.80618,A549,1.027972,hIL4,0.9923725375089865,Human
8,-8.20412,A549,1.0266119999999999,hIL4,1.0,Human
9,-7.60206,A549,0.982289,hIL4,0.9850167128583702,Human
10,-7.0,A549,0.9021002,hIL4,0.9195362846624326,Human
11,-13.0206,A549,0.0,hIL4,0.0037214115523667465,Human
12,-12.4185,A549,0.0,hIL4,0.01472428522540464,Human
13,-11.8165,A549,0.015260180000000002,hIL4,0.05642247981666394,Human
14,-11.2144,A549,0.1521158,hIL4,0.19331721888804745,Human
15,-10.6124,A549,0.5382858,hIL4,0.4912207335839544,Human
16,-10.0103,A549,0.9149303999999999,hIL4,0.7991254290465614,Human
17,-9.40824,A549,1.110591,hIL4,0.9473593355891987,Human
18,-8.80618,A549,0.9725691999999999,hIL4,0.9923725375089865,Human
19,-8.20412,A549,0.9547817999999999,hIL4,1.0,Human
20,-7.60206,A549,0.8057764000000001,hIL4,0.9850167128583702,Human
21,-13.0206,A549,0.0,hIL4,0.0037214115523667465,Human
22,-12.4185,A549,0.0,hIL4,0.01472428522540464,Human
23,-11.8165,A549,0.04267018,hIL4,0.05642247981666394,Human
24,-11.2144,A549,0.15940569999999998,hIL4,0.19331721888804745,Human
25,-10.6124,A549,0.5058215,hIL4,0.4912207335839544,Human
26,-10.0103,A549,0.8025688,hIL4,0.7991254290465614,Human
27,-9.40824,A549,1.132364,hIL4,0.9473593355891987,Human
28,-8.80618,A549,1.021266,hIL4,0.9923725375089865,Human
29,-8.20412,A549,1.0526609999999998,hIL4,1.0,Human
30,-7.60206,A549,0.9324261,hIL4,0.9850167128583702,Human
31,-7.0,A549,0.9407852,hIL4,0.9195362846624326,Human
32,-13.3216,A549,0.09737391000000001,hIL4,0.0018642676067019892,Human
33,-12.4185,A549,0.054489869999999996,hIL4,0.01472428522540464,Human
34,-11.5154,A549,0.056255639999999996,hIL4,0.10689149861019345,Human
35,-10.6124,A549,0.2379041,hIL4,0.4912207335839544,Human
36,-9.70927,A549,0.7982358,hIL4,0.8922692626139319,Human
37,-8.80618,A549,0.925301,hIL4,0.9923725375089865,Human
38,-7.90309,A549,0.8975622,hIL4,0.9959667694681384,Human
39,-7.0,A549,0.9445378,hIL4,0.9195362846624326,Human
40,-13.3216,A549,0.08113974,hIL4,0.0018642676067019892,Human
41,-12.4185,A549,0.04457979,hIL4,0.01472428522540464,Human
42,-11.5154,A549,0.05557111,hIL4,0.10689149861019345,Human
43,-10.6124,A549,0.2346604,hIL4,0.4912207335839544,Human
44,-9.70927,A549,0.8406375,hIL4,0.8922692626139319,Human
45,-8.80618,A549,0.9849403999999999,hIL4,0.9923725375089865,Human
46,-7.90309,A549,0.9447867,hIL4,0.9959667694681384,Human
47,-7.0,A549,1.039998,hIL4,0.9195362846624326,Human
48,-13.3216,A549,0.1056038,hIL4,0.0018642676067019892,Human
49,-12.4185,A549,0.06350539999999999,hIL4,0.01472428522540464,Human
50,-11.5154,A549,0.08188648999999999,hIL4,0.10689149861019345,Human
51,-10.6124,A549,0.2769999,hIL4,0.4912207335839544,Human
52,-9.70927,A549,0.9552646,hIL4,0.8922692626139319,Human
53,-8.80618,A549,1.112449,hIL4,0.9923725375089865,Human
54,-7.90309,A549,1.014531,hIL4,0.9959667694681384,Human
55,-7.0,A549,1.158585,hIL4,0.9195362846624326,Human
56,-12.0,A549,0.03200822896,hIL4,0.03770439985964761,Human
57,-11.0,A549,0.04513825861,hIL4,0.2822419019532946,Human
58,-10.0,A549,0.19362255699999997,hIL4,0.8030564172667519,Human
59,-9.0,A549,0.7965753010000001,hIL4,0.983933002030897,Human
60,-8.0,A549,1.0350940880000001,hIL4,0.997881093906301,Human
61,-7.0,A549,0.9629091789,hIL4,0.9195362846624326,Human
62,-12.0,A549,0.05439583712,hIL4,0.03770439985964761,Human
63,-11.0,A549,0.04598535729,hIL4,0.2822419019532946,Human
64,-10.0,A549,0.17383675199999998,hIL4,0.8030564172667519,Human
65,-9.0,A549,0.7652326496,hIL4,0.983933002030897,Human
66,-8.0,A549,1.011798875,hIL4,0.997881093906301,Human
67,-7.0,A549,0.9465722757,hIL4,0.9195362846624326,Human
68,-12.0,A549,0.051430991710000006,hIL4,0.03770439985964761,Human
69,-11.0,A549,0.038179947959999995,hIL4,0.2822419019532946,Human
70,-10.0,A549,0.1817026684,hIL4,0.8030564172667519,Human
71,-9.0,A549,0.7950021177000001,hIL4,0.983933002030897,Human
72,-8.0,A549,1.037816906,hIL4,0.997881093906301,Human
73,-7.0,A549,1.005808677,hIL4,0.9195362846624326,Human
74,-13.44705875,A549,0.0,hIL4,0.0013971743994337456,Human
75,-12.6689075,A549,0.0,hIL4,0.008325477600409676,Human
76,-11.89075625,A549,0.0,hIL4,0.047976070347391986,Human
77,-11.112605,A549,0.0,hIL4,0.23262233863387055,Human
78,-10.33445375,A549,0.1271198724,hIL4,0.6487757572637155,Human
79,-9.556302501,A549,0.4754312219,hIL4,0.9242065285150695,Human
80,-8.77815125,A549,1.238730251,hIL4,0.9932791347724661,Human
81,-8.0,A549,0.7612697491999999,hIL4,0.997881093906301,Human
82,-13.44705875,A549,0.00207492795,hIL4,0.0013971743994337456,Human
83,-12.6689075,A549,0.0,hIL4,0.008325477600409676,Human
84,-11.89075625,A549,0.0,hIL4,0.047976070347391986,Human
85,-11.112605,A549,0.005072046110000001,hIL4,0.23262233863387055,Human
86,-10.33445375,A549,0.3156195965,hIL4,0.6487757572637155,Human
87,-9.556302501,A549,0.7387896254,hIL4,0.9242065285150695,Human
88,-8.77815125,A549,0.904092219,hIL4,0.9932791347724661,Human
89,-8.0,A549,0.9572334294,hIL4,0.997881093906301,Human
90,-13.44705875,A549,0.0,hIL4,0.0013971743994337456,Human
91,-12.6689075,A549,0.0,hIL4,0.008325477600409676,Human
92,-11.89075625,A549,0.0,hIL4,0.047976070347391986,Human
93,-11.112605,A549,0.0,hIL4,0.23262233863387055,Human
94,-10.33445375,A549,0.3012103746,hIL4,0.6487757572637155,Human
95,-9.556302501,A549,0.6901440922000001,hIL4,0.9242065285150695,Human
96,-8.77815125,A549,0.928184438,hIL4,0.9932791347724661,Human
97,-8.0,A549,1.210489914,hIL4,0.997881093906301,Human
0,-13.0206,A549,0.0,hNeo4,1.4156542389601928e-06,Human
1,-12.4185,A549,0.0,hNeo4,5.659689552672091e-06,Human
2,-11.8165,A549,0.0,hNeo4,2.2580632866624212e-05,Human
3,-11.2144,A549,0.0,hNeo4,8.946124106884367e-05,Human
4,-10.6124,A549,0.0,hNeo4,0.0003445312321054821,Human
5,-10.0103,A549,0.0,hNeo4,0.001200239276256216,Human
6,-9.40824,A549,0.0,hNeo4,0.0031655691177940705,Human
7,-8.80618,A549,0.0,hNeo4,0.005359571499597171,Human
8,-8.20412,A549,0.0,hNeo4,0.006482832497131249,Human
9,-7.60206,A549,0.0,hNeo4,0.006841150893557865,Human
10,-7.0,A549,0.0,hNeo4,0.006936466647694117,Human
11,-13.0206,A549,0.0,hNeo4,1.4156542389601928e-06,Human
12,-12.4185,A549,0.0,hNeo4,5.659689552672091e-06,Human
13,-11.8165,A549,0.0,hNeo4,2.2580632866624212e-05,Human
14,-11.2144,A549,0.0,hNeo4,8.946124106884367e-05,Human
15,-10.6124,A549,0.0,hNeo4,0.0003445312321054821,Human
16,-10.0103,A549,0.0,hNeo4,0.001200239276256216,Human
17,-9.40824,A549,0.0,hNeo4,0.0031655691177940705,Human
18,-8.80618,A549,0.0,hNeo4,0.005359571499597171,Human
19,-8.20412,A549,0.0,hNeo4,0.006482832497131249,Human
20,-7.60206,A549,0.0,hNeo4,0.006841150893557865,Human
21,-7.0,A549,0.0,hNeo4,0.006936466647694117,Human
22,-13.0206,A549,0.0,hNeo4,1.4156542389601928e-06,Human
23,-12.4185,A549,0.0,hNeo4,5.659689552672091e-06,Human
24,-11.8165,A549,0.0,hNeo4,2.2580632866624212e-05,Human
25,-11.2144,A549,0.0,hNeo4,8.946124106884367e-05,Human
26,-10.6124,A549,0.0,hNeo4,0.0003445312321054821,Human
27,-10.0103,A549,0.0,hNeo4,0.001200239276256216,Human
28,-9.40824,A549,0.0,hNeo4,0.0031655691177940705,Human
29,-8.80618,A549,0.0205089,hNeo4,0.005359571499597171,Human
30,-8.20412,A549,0.0,hNeo4,0.006482832497131249,Human
31,-7.60206,A549,0.0,hNeo4,0.006841150893557865,Human
32,-7.0,A549,0.0,hNeo4,0.006936466647694117,Human
33,-11.5154,A549,0.06455552,hNeo4,4.5022635350465534e-05,Human
34,-10.6124,A549,0.07210865,hNeo4,0.0003445312321054821,Human
35,-9.70927,A549,0.05599894,hNeo4,0.0020478303863239954,Human
36,-8.80618,A549,0.057064630000000005,hNeo4,0.005359571499597171,Human
37,-7.90309,A549,0.04794798,hNeo4,0.0067174349307450405,Human
38,-7.0,A549,0.00889885,hNeo4,0.006936466647694117,Human
39,-6.09691,A549,0.040799339999999996,hNeo4,0.006959527107854899,Human
40,-11.5154,A549,0.06062728,hNeo4,4.5022635350465534e-05,Human
41,-10.6124,A549,0.0617863,hNeo4,0.0003445312321054821,Human
42,-9.70927,A549,0.117443,hNeo4,0.0020478303863239954,Human
43,-8.80618,A549,0.04510097,hNeo4,0.005359571499597171,Human
44,-7.90309,A549,0.03689443,hNeo4,0.0067174349307450405,Human
45,-7.0,A549,0.015012909999999999,hNeo4,0.006936466647694117,Human
46,-6.09691,A549,0.031495999999999996,hNeo4,0.006959527107854899,Human
47,-11.5154,A549,0.00952892,hNeo4,4.5022635350465534e-05,Human
48,-10.6124,A549,0.05918043,hNeo4,0.0003445312321054821,Human
49,-9.70927,A549,0.08877843,hNeo4,0.0020478303863239954,Human
50,-8.80618,A549,0.0,hNeo4,0.005359571499597171,Human
51,-7.90309,A549,0.01464731,hNeo4,0.0067174349307450405,Human
52,-7.0,A549,0.01022123,hNeo4,0.006936466647694117,Human
53,-6.09691,A549,0.03010361,hNeo4,0.006959527107854899,Human
54,-11.44705875,A549,0.0,hNeo4,5.263738826932447e-05,Human
55,-10.6689075,A549,0.0,hNeo4,0.00030433241824446986,Human
56,-9.890756252,A549,0.0,hNeo4,0.0014987779393005995,Human
57,-9.112605002,A549,0.0,hNeo4,0.004333407525042443,Human
58,-8.334453751,A549,0.0,hNeo4,0.00632811063995864,Human
59,-7.556302501,A549,0.02840325782,hNeo4,0.0068537621427250724,Human
60,-6.77815125,A549,0.0,hNeo4,0.006948940026337204,Human
61,-6.0,A549,0.01635753884,hNeo4,0.006958797801908557,Human
62,-11.44705875,A549,0.02276124665,hNeo4,5.263738826932447e-05,Human
63,-10.6689075,A549,0.02727400931,hNeo4,0.00030433241824446986,Human
64,-9.890756252,A549,0.04690452687,hNeo4,0.0014987779393005995,Human
65,-9.112605002,A549,0.0,hNeo4,0.004333407525042443,Human
66,-8.334453751,A549,0.0,hNeo4,0.00632811063995864,Human
67,-7.556302501,A549,0.08436045692000001,hNeo4,0.0068537621427250724,Human
68,-6.77815125,A549,0.04351995487,hNeo4,0.006948940026337204,Human
69,-6.0,A549,0.07285291214,hNeo4,0.006958797801908557,Human
70,-11.44705875,A549,0.02580736144,hNeo4,5.263738826932447e-05,Human
71,-10.6689075,A549,0.01328444507,hNeo4,0.00030433241824446986,Human
72,-9.890756252,A549,0.044535326470000004,hNeo4,0.0014987779393005995,Human
73,-9.112605002,A549,0.0,hNeo4,0.004333407525042443,Human
74,-8.334453751,A549,0.0,hNeo4,0.00632811063995864,Human
75,-7.556302501,A549,0.07082216895,hNeo4,0.0068537621427250724,Human
76,-6.77815125,A549,0.03528416302,hNeo4,0.006948940026337204,Human
77,-6.0,A549,0.06608376816,hNeo4,0.006958797801908557,Human
0,-13.3216,A549,0.1044759,hIL13,0.00014122188400917407,Human
1,-12.4185,A549,0.054466539999999994,hIL13,0.0011286997322991026,Human
2,-11.5154,A549,0.09437910000000001,hIL13,0.008959927458329197,Human
3,-10.6124,A549,0.0712141,hIL13,0.06748737754664058,Human
4,-9.70927,A549,0.21739940000000002,hIL13,0.3681994523072681,Human
5,-8.80618,A549,0.7744485,hIL13,0.8300839538264569,Human
6,-7.90309,A549,0.9607796999999999,hIL13,0.974267809676275,Human
7,-7.0,A549,0.9497495,hIL13,0.9182246770961635,Human
8,-13.3216,A549,0.09122095,hIL13,0.00014122188400917407,Human
9,-12.4185,A549,0.055843369999999996,hIL13,0.0011286997322991026,Human
10,-11.5154,A549,0.09230997,hIL13,0.008959927458329197,Human
11,-10.6124,A549,0.06809484,hIL13,0.06748737754664058,Human
12,-9.70927,A549,0.20510130000000001,hIL13,0.3681994523072681,Human
13,-8.80618,A549,0.7425168999999999,hIL13,0.8300839538264569,Human
14,-7.90309,A549,0.9749137,hIL13,0.974267809676275,Human
15,-7.0,A549,0.9813388999999999,hIL13,0.9182246770961635,Human
16,-13.3216,A549,0.08286661000000001,hIL13,0.00014122188400917407,Human
17,-12.4185,A549,0.07550795,hIL13,0.0011286997322991026,Human
18,-11.5154,A549,0.091641,hIL13,0.008959927458329197,Human
19,-10.6124,A549,0.07155636,hIL13,0.06748737754664058,Human
20,-9.70927,A549,0.2313778,hIL13,0.3681994523072681,Human
21,-8.80618,A549,0.7831762000000001,hIL13,0.8300839538264569,Human
22,-7.90309,A549,0.9690641,hIL13,0.974267809676275,Human
23,-7.0,A549,0.9637979,hIL13,0.9182246770961635,Human
24,-12.0,A549,0.0942094754,hIL13,0.0029532125637790696,Human
25,-11.0,A549,0.0811399528,hIL13,0.02877713804271379,Human
26,-10.0,A549,0.1131481818,hIL13,0.22917666439417442,Human
27,-9.0,A549,0.6076117868,hIL13,0.7543250081099162,Human
28,-8.0,A549,0.9403400496000001,hIL13,0.9702152762354398,Human
29,-7.0,A549,0.896411932,hIL13,0.9182246770961635,Human
30,-12.0,A549,0.09783989835,hIL13,0.0029532125637790696,Human
31,-11.0,A549,0.07938524838,hIL13,0.02877713804271379,Human
32,-10.0,A549,0.11689961880000001,hIL13,0.22917666439417442,Human
33,-9.0,A549,0.6131179282,hIL13,0.7543250081099162,Human
34,-8.0,A549,0.9459066980999999,hIL13,0.9702152762354398,Human
35,-7.0,A549,0.900102862,hIL13,0.9182246770961635,Human
36,-12.0,A549,0.08132147395,hIL13,0.0029532125637790696,Human
37,-11.0,A549,0.07266896593,hIL13,0.02877713804271379,Human
38,-10.0,A549,0.10425364549999999,hIL13,0.22917666439417442,Human
39,-9.0,A549,0.5892781509,hIL13,0.7543250081099162,Human
40,-8.0,A549,0.8670055060999999,hIL13,0.9702152762354398,Human
41,-7.0,A549,0.8390512495,hIL13,0.9182246770961635,Human
42,-12.44705875,A549,0.05304222846,hIL13,0.001056940323846906,Human
43,-11.6689075,A549,0.0,hIL13,0.006308732994774086,Human
44,-10.89075625,A549,0.0029429881600000003,hIL13,0.03670939814352194,Human
45,-10.112605,A549,0.0,hIL13,0.18646975316471687,Human
46,-9.334453751,A549,0.07165833961,hIL13,0.5824768230162382,Human
47,-8.556302501,A549,0.4271439327,hIL13,0.8997982820568632,Human
48,-7.77815125,A549,0.6053658203,hIL13,0.9767837411316478,Human
49,-7.0,A549,0.7274656081,hIL13,0.9182246770961635,Human
50,-12.44705875,A549,0.06845296854999999,hIL13,0.001056940323846906,Human
51,-11.6689075,A549,0.02569454238,hIL13,0.006308732994774086,Human
52,-10.89075625,A549,0.05356085178,hIL13,0.03670939814352194,Human
53,-10.112605,A549,0.02152023692,hIL13,0.18646975316471687,Human
54,-9.334453751,A549,0.1747285291,hIL13,0.5824768230162382,Human
55,-8.556302501,A549,0.6134818784,hIL13,0.8997982820568632,Human
56,-7.77815125,A549,0.8881963052,hIL13,0.9767837411316478,Human
57,-7.0,A549,0.9902975603,hIL13,0.9182246770961635,Human
58,-12.44705875,A549,0.0753349316,hIL13,0.001056940323846906,Human
59,-11.6689075,A549,0.0135100832,hIL13,0.006308732994774086,Human
60,-10.89075625,A549,0.06202228177,hIL13,0.03670939814352194,Human
61,-10.112605,A549,0.0155408264,hIL13,0.18646975316471687,Human
62,-9.334453751,A549,0.1787900155,hIL13,0.5824768230162382,Human
63,-8.556302501,A549,0.6466506839999999,hIL13,0.8997982820568632,Human
64,-7.77815125,A549,0.8150895501,hIL13,0.9767837411316478,Human
65,-7.0,A549,0.9928923988,hIL13,0.9182246770961635,Human
0,-12.0206,3T3,0.0,mIL4,0.032834279891889626,Mouse
1,-11.4185,3T3,0.0,mIL4,0.11957799895007334,Mouse
2,-10.8165,3T3,0.0,mIL4,0.3520671762402548,Mouse
3,-10.2144,3T3,0.0,mIL4,0.6851770910964403,Mouse
4,-9.61236,3T3,0.4560572,mIL4,0.8974222346889423,Mouse
5,-9.0103,3T3,0.8527937,mIL4,0.972755709041141,Mouse
6,-8.40824,3T3,0.9904246999999999,mIL4,0.9935939885469438,Mouse
7,-7.80618,3T3,1.10352,mIL4,0.9988886529782757,Mouse
8,-7.20412,3T3,1.002542,mIL4,1.0,Mouse
9,-6.60206,3T3,1.01487,mIL4,0.9993941243683483,Mouse
10,-6.0,3T3,0.9126869999999999,mIL4,0.9957231176075357,Mouse
11,-12.0206,3T3,0.0,mIL4,0.032834279891889626,Mouse
12,-11.4185,3T3,0.0,mIL4,0.11957799895007334,Mouse
13,-10.8165,3T3,0.0,mIL4,0.3520671762402548,Mouse
14,-10.2144,3T3,0.0,mIL4,0.6851770910964403,Mouse
15,-9.61236,3T3,0.4698022,mIL4,0.8974222346889423,Mouse
16,-9.0103,3T3,0.822621,mIL4,0.972755709041141,Mouse
17,-8.40824,3T3,0.9818944000000001,mIL4,0.9935939885469438,Mouse
18,-7.80618,3T3,1.071177,mIL4,0.9988886529782757,Mouse
19,-7.20412,3T3,1.0215319999999999,mIL4,1.0,Mouse
20,-6.60206,3T3,1.022768,mIL4,0.9993941243683483,Mouse
21,-6.0,3T3,0.9070503,mIL4,0.9957231176075357,Mouse
22,-12.0206,3T3,0.0,mIL4,0.032834279891889626,Mouse
23,-11.4185,3T3,0.0,mIL4,0.11957799895007334,Mouse
24,-10.8165,3T3,0.0,mIL4,0.3520671762402548,Mouse
25,-10.2144,3T3,0.0,mIL4,0.6851770910964403,Mouse
26,-9.61236,3T3,0.44592919999999997,mIL4,0.8974222346889423,Mouse
27,-9.0103,3T3,0.8428165,mIL4,0.972755709041141,Mouse
28,-8.40824,3T3,0.9311343,mIL4,0.9935939885469438,Mouse
29,-7.80618,3T3,1.033137,mIL4,0.9988886529782757,Mouse
30,-7.20412,3T3,1.006792,mIL4,1.0,Mouse
31,-6.60206,3T3,1.027922,mIL4,0.9993941243683483,Mouse
32,-6.0,3T3,0.8760035,mIL4,0.9957231176075357,Mouse
0,-11.4466,3T3,0.0,mNeo4,9.009675114966081e-05,Mouse
1,-10.8445,3T3,0.0,mNeo4,0.0003601420148761385,Mouse
2,-10.2424,3T3,0.0,mNeo4,0.0014362660220123829,Mouse
3,-9.64039,3T3,0.0,mNeo4,0.0056745462057463635,Mouse
4,-9.03833,3T3,0.0,mNeo4,0.021645243327010396,Mouse
5,-8.43627,3T3,0.0,mNeo4,0.07302961269048437,Mouse
6,-7.83421,3T3,0.0,mNeo4,0.17964050069930876,Mouse
7,-7.23215,3T3,0.0,mNeo4,0.28281220390860773,Mouse
8,-6.63009,3T3,0.0,mNeo4,0.3298593648703085,Mouse
9,-6.02803,3T3,0.0,mNeo4,0.3425845140686504,Mouse
10,-5.42597,3T3,0.0,mNeo4,0.33959741756945094,Mouse
11,-4.82391,3T3,0.0144415961200669,mNeo4,0.31591867451873495,Mouse
12,-11.4466,3T3,0.0,mNeo4,9.009675114966081e-05,Mouse
13,-10.8445,3T3,0.0,mNeo4,0.0003601420148761385,Mouse
14,-10.2424,3T3,0.0,mNeo4,0.0014362660220123829,Mouse
15,-9.64039,3T3,0.0,mNeo4,0.0056745462057463635,Mouse
16,-9.03833,3T3,0.0,mNeo4,0.021645243327010396,Mouse
17,-8.43627,3T3,0.0,mNeo4,0.07302961269048437,Mouse
18,-7.83421,3T3,0.0,mNeo4,0.17964050069930876,Mouse
19,-7.23215,3T3,0.0,mNeo4,0.28281220390860773,Mouse
20,-6.63009,3T3,0.0,mNeo4,0.3298593648703085,Mouse
21,-6.02803,3T3,0.0,mNeo4,0.3425845140686504,Mouse
22,-5.42597,3T3,0.0,mNeo4,0.33959741756945094,Mouse
23,-4.82391,3T3,0.012800097503207321,mNeo4,0.31591867451873495,Mouse
24,-11.4466,3T3,0.0,mNeo4,9.009675114966081e-05,Mouse
25,-10.8445,3T3,0.0,mNeo4,0.0003601420148761385,Mouse
26,-10.2424,3T3,0.0,mNeo4,0.0014362660220123829,Mouse
27,-9.64039,3T3,0.0,mNeo4,0.0056745462057463635,Mouse
28,-9.03833,3T3,0.0,mNeo4,0.021645243327010396,Mouse
29,-8.43627,3T3,0.0,mNeo4,0.07302961269048437,Mouse
30,-7.83421,3T3,0.0,mNeo4,0.17964050069930876,Mouse
31,-7.23215,3T3,0.0,mNeo4,0.28281220390860773,Mouse
32,-6.63009,3T3,0.0,mNeo4,0.3298593648703085,Mouse
33,-6.02803,3T3,0.0,mNeo4,0.3425845140686504,Mouse
34,-5.42597,3T3,0.0,mNeo4,0.33959741756945094,Mouse
35,-4.82391,3T3,0.0,mNeo4,0.31591867451873495,Mouse
0,-11.51544993,Fibroblast,0.00903132812,hNeo4,0.0006320144117227142,Human
1,-10.61235995,Fibroblast,0.0,hNeo4,0.004837403699192004,Human
2,-9.709269961,Fibroblast,0.0,hNeo4,0.02875011647455994,Human
3,-8.806179974,Fibroblast,0.00200445936,hNeo4,0.07524463445052061,Human
4,-7.903089987,Fibroblast,0.00490979933,hNeo4,0.09430806010798833,Human
5,-7.0,Fibroblast,0.0,hNeo4,0.09738299047142596,Human
6,-6.096910013,Fibroblast,0.0,hNeo4,0.09770578880216099,Human
7,-5.193820026,Fibroblast,0.0,hNeo4,0.09714419527770232,Human
8,-11.51544993,Fibroblast,0.00592329002,hNeo4,0.0006320144117227142,Human
9,-10.61235995,Fibroblast,0.01281502669,hNeo4,0.004837403699192004,Human
10,-9.709269961,Fibroblast,0.0,hNeo4,0.02875011647455994,Human
11,-8.806179974,Fibroblast,0.0008558365800000001,hNeo4,0.07524463445052061,Human
12,-7.903089987,Fibroblast,0.0,hNeo4,0.09430806010798833,Human
13,-7.0,Fibroblast,0.0,hNeo4,0.09738299047142596,Human
14,-6.096910013,Fibroblast,0.0,hNeo4,0.09770578880216099,Human
15,-5.193820026,Fibroblast,0.0,hNeo4,0.09714419527770232,Human
16,-11.51544993,Fibroblast,0.011125875540000002,hNeo4,0.0006320144117227142,Human
17,-10.61235995,Fibroblast,0.00213959145,hNeo4,0.004837403699192004,Human
18,-9.709269961,Fibroblast,0.0,hNeo4,0.02875011647455994,Human
19,-8.806179974,Fibroblast,0.010720479270000001,hNeo4,0.07524463445052061,Human
20,-7.903089987,Fibroblast,0.0006531384399999999,hNeo4,0.09430806010798833,Human
21,-7.0,Fibroblast,0.0,hNeo4,0.09738299047142596,Human
22,-6.096910013,Fibroblast,0.0,hNeo4,0.09770578880216099,Human
23,-5.193820026,Fibroblast,0.0,hNeo4,0.09714419527770232,Human
24,-11.51544993,Fibroblast,0.00270162517,hNeo4,0.0006320144117227142,Human
25,-10.61235995,Fibroblast,0.0,hNeo4,0.004837403699192004,Human
26,-9.709269961,Fibroblast,0.0,hNeo4,0.02875011647455994,Human
27,-8.806179974,Fibroblast,0.0,hNeo4,0.07524463445052061,Human
28,-7.903089987,Fibroblast,0.0,hNeo4,0.09430806010798833,Human
29,-7.0,Fibroblast,0.0,hNeo4,0.09738299047142596,Human
30,-6.096910013,Fibroblast,0.0,hNeo4,0.09770578880216099,Human
31,-5.193820026,Fibroblast,0.0,hNeo4,0.09714419527770232,Human
32,-11.51544993,Fibroblast,0.0,hNeo4,0.0006320144117227142,Human
33,-10.61235995,Fibroblast,0.0,hNeo4,0.004837403699192004,Human
34,-9.709269961,Fibroblast,0.0,hNeo4,0.02875011647455994,Human
35,-8.806179974,Fibroblast,0.0,hNeo4,0.07524463445052061,Human
36,-7.903089987,Fibroblast,0.0,hNeo4,0.09430806010798833,Human
37,-7.0,Fibroblast,0.0,hNeo4,0.09738299047142596,Human
38,-6.096910013,Fibroblast,0.0,hNeo4,0.09770578880216099,Human
39,-5.193820026,Fibroblast,0.0,hNeo4,0.09714419527770232,Human
40,-11.51544993,Fibroblast,0.00588062489,hNeo4,0.0006320144117227142,Human
41,-10.61235995,Fibroblast,0.0,hNeo4,0.004837403699192004,Human
42,-9.709269961,Fibroblast,0.0,hNeo4,0.02875011647455994,Human
43,-8.806179974,Fibroblast,0.0,hNeo4,0.07524463445052061,Human
44,-7.903089987,Fibroblast,0.0,hNeo4,0.09430806010798833,Human
45,-7.0,Fibroblast,0.0,hNeo4,0.09738299047142596,Human
46,-6.096910013,Fibroblast,0.0,hNeo4,0.09770578880216099,Human
47,-5.193820026,Fibroblast,0.0,hNeo4,0.09714419527770232,Human
48,-13.32162991,Fibroblast,0.0,hNeo4,9.938413672702406e-06,Human
49,-12.41853992,Fibroblast,0.0,hNeo4,7.945082302471765e-05,Human
50,-11.51544993,Fibroblast,0.010735090009999998,hNeo4,0.0006320144117227142,Human
51,-10.61235995,Fibroblast,0.012137914569999998,hNeo4,0.004837403699192004,Human
52,-9.709269961,Fibroblast,0.00730264696,hNeo4,0.02875011647455994,Human
53,-8.806179974,Fibroblast,0.06953433189,hNeo4,0.07524463445052061,Human
54,-7.903089987,Fibroblast,0.005601349100000001,hNeo4,0.09430806010798833,Human
55,-7.0,Fibroblast,0.00575058575,hNeo4,0.09738299047142596,Human
56,-13.32162991,Fibroblast,0.012645319189999999,hNeo4,9.938413672702406e-06,Human
57,-12.41853992,Fibroblast,0.010735090009999998,hNeo4,7.945082302471765e-05,Human
58,-11.51544993,Fibroblast,0.00381050925,hNeo4,0.0006320144117227142,Human
59,-10.61235995,Fibroblast,0.0,hNeo4,0.004837403699192004,Human
60,-9.709269961,Fibroblast,0.0,hNeo4,0.02875011647455994,Human
61,-8.806179974,Fibroblast,0.0,hNeo4,0.07524463445052061,Human
62,-7.903089987,Fibroblast,0.0,hNeo4,0.09430806010798833,Human
63,-7.0,Fibroblast,0.0,hNeo4,0.09738299047142596,Human
64,-13.32162991,Fibroblast,0.0,hNeo4,9.938413672702406e-06,Human
65,-12.41853992,Fibroblast,0.00136302811,hNeo4,7.945082302471765e-05,Human
66,-11.51544993,Fibroblast,0.0,hNeo4,0.0006320144117227142,Human
67,-10.61235995,Fibroblast,0.0,hNeo4,0.004837403699192004,Human
68,-9.709269961,Fibroblast,0.0,hNeo4,0.02875011647455994,Human
69,-8.806179974,Fibroblast,0.0,hNeo4,0.07524463445052061,Human
70,-7.903089987,Fibroblast,0.0,hNeo4,0.09430806010798833,Human
71,-7.0,Fibroblast,0.0,hNeo4,0.09738299047142596,Human
0,-13.32162991,Fibroblast,0.006734082569999999,hIL4,0.001869841670525474,Human
1,-12.41853992,Fibroblast,0.0,hIL4,0.014767988530571015,Human
2,-11.51544993,Fibroblast,0.03794959573,hIL4,0.10720750479000737,Human
3,-10.61235995,Fibroblast,0.39888741240000003,hIL4,0.4927483133886156,Human
4,-9.709269961,Fibroblast,0.9647530460999999,hIL4,0.8950146995353989,Human
5,-8.806179974,Fibroblast,1.071642531,hIL4,0.9955334853279316,Human
6,-7.903089987,Fibroblast,1.009549334,hIL4,1.0,Human
7,-7.0,Fibroblast,0.9038084728,hIL4,0.9296135606097033,Human
8,-13.32162991,Fibroblast,0.0,hIL4,0.001869841670525474,Human
9,-12.41853992,Fibroblast,0.0,hIL4,0.014767988530571015,Human
10,-11.51544993,Fibroblast,0.023490461929999998,hIL4,0.10720750479000737,Human
11,-10.61235995,Fibroblast,0.40071169570000004,hIL4,0.4927483133886156,Human
12,-9.709269961,Fibroblast,0.9819148217,hIL4,0.8950146995353989,Human
13,-8.806179974,Fibroblast,1.069210153,hIL4,0.9955334853279316,Human
14,-7.903089987,Fibroblast,0.9988738992,hIL4,1.0,Human
15,-7.0,Fibroblast,0.9359023445,hIL4,0.9296135606097033,Human
16,-13.32162991,Fibroblast,0.0,hIL4,0.001869841670525474,Human
17,-12.41853992,Fibroblast,0.0,hIL4,0.014767988530571015,Human
18,-11.51544993,Fibroblast,0.0215310466,hIL4,0.10720750479000737,Human
19,-10.61235995,Fibroblast,0.36436116300000004,hIL4,0.4927483133886156,Human
20,-9.709269961,Fibroblast,0.9438075719,hIL4,0.8950146995353989,Human
21,-8.806179974,Fibroblast,1.0696155489999999,hIL4,0.9955334853279316,Human
22,-7.903089987,Fibroblast,1.027724601,hIL4,1.0,Human
23,-7.0,Fibroblast,0.9136731155,hIL4,0.9296135606097033,Human
24,-13.32162991,Fibroblast,0.008461594959999999,hIL4,0.001869841670525474,Human
25,-12.41853992,Fibroblast,0.0,hIL4,0.014767988530571015,Human
26,-11.51544993,Fibroblast,0.01599991607,hIL4,0.10720750479000737,Human
27,-10.61235995,Fibroblast,0.2799513183,hIL4,0.4927483133886156,Human
28,-9.709269961,Fibroblast,0.9387596655,hIL4,0.8950146995353989,Human
29,-8.806179974,Fibroblast,0.9874833443,hIL4,0.9955334853279316,Human
30,-7.903089987,Fibroblast,1.002796051,hIL4,1.0,Human
31,-7.0,Fibroblast,1.0021980209999999,hIL4,0.9296135606097033,Human
32,-13.32162991,Fibroblast,0.0,hIL4,0.001869841670525474,Human
33,-12.41853992,Fibroblast,0.0,hIL4,0.014767988530571015,Human
34,-11.51544993,Fibroblast,0.01282091635,hIL4,0.10720750479000737,Human
35,-10.61235995,Fibroblast,0.2753401949,hIL4,0.4927483133886156,Human
36,-9.709269961,Fibroblast,0.9040109954000001,hIL4,0.8950146995353989,Human
37,-8.806179974,Fibroblast,0.9322757651000001,hIL4,0.9955334853279316,Human
38,-7.903089987,Fibroblast,0.9810781319999999,hIL4,1.0,Human
39,-7.0,Fibroblast,1.00333113,hIL4,0.9296135606097033,Human
40,-13.32162991,Fibroblast,0.0,hIL4,0.001869841670525474,Human
41,-12.41853992,Fibroblast,0.0,hIL4,0.014767988530571015,Human
42,-11.51544993,Fibroblast,0.01516582208,hIL4,0.10720750479000737,Human
43,-10.61235995,Fibroblast,0.2547396473,hIL4,0.4927483133886156,Human
44,-9.709269961,Fibroblast,0.8629200634,hIL4,0.8950146995353989,Human
45,-8.806179974,Fibroblast,0.9795043698000001,hIL4,0.9955334853279316,Human
46,-7.903089987,Fibroblast,0.9501379665,hIL4,1.0,Human
47,-7.0,Fibroblast,1.060458699,hIL4,0.9296135606097033,Human
48,-13.32162991,Fibroblast,0.0,hIL4,0.001869841670525474,Human
49,-12.41853992,Fibroblast,0.011511120619999999,hIL4,0.014767988530571015,Human
50,-11.51544993,Fibroblast,0.02413654159,hIL4,0.10720750479000737,Human
51,-10.61235995,Fibroblast,0.3983623764,hIL4,0.4927483133886156,Human
52,-9.709269961,Fibroblast,0.9650438010000001,hIL4,0.8950146995353989,Human
53,-8.806179974,Fibroblast,0.8812324958000001,hIL4,0.9955334853279316,Human
54,-7.903089987,Fibroblast,1.016530447,hIL4,1.0,Human
55,-7.0,Fibroblast,0.9352561647000001,hIL4,0.9296135606097033,Human
56,-13.32162991,Fibroblast,0.011451425959999999,hIL4,0.001869841670525474,Human
57,-12.41853992,Fibroblast,0.0,hIL4,0.014767988530571015,Human
58,-11.51544993,Fibroblast,0.02995677112,hIL4,0.10720750479000737,Human
59,-10.61235995,Fibroblast,0.4508041368,hIL4,0.4927483133886156,Human
60,-9.709269961,Fibroblast,1.000800903,hIL4,0.8950146995353989,Human
61,-8.806179974,Fibroblast,0.9282718893,hIL4,0.9955334853279316,Human
62,-7.903089987,Fibroblast,0.9586863194999999,hIL4,1.0,Human
63,-7.0,Fibroblast,0.9384796765,hIL4,0.9296135606097033,Human
64,-13.32162991,Fibroblast,0.00772050959,hIL4,0.001869841670525474,Human
65,-12.41853992,Fibroblast,0.0,hIL4,0.014767988530571015,Human
66,-11.51544993,Fibroblast,0.032523641570000004,hIL4,0.10720750479000737,Human
67,-10.61235995,Fibroblast,0.4037945907,hIL4,0.4927483133886156,Human
68,-9.709269961,Fibroblast,1.003666247,hIL4,0.8950146995353989,Human
69,-8.806179974,Fibroblast,1.00318869,hIL4,0.9955334853279316,Human
70,-7.903089987,Fibroblast,1.107564806,hIL4,1.0,Human
71,-7.0,Fibroblast,1.043482587,hIL4,0.9296135606097033,Human
0,-13.32162991,Fibroblast,0.03332951951,hIL13,0.00013030209261642966,Human
1,-12.41853992,Fibroblast,0.0,hIL13,0.0010414006494095054,Human
2,-11.51544993,Fibroblast,0.0,hIL13,0.008266740824403318,Human
3,-10.61235995,Fibroblast,0.02697203803,hIL13,0.062278680208734616,Human
4,-9.709269961,Fibroblast,0.28222641190000003,hIL13,0.3397532556038998,Human
5,-8.806179974,Fibroblast,0.9354352486999999,hIL13,0.7659636905349491,Human
6,-7.903089987,Fibroblast,1.045601747,hIL13,0.8990956581802118,Human
7,-7.0,Fibroblast,1.085985186,hIL13,0.8480198492869333,Human
8,-13.32162991,Fibroblast,0.01413768574,hIL13,0.00013030209261642966,Human
9,-12.41853992,Fibroblast,0.0,hIL13,0.0010414006494095054,Human
10,-11.51544993,Fibroblast,0.0,hIL13,0.008266740824403318,Human
11,-10.61235995,Fibroblast,0.0,hIL13,0.062278680208734616,Human
12,-9.709269961,Fibroblast,0.2582888525,hIL13,0.3397532556038998,Human
13,-8.806179974,Fibroblast,0.9533734946,hIL13,0.7659636905349491,Human
14,-7.903089987,Fibroblast,1.0242907529999998,hIL13,0.8990956581802118,Human
15,-7.0,Fibroblast,1.00139785,hIL13,0.8480198492869333,Human
16,-13.32162991,Fibroblast,0.006138601059999999,hIL13,0.00013030209261642966,Human
17,-12.41853992,Fibroblast,0.0,hIL13,0.0010414006494095054,Human
18,-11.51544993,Fibroblast,0.0,hIL13,0.008266740824403318,Human
19,-10.61235995,Fibroblast,0.0063773797,hIL13,0.062278680208734616,Human
20,-9.709269961,Fibroblast,0.2755704571,hIL13,0.3397532556038998,Human
21,-8.806179974,Fibroblast,0.9473144863999999,hIL13,0.7659636905349491,Human
22,-7.903089987,Fibroblast,1.0650323590000002,hIL13,0.8990956581802118,Human
23,-7.0,Fibroblast,0.9984131169,hIL13,0.8480198492869333,Human
0,-13.82677989,Monocyte,0.0,hIL4,0.0005815807168356831,Human
1,-13.2247199,Monocyte,0.0,hIL4,0.0023223006089909573,Human
2,-12.6226599,Monocyte,0.0,hIL4,0.009225399133590786,Human
3,-12.02059991,Monocyte,0.0,hIL4,0.03591486182160974,Human
4,-11.41853992,Monocyte,0.08793910173000001,hIL4,0.12977851166681312,Human
5,-10.81647993,Monocyte,0.8284445289,hIL4,0.3744065698790744,Human
6,-10.21441994,Monocyte,1.19451108,hIL4,0.7080758474271767,Human
7,-9.612359948,Monocyte,0.9098520295,hIL4,0.9109907595131179,Human
8,-9.010299957,Monocyte,0.8973232311,hIL4,0.9809792197567604,Human
9,-8.408239965,Monocyte,0.8471486591999999,hIL4,0.9988867642684948,Human
10,-7.806179974,Monocyte,0.9208963732,hIL4,0.9982819167247318,Human
11,-7.204119983,Monocyte,1.1048500110000001,hIL4,0.9785268986532139,Human
12,-13.82677989,Monocyte,0.0,hIL4,0.0005815807168356831,Human
13,-13.2247199,Monocyte,0.0,hIL4,0.0023223006089909573,Human
14,-12.6226599,Monocyte,0.0,hIL4,0.009225399133590786,Human
15,-12.02059991,Monocyte,0.1320570981,hIL4,0.03591486182160974,Human
16,-11.41853992,Monocyte,0.2442818802,hIL4,0.12977851166681312,Human
17,-10.81647993,Monocyte,0.5997197349000001,hIL4,0.3744065698790744,Human
18,-10.21441994,Monocyte,1.223547016,hIL4,0.7080758474271767,Human
19,-9.612359948,Monocyte,1.298304159,hIL4,0.9109907595131179,Human
20,-9.010299957,Monocyte,1.023858157,hIL4,0.9809792197567604,Human
21,-8.408239965,Monocyte,0.9213120204999999,hIL4,0.9988867642684948,Human
22,-7.806179974,Monocyte,0.8708405577,hIL4,0.9982819167247318,Human
23,-7.204119983,Monocyte,1.2056148020000002,hIL4,0.9785268986532139,Human
24,-13.2247199,Monocyte,0.0,hIL4,0.0023223006089909573,Human
25,-12.6226599,Monocyte,0.0,hIL4,0.009225399133590786,Human
26,-12.02059991,Monocyte,0.06897816634,hIL4,0.03591486182160974,Human
27,-11.41853992,Monocyte,0.3207568799,hIL4,0.12977851166681312,Human
28,-10.81647993,Monocyte,0.750491009,hIL4,0.3744065698790744,Human
29,-10.21441994,Monocyte,0.7182105110000001,hIL4,0.7080758474271767,Human
30,-9.612359948,Monocyte,0.8053770261,hIL4,0.9109907595131179,Human
31,-9.010299957,Monocyte,1.092141563,hIL4,0.9809792197567604,Human
32,-8.408239965,Monocyte,0.7532421878,hIL4,0.9988867642684948,Human
33,-7.806179974,Monocyte,0.8280742513,hIL4,0.9982819167247318,Human
34,-7.204119983,Monocyte,1.101954101,hIL4,0.9785268986532139,Human
35,-6.602059991,Monocyte,1.082374879,hIL4,0.9104561315784299,Human
36,-13.2247199,Monocyte,0.0,hIL4,0.0023223006089909573,Human
37,-12.6226599,Monocyte,0.013954590270000001,hIL4,0.009225399133590786,Human
38,-12.02059991,Monocyte,0.0532047412,hIL4,0.03591486182160974,Human
39,-11.41853992,Monocyte,0.1819140562,hIL4,0.12977851166681312,Human
40,-10.81647993,Monocyte,0.601102,hIL4,0.3744065698790744,Human
41,-10.21441994,Monocyte,0.6220109589,hIL4,0.7080758474271767,Human
42,-9.612359948,Monocyte,0.9200094763,hIL4,0.9109907595131179,Human
43,-9.010299957,Monocyte,1.012815908,hIL4,0.9809792197567604,Human
44,-8.408239965,Monocyte,0.992044508,hIL4,0.9988867642684948,Human
45,-7.806179974,Monocyte,0.6392975323000001,hIL4,0.9982819167247318,Human
46,-7.204119983,Monocyte,0.9654956325,hIL4,0.9785268986532139,Human
47,-6.602059991,Monocyte,1.107502312,hIL4,0.9104561315784299,Human
48,-13.2247199,Monocyte,0.00427961147,hIL4,0.0023223006089909573,Human
49,-12.6226599,Monocyte,0.01734771079,hIL4,0.009225399133590786,Human
50,-12.02059991,Monocyte,0.06480554514999999,hIL4,0.03591486182160974,Human
51,-11.41853992,Monocyte,0.2654123329,hIL4,0.12977851166681312,Human
52,-10.81647993,Monocyte,0.7208241309000001,hIL4,0.3744065698790744,Human
53,-10.21441994,Monocyte,0.6543373098,hIL4,0.7080758474271767,Human
54,-9.612359948,Monocyte,0.8210587452999999,hIL4,0.9109907595131179,Human
55,-9.010299957,Monocyte,0.7802037400999999,hIL4,0.9809792197567604,Human
56,-8.408239965,Monocyte,0.5780838039999999,hIL4,0.9988867642684948,Human
57,-7.806179974,Monocyte,1.083291938,hIL4,0.9982819167247318,Human
58,-7.204119983,Monocyte,0.571068298,hIL4,0.9785268986532139,Human
59,-6.602059991,Monocyte,1.1716047779999998,hIL4,0.9104561315784299,Human
60,-13.82677989,Monocyte,0.0,hIL4,0.0005815807168356831,Human
61,-13.2247199,Monocyte,0.00028814061,hIL4,0.0023223006089909573,Human
62,-12.6226599,Monocyte,0.00835607777,hIL4,0.009225399133590786,Human
63,-12.02059991,Monocyte,0.1155083681,hIL4,0.03591486182160974,Human
64,-11.41853992,Monocyte,0.5217506143,hIL4,0.12977851166681312,Human
65,-10.81647993,Monocyte,0.9426880318,hIL4,0.3744065698790744,Human
66,-10.21441994,Monocyte,1.07483652,hIL4,0.7080758474271767,Human
67,-9.612359948,Monocyte,1.079482788,hIL4,0.9109907595131179,Human
68,-9.010299957,Monocyte,1.033164184,hIL4,0.9809792197567604,Human
69,-8.408239965,Monocyte,1.143450004,hIL4,0.9988867642684948,Human
70,-7.806179974,Monocyte,1.065507968,hIL4,0.9982819167247318,Human
71,-7.204119983,Monocyte,1.102858195,hIL4,0.9785268986532139,Human
72,-13.82677989,Monocyte,0.0,hIL4,0.0005815807168356831,Human
73,-13.2247199,Monocyte,0.0,hIL4,0.0023223006089909573,Human
74,-12.6226599,Monocyte,0.00731156805,hIL4,0.009225399133590786,Human
75,-12.02059991,Monocyte,0.1142117353,hIL4,0.03591486182160974,Human
76,-11.41853992,Monocyte,0.5131784310999999,hIL4,0.12977851166681312,Human
77,-10.81647993,Monocyte,0.7801767262,hIL4,0.3744065698790744,Human
78,-10.21441994,Monocyte,0.5303948327,hIL4,0.7080758474271767,Human
79,-9.612359948,Monocyte,0.8051729244000001,hIL4,0.9109907595131179,Human
80,-9.010299957,Monocyte,0.8812780637000001,hIL4,0.9809792197567604,Human
81,-8.408239965,Monocyte,0.9783814501000001,hIL4,0.9988867642684948,Human
82,-7.806179974,Monocyte,0.9679723705000001,hIL4,0.9982819167247318,Human
83,-7.204119983,Monocyte,0.6770944221,hIL4,0.9785268986532139,Human
84,-13.82677989,Monocyte,0.0,hIL4,0.0005815807168356831,Human
85,-13.2247199,Monocyte,0.0,hIL4,0.0023223006089909573,Human
86,-12.6226599,Monocyte,0.0063390934799999995,hIL4,0.009225399133590786,Human
87,-12.02059991,Monocyte,0.11017776680000001,hIL4,0.03591486182160974,Human
88,-11.41853992,Monocyte,0.4810147352,hIL4,0.12977851166681312,Human
89,-10.81647993,Monocyte,0.8545890395000001,hIL4,0.3744065698790744,Human
90,-10.21441994,Monocyte,0.9868815982,hIL4,0.7080758474271767,Human
91,-9.612359948,Monocyte,1.00290942,hIL4,0.9109907595131179,Human
92,-9.010299957,Monocyte,1.071739009,hIL4,0.9809792197567604,Human
93,-8.408239965,Monocyte,1.094574152,hIL4,0.9988867642684948,Human
94,-7.806179974,Monocyte,0.9482347386,hIL4,0.9982819167247318,Human
95,-7.204119983,Monocyte,1.0219267,hIL4,0.9785268986532139,Human
96,-13.91568628,Monocyte,0.0,hIL4,0.00047396909750254193,Human
97,-13.07058824,Monocyte,0.1486457948,hIL4,0.003308443732619919,Human
98,-12.2254902,Monocyte,0.0,hIL4,0.022711556161598444,Human
99,-11.38039216,Monocyte,0.349268782,hIL4,0.14003730012983356,Human
100,-10.53529412,Monocyte,0.4371733277,hIL4,0.5344625297475187,Human
101,-9.69019608,Monocyte,0.9049944565,hIL4,0.8942344494862468,Human
102,-8.84509804,Monocyte,0.9543582704000001,hIL4,0.9888186337843288,Human
103,-8.0,Monocyte,1.04564173,hIL4,1.0,Human
104,-13.91568628,Monocyte,0.01061234447,hIL4,0.00047396909750254193,Human
105,-13.07058824,Monocyte,0.0,hIL4,0.003308443732619919,Human
106,-12.2254902,Monocyte,0.0,hIL4,0.022711556161598444,Human
107,-11.38039216,Monocyte,0.1661838253,hIL4,0.14003730012983356,Human
108,-10.53529412,Monocyte,0.8288606977,hIL4,0.5344625297475187,Human
109,-9.69019608,Monocyte,1.103546597,hIL4,0.8942344494862468,Human
110,-8.84509804,Monocyte,0.9412966577,hIL4,0.9888186337843288,Human
111,-8.0,Monocyte,0.982282264,hIL4,1.0,Human
112,-13.91568628,Monocyte,0.0,hIL4,0.00047396909750254193,Human
113,-13.07058824,Monocyte,0.0,hIL4,0.003308443732619919,Human
114,-12.2254902,Monocyte,0.0,hIL4,0.022711556161598444,Human
115,-11.38039216,Monocyte,0.1653604538,hIL4,0.14003730012983356,Human
116,-10.53529412,Monocyte,0.8262533544999999,hIL4,0.5344625297475187,Human
117,-9.69019608,Monocyte,1.1768266649999999,hIL4,0.8942344494862468,Human
118,-8.84509804,Monocyte,0.9344352281,hIL4,0.9888186337843288,Human
119,-8.0,Monocyte,0.8616125884,hIL4,1.0,Human
120,-13.91568628,Monocyte,0.020900109769999998,hIL4,0.00047396909750254193,Human
121,-13.07058824,Monocyte,0.042414928649999996,hIL4,0.003308443732619919,Human
122,-12.2254902,Monocyte,0.00526893524,hIL4,0.022711556161598444,Human
123,-11.38039216,Monocyte,0.1119648738,hIL4,0.14003730012983356,Human
124,-10.53529412,Monocyte,0.7803293085,hIL4,0.5344625297475187,Human
125,-9.69019608,Monocyte,0.7042810099000001,hIL4,0.8942344494862468,Human
126,-8.84509804,Monocyte,0.888079034,hIL4,0.9888186337843288,Human
127,-8.0,Monocyte,1.111920966,hIL4,1.0,Human
128,-13.91568628,Monocyte,0.00923558001,hIL4,0.00047396909750254193,Human
129,-13.07058824,Monocyte,0.04130558619,hIL4,0.003308443732619919,Human
130,-12.2254902,Monocyte,0.01941653435,hIL4,0.022711556161598444,Human
131,-11.38039216,Monocyte,0.1407880543,hIL4,0.14003730012983356,Human
132,-10.53529412,Monocyte,0.8258935605000001,hIL4,0.5344625297475187,Human
133,-9.69019608,Monocyte,1.201061728,hIL4,0.8942344494862468,Human
134,-8.84509804,Monocyte,1.147248112,hIL4,0.9888186337843288,Human
135,-8.0,Monocyte,0.7528088526000001,hIL4,1.0,Human
136,-13.91568628,Monocyte,0.00770843686,hIL4,0.00047396909750254193,Human
137,-13.07058824,Monocyte,0.02712497121,hIL4,0.003308443732619919,Human
138,-12.2254902,Monocyte,0.0266886446,hIL4,0.022711556161598444,Human
139,-11.38039216,Monocyte,0.1311888688,hIL4,0.14003730012983356,Human
140,-10.53529412,Monocyte,0.7800065449,hIL4,0.5344625297475187,Human
141,-9.69019608,Monocyte,1.083980753,hIL4,0.8942344494862468,Human
142,-8.84509804,Monocyte,1.185644854,hIL4,0.9888186337843288,Human
143,-8.0,Monocyte,0.6292556995,hIL4,1.0,Human
0,-12.6226599,Monocyte,0.007659786710000001,hNeo4,0.000297619080517882,Human
1,-12.02059991,Monocyte,0.0,hNeo4,0.0011886661072412236,Human
2,-11.41853992,Monocyte,0.01425076598,hNeo4,0.004725919909459286,Human
3,-10.81647993,Monocyte,0.0,hNeo4,0.01845734133171975,Human
4,-10.21441994,Monocyte,0.0,hNeo4,0.06745828492126336,Human
5,-9.612359948,Monocyte,0.07297579745,hNeo4,0.20059277750773483,Human
6,-9.010299957,Monocyte,0.5028739044999999,hNeo4,0.3959552761198301,Human
7,-8.408239965,Monocyte,0.7639598128,hNeo4,0.5233899340553936,Human
8,-7.806179974,Monocyte,0.7272047123000001,hNeo4,0.5691800180501982,Human
9,-7.204119983,Monocyte,0.775479182,hNeo4,0.5818788377733896,Human
10,-6.602059991,Monocyte,0.7867610384,hNeo4,0.585026963823056,Human
11,-6.0,Monocyte,0.6871244328999999,hNeo4,0.5853560780170224,Human
12,-12.6226599,Monocyte,0.0,hNeo4,0.000297619080517882,Human
13,-12.02059991,Monocyte,0.0,hNeo4,0.0011886661072412236,Human
14,-11.41853992,Monocyte,0.06264399210999999,hNeo4,0.004725919909459286,Human
15,-10.81647993,Monocyte,0.0,hNeo4,0.01845734133171975,Human
16,-10.21441994,Monocyte,0.0,hNeo4,0.06745828492126336,Human
17,-9.612359948,Monocyte,0.02072298886,hNeo4,0.20059277750773483,Human
18,-9.010299957,Monocyte,0.44450514220000004,hNeo4,0.3959552761198301,Human
19,-8.408239965,Monocyte,0.5691399663,hNeo4,0.5233899340553936,Human
20,-7.806179974,Monocyte,0.671032943,hNeo4,0.5691800180501982,Human
21,-7.204119983,Monocyte,0.8963138019,hNeo4,0.5818788377733896,Human
22,-6.602059991,Monocyte,0.8525520747,hNeo4,0.585026963823056,Human
23,-6.0,Monocyte,0.8223285751999999,hNeo4,0.5853560780170224,Human
24,-12.6226599,Monocyte,0.00776443796,hNeo4,0.000297619080517882,Human
25,-12.02059991,Monocyte,0.00515081809,hNeo4,0.0011886661072412236,Human
26,-11.41853992,Monocyte,0.0057469068300000006,hNeo4,0.004725919909459286,Human
27,-10.81647993,Monocyte,0.00487570021,hNeo4,0.01845734133171975,Human
28,-10.21441994,Monocyte,0.01638479821,hNeo4,0.06745828492126336,Human
29,-9.612359948,Monocyte,0.0679235478,hNeo4,0.20059277750773483,Human
30,-9.010299957,Monocyte,0.2102970509,hNeo4,0.3959552761198301,Human
31,-8.408239965,Monocyte,0.5132935431,hNeo4,0.5233899340553936,Human
32,-7.806179974,Monocyte,0.5750116543,hNeo4,0.5691800180501982,Human
33,-7.204119983,Monocyte,0.48504810740000004,hNeo4,0.5818788377733896,Human
34,-6.602059991,Monocyte,0.7608996355,hNeo4,0.585026963823056,Human
35,-6.0,Monocyte,0.708994062,hNeo4,0.5853560780170224,Human
36,-12.6226599,Monocyte,0.00716834922,hNeo4,0.000297619080517882,Human
37,-12.02059991,Monocyte,0.0054717889500000005,hNeo4,0.0011886661072412236,Human
38,-11.41853992,Monocyte,0.0056093478900000006,hNeo4,0.004725919909459286,Human
39,-10.81647993,Monocyte,0.00070307903,hNeo4,0.01845734133171975,Human
40,-10.21441994,Monocyte,0.007672732,hNeo4,0.06745828492126336,Human
41,-9.612359948,Monocyte,0.05059112133,hNeo4,0.20059277750773483,Human
42,-9.010299957,Monocyte,0.1982835701,hNeo4,0.3959552761198301,Human
43,-8.408239965,Monocyte,0.4348849472,hNeo4,0.5233899340553936,Human
44,-7.806179974,Monocyte,0.5906016675,hNeo4,0.5691800180501982,Human
45,-7.204119983,Monocyte,0.575653596,hNeo4,0.5818788377733896,Human
46,-6.602059991,Monocyte,0.5514890754999999,hNeo4,0.585026963823056,Human
47,-6.0,Monocyte,0.7930425744999999,hNeo4,0.5853560780170224,Human
48,-12.6226599,Monocyte,0.00923173332,hNeo4,0.000297619080517882,Human
49,-12.02059991,Monocyte,0.00446302339,hNeo4,0.0011886661072412236,Human
50,-11.41853992,Monocyte,0.0026289041899999997,hNeo4,0.004725919909459286,Human
51,-10.81647993,Monocyte,0.0085897916,hNeo4,0.01845734133171975,Human
52,-10.21441994,Monocyte,0.0012991677700000001,hNeo4,0.06745828492126336,Human
53,-9.612359948,Monocyte,0.07122496236,hNeo4,0.20059277750773483,Human
54,-9.010299957,Monocyte,0.23886345750000001,hNeo4,0.3959552761198301,Human
55,-8.408239965,Monocyte,0.38540958170000006,hNeo4,0.5233899340553936,Human
56,-7.806179974,Monocyte,0.3185559368,hNeo4,0.5691800180501982,Human
57,-7.204119983,Monocyte,0.37880675259999996,hNeo4,0.5818788377733896,Human
58,-6.602059991,Monocyte,0.5195754014,hNeo4,0.585026963823056,Human
59,-6.0,Monocyte,0.4575821724,hNeo4,0.5853560780170224,Human
60,-12.6226599,Monocyte,0.00857218323,hNeo4,0.000297619080517882,Human
61,-12.02059991,Monocyte,0.010661202670000001,hNeo4,0.0011886661072412236,Human
62,-11.41853992,Monocyte,0.0,hNeo4,0.004725919909459286,Human
63,-10.81647993,Monocyte,0.0,hNeo4,0.01845734133171975,Human
64,-10.21441994,Monocyte,0.0428969337,hNeo4,0.06745828492126336,Human
65,-9.612359948,Monocyte,0.22831541789999998,hNeo4,0.20059277750773483,Human
66,-9.010299957,Monocyte,0.5421005450999999,hNeo4,0.3959552761198301,Human
67,-8.408239965,Monocyte,0.8081263657,hNeo4,0.5233899340553936,Human
68,-7.806179974,Monocyte,0.9072107187999999,hNeo4,0.5691800180501982,Human
69,-7.204119983,Monocyte,1.007015424,hNeo4,0.5818788377733896,Human
70,-6.602059991,Monocyte,1.000388189,hNeo4,0.585026963823056,Human
71,-6.0,Monocyte,0.7592865317999999,hNeo4,0.5853560780170224,Human
72,-12.6226599,Monocyte,0.00886032384,hNeo4,0.000297619080517882,Human
73,-12.02059991,Monocyte,0.00713148016,hNeo4,0.0011886661072412236,Human
74,-11.41853992,Monocyte,0.0,hNeo4,0.004725919909459286,Human
75,-10.81647993,Monocyte,0.0,hNeo4,0.01845734133171975,Human
76,-10.21441994,Monocyte,0.041204107600000005,hNeo4,0.06745828492126336,Human
77,-9.612359948,Monocyte,0.2117473327,hNeo4,0.20059277750773483,Human
78,-9.010299957,Monocyte,0.5633148977,hNeo4,0.3959552761198301,Human
79,-8.408239965,Monocyte,0.7776554959,hNeo4,0.5233899340553936,Human
80,-7.806179974,Monocyte,0.9357006219,hNeo4,0.5691800180501982,Human
81,-7.204119983,Monocyte,0.9906994613000001,hNeo4,0.5818788377733896,Human
82,-6.602059991,Monocyte,0.9939770608,hNeo4,0.585026963823056,Human
83,-6.0,Monocyte,0.9194927124,hNeo4,0.5853560780170224,Human
84,-12.6226599,Monocyte,0.00018008788,hNeo4,0.000297619080517882,Human
85,-12.02059991,Monocyte,0.00219707217,hNeo4,0.0011886661072412236,Human
86,-11.41853992,Monocyte,0.0,hNeo4,0.004725919909459286,Human
87,-10.81647993,Monocyte,0.0,hNeo4,0.01845734133171975,Human
88,-10.21441994,Monocyte,0.03241581892,hNeo4,0.06745828492126336,Human
89,-9.612359948,Monocyte,0.24088555209999998,hNeo4,0.20059277750773483,Human
90,-9.010299957,Monocyte,0.5836648284,hNeo4,0.3959552761198301,Human
91,-8.408239965,Monocyte,0.8308894741,hNeo4,0.5233899340553936,Human
92,-7.806179974,Monocyte,0.8860684014,hNeo4,0.5691800180501982,Human
93,-7.204119983,Monocyte,0.9734110246000001,hNeo4,0.5818788377733896,Human
94,-6.602059991,Monocyte,1.0047463159999999,hNeo4,0.585026963823056,Human
95,-6.0,Monocyte,0.9748877452000001,hNeo4,0.5853560780170224,Human
96,-12.6227,Monocyte,0.00765979,hNeo4,0.000297591615474766,Human
97,-12.0206,Monocyte,0.0,hNeo4,0.0011886658614102307,Human
98,-11.4185,Monocyte,0.01425077,hNeo4,0.0047263508301094315,Human
99,-10.8165,Monocyte,0.0,hNeo4,0.018456515235400206,Human
100,-10.2144,Monocyte,0.0,hNeo4,0.06746102585071431,Human
101,-9.61236,Monocyte,0.0729758,hNeo4,0.20059276170732648,Human
102,-9.0103,Monocyte,0.5028739,hNeo4,0.3959552633925914,Human
103,-8.40824,Monocyte,0.7639598,hNeo4,0.5233899295304063,Human
104,-7.80618,Monocyte,0.7272047,hNeo4,0.5691800170569172,Human
105,-7.20412,Monocyte,0.7754792,hNeo4,0.5818788376051923,Human
106,-6.60206,Monocyte,0.786761,hNeo4,0.5850269638037258,Human
107,-6.0,Monocyte,0.6871244,hNeo4,0.5853560780170224,Human
108,-12.6227,Monocyte,0.0,hNeo4,0.000297591615474766,Human
109,-12.0206,Monocyte,0.0,hNeo4,0.0011886658614102307,Human
110,-11.4185,Monocyte,0.06264399,hNeo4,0.0047263508301094315,Human
111,-10.8165,Monocyte,0.0,hNeo4,0.018456515235400206,Human
112,-10.2144,Monocyte,0.0,hNeo4,0.06746102585071431,Human
113,-9.61236,Monocyte,0.02072299,hNeo4,0.20059276170732648,Human
114,-9.0103,Monocyte,0.4445051,hNeo4,0.3959552633925914,Human
115,-8.40824,Monocyte,0.56914,hNeo4,0.5233899295304063,Human
116,-7.80618,Monocyte,0.6710329,hNeo4,0.5691800170569172,Human
117,-7.20412,Monocyte,0.8963137999999999,hNeo4,0.5818788376051923,Human
118,-6.60206,Monocyte,0.8525521,hNeo4,0.5850269638037258,Human
119,-6.0,Monocyte,0.8223286000000001,hNeo4,0.5853560780170224,Human
120,-11.91568628,Monocyte,0.07193390001,hNeo4,0.0015126309374354603,Human
121,-11.07058824,Monocyte,0.01818805765,hNeo4,0.01042700627459037,Human
122,-10.2254902,Monocyte,0.09183781215,hNeo4,0.06595147336224177,Human
123,-9.38039216,Monocyte,0.1960561744,hNeo4,0.27562844153716864,Human
124,-8.53529412,Monocyte,0.5936064622,hNeo4,0.5049794475198174,Human
125,-7.69019608,Monocyte,1.007681749,hNeo4,0.573094674461237,Human
126,-6.84509804,Monocyte,0.8351987751,hNeo4,0.5842762696601932,Human
127,-6.0,Monocyte,0.8087482182,hNeo4,0.5853560780170224,Human
128,-11.91568628,Monocyte,0.008416687,hNeo4,0.0015126309374354603,Human
129,-11.07058824,Monocyte,0.0,hNeo4,0.01042700627459037,Human
130,-10.2254902,Monocyte,0.0,hNeo4,0.06595147336224177,Human
131,-9.38039216,Monocyte,0.02794888997,hNeo4,0.27562844153716864,Human
132,-8.53529412,Monocyte,0.2459136375,hNeo4,0.5049794475198174,Human
133,-7.69019608,Monocyte,0.4803915589,hNeo4,0.573094674461237,Human
134,-6.84509804,Monocyte,0.5306629666,hNeo4,0.5842762696601932,Human
135,-6.0,Monocyte,0.49791107590000006,hNeo4,0.5853560780170224,Human
136,-11.91568628,Monocyte,0.0,hNeo4,0.0015126309374354603,Human
137,-11.07058824,Monocyte,0.0,hNeo4,0.01042700627459037,Human
138,-10.2254902,Monocyte,0.0,hNeo4,0.06595147336224177,Human
139,-9.38039216,Monocyte,0.03105940473,hNeo4,0.27562844153716864,Human
140,-8.53529412,Monocyte,0.27399975600000004,hNeo4,0.5049794475198174,Human
141,-7.69019608,Monocyte,0.5006099049,hNeo4,0.573094674461237,Human
142,-6.84509804,Monocyte,0.5041778483,hNeo4,0.5842762696601932,Human
143,-6.0,Monocyte,0.4276500366,hNeo4,0.5853560780170224,Human
144,-11.91568628,Monocyte,0.0,hNeo4,0.0015126309374354603,Human
145,-11.07058824,Monocyte,0.0,hNeo4,0.01042700627459037,Human
146,-10.2254902,Monocyte,0.012118551040000002,hNeo4,0.06595147336224177,Human
147,-9.38039216,Monocyte,0.1024807903,hNeo4,0.27562844153716864,Human
148,-8.53529412,Monocyte,0.5437541164,hNeo4,0.5049794475198174,Human
149,-7.69019608,Monocyte,0.8010537870000001,hNeo4,0.573094674461237,Human
150,-6.84509804,Monocyte,0.8970362239,hNeo4,0.5842762696601932,Human
151,-6.0,Monocyte,0.7102524698,hNeo4,0.5853560780170224,Human
152,-11.91568628,Monocyte,0.0,hNeo4,0.0015126309374354603,Human
153,-11.07058824,Monocyte,0.0026179596900000003,hNeo4,0.01042700627459037,Human
154,-10.2254902,Monocyte,0.0118535397,hNeo4,0.06595147336224177,Human
155,-9.38039216,Monocyte,0.1423151975,hNeo4,0.27562844153716864,Human
156,-8.53529412,Monocyte,0.5731150084,hNeo4,0.5049794475198174,Human
157,-7.69019608,Monocyte,0.7980413783,hNeo4,0.573094674461237,Human
158,-6.84509804,Monocyte,0.8998509217,hNeo4,0.5842762696601932,Human
159,-6.0,Monocyte,0.7067763947,hNeo4,0.5853560780170224,Human
160,-11.91568628,Monocyte,0.0,hNeo4,0.0015126309374354603,Human
161,-11.07058824,Monocyte,0.0,hNeo4,0.01042700627459037,Human
162,-10.2254902,Monocyte,0.00407238174,hNeo4,0.06595147336224177,Human
163,-9.38039216,Monocyte,0.1254439017,hNeo4,0.27562844153716864,Human
164,-8.53529412,Monocyte,0.4983577151,hNeo4,0.5049794475198174,Human
165,-7.69019608,Monocyte,0.8348382561,hNeo4,0.573094674461237,Human
166,-6.84509804,Monocyte,0.8909062260999999,hNeo4,0.5842762696601932,Human
167,-6.0,Monocyte,0.6659798563,hNeo4,0.5853560780170224,Human
0,-13.8268,Monocyte,0.10984970000000001,hIL13,2.1401210088789034e-05,Human
1,-13.2247,Monocyte,0.01270693,hIL13,8.560153950631074e-05,Human
2,-12.6227,Monocyte,0.1083058,hIL13,0.0003421800442466493,Human
3,-12.0206,Monocyte,0.2762867,hIL13,0.0013659918845408089,Human
4,-11.4185,Monocyte,0.0,hIL13,0.005419264484095134,Human
5,-10.8165,Monocyte,0.1670902,hIL13,0.02097995285524042,Human
6,-10.2144,Monocyte,0.5063178,hIL13,0.07439540731803679,Human
7,-9.61236,Monocyte,0.9221433,hIL13,0.2046048590640429,Human
8,-9.0103,Monocyte,1.035793,hIL13,0.3636321296105374,Human
9,-8.40824,Monocyte,0.6102891,hIL13,0.4503152547990398,Human
10,-7.80618,Monocyte,0.9951191,hIL13,0.4743230087129676,Human
11,-7.20412,Monocyte,1.4748949999999998,hIL13,0.4630865639282396,Human
12,-13.8268,Monocyte,0.0,hIL13,2.1401210088789034e-05,Human
13,-13.2247,Monocyte,0.0,hIL13,8.560153950631074e-05,Human
14,-12.6227,Monocyte,0.0,hIL13,0.0003421800442466493,Human
15,-12.0206,Monocyte,0.5491889,hIL13,0.0013659918845408089,Human
16,-11.4185,Monocyte,0.0,hIL13,0.005419264484095134,Human
17,-10.8165,Monocyte,0.16269619999999999,hIL13,0.02097995285524042,Human
18,-10.2144,Monocyte,0.7865234999999999,hIL13,0.07439540731803679,Human
19,-9.61236,Monocyte,0.6854618000000001,hIL13,0.2046048590640429,Human
20,-9.0103,Monocyte,0.786761,hIL13,0.3636321296105374,Human
21,-8.40824,Monocyte,0.9276654999999999,hIL13,0.4503152547990398,Human
22,-7.80618,Monocyte,1.3999000000000001,hIL13,0.4743230087129676,Human
23,-7.20412,Monocyte,1.084899,hIL13,0.4630865639282396,Human
24,-13.91568628,Monocyte,0.023098041290000003,hIL13,1.7440364269780896e-05,Human
25,-13.07058824,Monocyte,0.1101050631,hIL13,0.00012205655407762579,Human
26,-12.2254902,Monocyte,0.1773137638,hIL13,0.0008531242499863983,Human
27,-11.38039216,Monocyte,0.06807982683,hIL13,0.005910293983396345,Human
28,-10.53529412,Monocyte,0.2588300512,hIL13,0.038586907807261386,Human
29,-9.69019608,Monocyte,1.017396125,hIL13,0.18358216265422478,Human
30,-8.84509804,Monocyte,1.042368407,hIL13,0.39599558314296285,Human
31,-8.0,Monocyte,1.096061454,hIL13,0.47100350474147085,Human
32,-13.91568628,Monocyte,0.00059465723,hIL13,1.7440364269780896e-05,Human
33,-13.07058824,Monocyte,0.0,hIL13,0.00012205655407762579,Human
34,-12.2254902,Monocyte,0.0,hIL13,0.0008531242499863983,Human
35,-11.38039216,Monocyte,0.0,hIL13,0.005910293983396345,Human
36,-10.53529412,Monocyte,0.04263234935,hIL13,0.038586907807261386,Human
37,-9.69019608,Monocyte,0.5383935106,hIL13,0.18358216265422478,Human
38,-8.84509804,Monocyte,0.7322517687,hIL13,0.39599558314296285,Human
39,-8.0,Monocyte,0.7290040254,hIL13,0.47100350474147085,Human
40,-13.91568628,Monocyte,0.00182971456,hIL13,1.7440364269780896e-05,Human
41,-13.07058824,Monocyte,0.0,hIL13,0.00012205655407762579,Human
42,-12.2254902,Monocyte,0.0,hIL13,0.0008531242499863983,Human
43,-11.38039216,Monocyte,0.0,hIL13,0.005910293983396345,Human
44,-10.53529412,Monocyte,0.02598194682,hIL13,0.038586907807261386,Human
45,-9.69019608,Monocyte,0.5022566479999999,hIL13,0.18358216265422478,Human
46,-8.84509804,Monocyte,0.688064162,hIL13,0.39599558314296285,Human
47,-8.0,Monocyte,0.6552207856,hIL13,0.47100350474147085,Human
48,-13.91568628,Monocyte,0.0,hIL13,1.7440364269780896e-05,Human
49,-13.07058824,Monocyte,0.0,hIL13,0.00012205655407762579,Human
50,-12.2254902,Monocyte,0.0006147091100000001,hIL13,0.0008531242499863983,Human
51,-11.38039216,Monocyte,0.00166849616,hIL13,0.005910293983396345,Human
52,-10.53529412,Monocyte,0.07095499451000001,hIL13,0.038586907807261386,Human
53,-9.69019608,Monocyte,0.5436663008,hIL13,0.18358216265422478,Human
54,-8.84509804,Monocyte,0.7941163557,hIL13,0.39599558314296285,Human
55,-8.0,Monocyte,0.8291547749999999,hIL13,0.47100350474147085,Human
56,-13.91568628,Monocyte,0.011199049780000001,hIL13,1.7440364269780896e-05,Human
57,-13.07058824,Monocyte,0.00072721102,hIL13,0.00012205655407762579,Human
58,-12.2254902,Monocyte,0.0,hIL13,0.0008531242499863983,Human
59,-11.38039216,Monocyte,0.008290205680000001,hIL13,0.005910293983396345,Human
60,-10.53529412,Monocyte,0.08370198892,hIL13,0.038586907807261386,Human
61,-9.69019608,Monocyte,0.6776879537,hIL13,0.18358216265422478,Human
62,-8.84509804,Monocyte,1.074090683,hIL13,0.39599558314296285,Human
63,-8.0,Monocyte,0.9309755536000001,hIL13,0.47100350474147085,Human
64,-13.91568628,Monocyte,0.0,hIL13,1.7440364269780896e-05,Human
65,-13.07058824,Monocyte,0.00152714315,hIL13,0.00012205655407762579,Human
66,-12.2254902,Monocyte,0.0,hIL13,0.0008531242499863983,Human
67,-11.38039216,Monocyte,0.0,hIL13,0.005910293983396345,Human
68,-10.53529412,Monocyte,0.08224756687,hIL13,0.038586907807261386,Human
69,-9.69019608,Monocyte,0.6672888361,hIL13,0.18358216265422478,Human
70,-8.84509804,Monocyte,1.044420473,hIL13,0.39599558314296285,Human
71,-8.0,Monocyte,0.8911243894,hIL13,0.47100350474147085,Human
0,-13.7513,A20,0.052614999999999995,mIL4,0.0006315084982815788,Mouse
1,-12.908,A20,0.05475955,mIL4,0.004385790802993748,Mouse
2,-12.06,A20,0.04506007,mIL4,0.03010944237119996,Mouse
3,-11.216,A20,0.29101,mIL4,0.17819995848198117,Mouse
4,-10.3709,A20,0.8759487,mIL4,0.6034667233731831,Mouse
5,-9.52584,A20,0.9026988,mIL4,0.9156129113824729,Mouse
6,-8.68075,A20,0.9593640000000001,mIL4,0.9886676810058947,Mouse
7,-7.83565,A20,1.3437700000000001,mIL4,1.0,Mouse
8,-13.7513,A20,0.052206999999999996,mIL4,0.0006315084982815788,Mouse
9,-12.908,A20,0.02188,mIL4,0.004385790802993748,Mouse
10,-12.06,A20,0.033829,mIL4,0.03010944237119996,Mouse
11,-11.216,A20,0.2959194,mIL4,0.17819995848198117,Mouse
12,-10.3709,A20,0.84827,mIL4,0.6034667233731831,Mouse
13,-9.52584,A20,0.97368,mIL4,0.9156129113824729,Mouse
14,-8.68075,A20,0.8404170000000001,mIL4,0.9886676810058947,Mouse
15,-7.83565,A20,1.0452299999999999,mIL4,1.0,Mouse
16,-13.7513,A20,0.005139,mIL4,0.0006315084982815788,Mouse
17,-12.908,A20,0.031582,mIL4,0.004385790802993748,Mouse
18,-12.06,A20,0.024548,mIL4,0.03010944237119996,Mouse
19,-11.216,A20,0.307967,mIL4,0.17819995848198117,Mouse
20,-10.3709,A20,0.73923,mIL4,0.6034667233731831,Mouse
21,-9.52584,A20,1.010108,mIL4,0.9156129113824729,Mouse
22,-8.68075,A20,0.8890175,mIL4,0.9886676810058947,Mouse
23,-7.83565,A20,1.03553,mIL4,1.0,Mouse
0,-11.26167,A20,0.05261546,mNeo4,0.00038510138682507365,Mouse
1,-10.3716,A20,0.0,mNeo4,0.002981872560518165,Mouse
2,-9.52652,A20,0.11152699999999999,mNeo4,0.02049700623308271,Mouse
3,-8.6814,A20,0.025966999999999997,mNeo4,0.1274466268238399,Mouse
4,-7.83632,A20,0.30806,mNeo4,0.5004606613890079,Mouse
5,-6.99123,A20,0.7000030599999999,mNeo4,0.8596179697495031,Mouse
6,-6.14613,A20,0.7974339,mNeo4,0.9536458624190133,Mouse
7,-5.30103,A20,0.7625157,mNeo4,0.9396868157059355,Mouse
8,-11.26167,A20,0.03566688,mNeo4,0.00038510138682507365,Mouse
9,-10.3716,A20,0.0,mNeo4,0.002981872560518165,Mouse
10,-9.52652,A20,0.0,mNeo4,0.02049700623308271,Mouse
11,-8.6814,A20,0.0,mNeo4,0.1274466268238399,Mouse
12,-7.83632,A20,0.2687608,mNeo4,0.5004606613890079,Mouse
13,-6.99123,A20,0.6692986000000001,mNeo4,0.8596179697495031,Mouse
14,-6.14613,A20,0.6105912,mNeo4,0.9536458624190133,Mouse
15,-5.30103,A20,0.8203043,mNeo4,0.9396868157059355,Mouse
16,-11.26167,A20,0.001055,mNeo4,0.00038510138682507365,Mouse
17,-10.3716,A20,0.0,mNeo4,0.002981872560518165,Mouse
18,-9.52652,A20,0.0,mNeo4,0.02049700623308271,Mouse
19,-8.6814,A20,0.0210666,mNeo4,0.1274466268238399,Mouse
20,-7.83632,A20,0.33145020000000003,mNeo4,0.5004606613890079,Mouse
21,-6.99123,A20,0.6234557000000001,mNeo4,0.8596179697495031,Mouse
22,-6.14613,A20,0.74628,mNeo4,0.9536458624190133,Mouse
23,-5.30103,A20,0.8112739999999999,mNeo4,0.9396868157059355,Mouse
