,Concentration,Cell,Experimental,Ligand,Predicted,Donor,Animal
0,-14.2247,Ramos,0.0,hIL4,5.453473283025487e-05,0,Human
1,-13.3216,Ramos,0.0,hIL4,0.0004360967435473611,0,Human
2,-12.4185,Ramos,0.00421297,hIL4,0.0034766719293245103,0,Human
3,-11.5154,Ramos,0.1441065,hIL4,0.027060681907854888,0,Human
4,-10.6124,Ramos,0.7450629000000001,hIL4,0.17860832460433393,0,Human
5,-9.70927,Ramos,1.0326,hIL4,0.6190197407462751,0,Human
6,-8.80618,Ramos,1.046745,hIL4,0.9259941438444351,0,Human
7,-7.90309,Ramos,0.922063,hIL4,0.9910984284331102,0,Human
8,-7.0,Ramos,0.9974775,hIL4,1.0,0,Human
9,-14.2247,Ramos,0.0,hIL4,5.453473283025487e-05,0,Human
10,-13.3216,Ramos,0.0,hIL4,0.0004360967435473611,0,Human
11,-12.4185,Ramos,0.00523566,hIL4,0.0034766719293245103,0,Human
12,-11.5154,Ramos,0.1465092,hIL4,0.027060681907854888,0,Human
13,-10.6124,Ramos,0.7522217000000001,hIL4,0.17860832460433393,0,Human
14,-9.70927,Ramos,1.0438129999999999,hIL4,0.6190197407462751,0,Human
15,-8.80618,Ramos,1.101762,hIL4,0.9259941438444351,0,Human
16,-7.90309,Ramos,0.9844412,hIL4,0.9910984284331102,0,Human
17,-7.0,Ramos,1.019096,hIL4,1.0,0,Human
18,-13.6797,Ramos,0.03150859,hIL4,0.000191251563681093,0,Human
19,-12.7255,Ramos,0.01470401,hIL4,0.0017180778595498368,0,Human
20,-11.7712,Ramos,0.037237429999999995,hIL4,0.015224922316042151,0,Human
21,-10.817,Ramos,0.46288989999999997,hIL4,0.12045672103120701,0,Human
22,-9.86273,Ramos,1.053151,hIL4,0.5361884834470775,0,Human
23,-8.90849,Ramos,1.0812220000000001,hIL4,0.9081219812453655,0,Human
24,-7.95424,Ramos,1.010376,hIL4,0.9898419788564845,0,Human
25,-7.0,Ramos,1.0583069999999999,hIL4,1.0,0,Human
26,-13.6797,Ramos,0.02598342,hIL4,0.000191251563681093,0,Human
27,-12.7255,Ramos,0.004775,hIL4,0.0017180778595498368,0,Human
28,-11.7712,Ramos,0.03181264,hIL4,0.015224922316042151,0,Human
29,-10.817,Ramos,0.4510201,hIL4,0.12045672103120701,0,Human
30,-9.86273,Ramos,1.0893810000000002,hIL4,0.5361884834470775,0,Human
31,-8.90849,Ramos,1.128449,hIL4,0.9081219812453655,0,Human
32,-7.95424,Ramos,1.058623,hIL4,0.9898419788564845,0,Human
33,-7.0,Ramos,1.1301860000000001,hIL4,1.0,0,Human
34,-13.6797,Ramos,0.014945120000000001,hIL4,0.000191251563681093,0,Human
35,-12.7255,Ramos,0.00043409000000000004,hIL4,0.0017180778595498368,0,Human
36,-11.7712,Ramos,0.02337888,hIL4,0.015224922316042151,0,Human
37,-10.817,Ramos,0.44481879999999996,hIL4,0.12045672103120701,0,Human
38,-9.86273,Ramos,1.0534139999999999,hIL4,0.5361884834470775,0,Human
39,-8.90849,Ramos,1.075738,hIL4,0.9081219812453655,0,Human
40,-7.95424,Ramos,1.0026869999999999,hIL4,0.9898419788564845,0,Human
41,-7.0,Ramos,1.091366,hIL4,1.0,0,Human
42,-14.67969757,Ramos,0.03850394743,hIL4,1.9129044570216213e-05,0,Human
43,-13.72545506,Ramos,0.0017201076200000001,hIL4,0.00017213115089706734,0,Human
44,-12.77121255,Ramos,0.0,hIL4,0.0015467348572362949,0,Human
45,-11.81697004,Ramos,0.03047677855,hIL4,0.013725949893928849,0,Human
46,-10.86272753,Ramos,0.3777620959,hIL4,0.10989517584941737,0,Human
47,-9.908485019,Ramos,1.0510739649999998,hIL4,0.5109025006017586,0,Human
48,-8.954242509,Ramos,0.946015084,hIL4,0.8989761388830855,0,Human
49,-8.0,Ramos,1.002910951,hIL4,0.9885891249820382,0,Human
50,-14.67969757,Ramos,0.01240457459,hIL4,1.9129044570216213e-05,0,Human
51,-13.72545506,Ramos,0.09027870927000001,hIL4,0.00017213115089706734,0,Human
52,-12.77121255,Ramos,0.0038665881299999997,hIL4,0.0015467348572362949,0,Human
53,-11.81697004,Ramos,0.02885069604,hIL4,0.013725949893928849,0,Human
54,-10.86272753,Ramos,0.3464357989,hIL4,0.10989517584941737,0,Human
55,-9.908485019,Ramos,1.070625011,hIL4,0.5109025006017586,0,Human
56,-8.954242509,Ramos,0.9727880841,hIL4,0.8989761388830855,0,Human
57,-8.0,Ramos,0.9615207414,hIL4,0.9885891249820382,0,Human
58,-14.67969757,Ramos,0.00533624154,hIL4,1.9129044570216213e-05,0,Human
59,-13.72545506,Ramos,0.08565979856,hIL4,0.00017213115089706734,0,Human
60,-12.77121255,Ramos,0.00176708326,hIL4,0.0015467348572362949,0,Human
61,-11.81697004,Ramos,0.01786328724,hIL4,0.013725949893928849,0,Human
62,-10.86272753,Ramos,0.36932040190000004,hIL4,0.10989517584941737,0,Human
63,-9.908485019,Ramos,1.065656183,hIL4,0.5109025006017586,0,Human
64,-8.954242509,Ramos,0.9808361861,hIL4,0.8989761388830855,0,Human
65,-8.0,Ramos,0.9485737947,hIL4,0.9885891249820382,0,Human
0,-14.2247,Ramos,0.0,hNeo4,1.4596948670198413e-09,0,Human
1,-13.3216,Ramos,0.0,hNeo4,1.167782798048056e-08,0,Human
2,-12.4185,Ramos,0.0,hNeo4,9.342476536772036e-08,0,Human
3,-11.5154,Ramos,0.00232776,hNeo4,7.474145591559455e-07,0,Human
4,-10.6124,Ramos,0.07662714,hNeo4,5.978026760033634e-06,0,Human
5,-9.70927,Ramos,0.6123836,hNeo4,4.782536170831618e-05,0,Human
6,-8.80618,Ramos,1.048193,hNeo4,0.0003823944809400121,0,Human
7,-7.90309,Ramos,1.042433,hNeo4,0.0030458855420111013,0,Human
8,-7.0,Ramos,1.057231,hNeo4,0.023551498322699625,0,Human
9,-14.2247,Ramos,0.0,hNeo4,1.4596948670198413e-09,0,Human
10,-13.3216,Ramos,0.0,hNeo4,1.167782798048056e-08,0,Human
11,-12.4185,Ramos,0.0,hNeo4,9.342476536772036e-08,0,Human
12,-11.5154,Ramos,0.0,hNeo4,7.474145591559455e-07,0,Human
13,-10.6124,Ramos,0.07988621,hNeo4,5.978026760033634e-06,0,Human
14,-9.70927,Ramos,0.6227892,hNeo4,4.782536170831618e-05,0,Human
15,-8.80618,Ramos,0.9892588999999999,hNeo4,0.0003823944809400121,0,Human
16,-7.90309,Ramos,1.039882,hNeo4,0.0030458855420111013,0,Human
17,-7.0,Ramos,0.9872504999999999,hNeo4,0.023551498322699625,0,Human
18,-13.67969757,Ramos,0.0,hNeo4,5.119935716952521e-09,0,Human
19,-12.72545506,Ramos,0.00498390156,hNeo4,4.60794184390878e-08,0,Human
20,-11.77121255,Ramos,0.0,hNeo4,4.1471451757650615e-07,0,Human
21,-10.81697004,Ramos,0.0275658272,hNeo4,3.7324105013696815e-06,0,Human
22,-9.862727528,Ramos,0.2882282892,hNeo4,3.359006171092134e-05,0,Human
23,-8.908485019,Ramos,0.9678031138000001,hNeo4,0.0003021783500314354,0,Human
24,-7.954242509,Ramos,1.034402152,hNeo4,0.002708945798511739,0,Human
25,-7.0,Ramos,1.0275217220000001,hNeo4,0.023551498322699625,0,Human
26,-13.67969757,Ramos,0.0,hNeo4,5.119935716952521e-09,0,Human
27,-12.72545506,Ramos,0.09286809861,hNeo4,4.60794184390878e-08,0,Human
28,-11.77121255,Ramos,0.0,hNeo4,4.1471451757650615e-07,0,Human
29,-10.81697004,Ramos,0.01576378237,hNeo4,3.7324105013696815e-06,0,Human
30,-9.862727528,Ramos,0.30353591609999997,hNeo4,3.359006171092134e-05,0,Human
31,-8.908485019,Ramos,0.9351369635000001,hNeo4,0.0003021783500314354,0,Human
32,-7.954242509,Ramos,1.012888627,hNeo4,0.002708945798511739,0,Human
33,-7.0,Ramos,1.030244534,hNeo4,0.023551498322699625,0,Human
34,-13.67969757,Ramos,0.0,hNeo4,5.119935716952521e-09,0,Human
35,-12.72545506,Ramos,0.07173308295,hNeo4,4.60794184390878e-08,0,Human
36,-11.77121255,Ramos,0.0,hNeo4,4.1471451757650615e-07,0,Human
37,-10.81697004,Ramos,0.0034466871599999997,hNeo4,3.7324105013696815e-06,0,Human
38,-9.862727528,Ramos,0.3071750579,hNeo4,3.359006171092134e-05,0,Human
39,-8.908485019,Ramos,0.8816695729,hNeo4,0.0003021783500314354,0,Human
40,-7.954242509,Ramos,1.000851466,hNeo4,0.002708945798511739,0,Human
41,-7.0,Ramos,1.003580822,hNeo4,0.023551498322699625,0,Human
0,-13.6797,Ramos,0.02406111,hIL13,7.37983620417787e-18,0,Human
1,-12.7255,Ramos,0.0137492,hIL13,6.641202500409701e-17,0,Human
2,-11.7712,Ramos,0.01814131,hIL13,5.97787353040833e-16,0,Human
3,-10.817,Ramos,0.0040101799999999995,hIL13,5.3795595916892394e-15,0,Human
4,-9.86273,Ramos,0.00190961,hIL13,4.841910112608108e-14,0,Human
5,-8.90849,Ramos,0.0024825,hIL13,4.357693921656391e-13,0,Human
6,-7.95424,Ramos,0.0,hIL13,3.921992174055194e-12,0,Human
7,-7.0,Ramos,0.0,hIL13,3.529772560756873e-11,0,Human
8,-13.6797,Ramos,0.02499121,hIL13,7.37983620417787e-18,0,Human
9,-12.7255,Ramos,0.01258863,hIL13,6.641202500409701e-17,0,Human
10,-11.7712,Ramos,0.004775,hIL13,5.97787353040833e-16,0,Human
11,-10.817,Ramos,0.0,hIL13,5.3795595916892394e-15,0,Human
12,-9.86273,Ramos,0.0,hIL13,4.841910112608108e-14,0,Human
13,-8.90849,Ramos,0.00948798,hIL13,4.357693921656391e-13,0,Human
14,-7.95424,Ramos,0.00266656,hIL13,3.921992174055194e-12,0,Human
15,-7.0,Ramos,0.00675941,hIL13,3.529772560756873e-11,0,Human
16,-13.6797,Ramos,0.0013022700000000001,hIL13,7.37983620417787e-18,0,Human
17,-12.7255,Ramos,0.0,hIL13,6.641202500409701e-17,0,Human
18,-11.7712,Ramos,0.0,hIL13,5.97787353040833e-16,0,Human
19,-10.817,Ramos,0.0,hIL13,5.3795595916892394e-15,0,Human
20,-9.86273,Ramos,0.0,hIL13,4.841910112608108e-14,0,Human
21,-8.90849,Ramos,0.0,hIL13,4.357693921656391e-13,0,Human
22,-7.95424,Ramos,0.0,hIL13,3.921992174055194e-12,0,Human
23,-7.0,Ramos,0.00502305,hIL13,3.529772560756873e-11,0,Human
24,-13.67969757,Ramos,0.0,hIL13,7.37987749655642e-18,0,Human
25,-12.72545506,Ramos,0.00471926962,hIL13,6.641889755475475e-17,0,Human
26,-11.77121255,Ramos,0.00269042473,hIL13,5.977700787645153e-16,0,Human
27,-10.81697004,Ramos,0.01354033432,hIL13,5.379930715826118e-15,0,Human
28,-9.862727528,Ramos,0.00736558903,hIL13,4.8419376727921825e-14,0,Human
29,-8.908485019,Ramos,0.01151148944,hIL13,4.357743901103061e-13,0,Human
30,-7.954242509,Ramos,0.0033078992600000003,hIL13,3.921969516042373e-12,0,Human
31,-7.0,Ramos,0.022008556430000003,hIL13,3.529772560756873e-11,0,Human
32,-13.67969757,Ramos,0.0,hIL13,7.37987749655642e-18,0,Human
33,-12.72545506,Ramos,0.08908898985000001,hIL13,6.641889755475475e-17,0,Human
34,-11.77121255,Ramos,0.0012072152999999999,hIL13,5.977700787645153e-16,0,Human
35,-10.81697004,Ramos,0.0,hIL13,5.379930715826118e-15,0,Human
36,-9.862727528,Ramos,0.0024669182200000002,hIL13,4.8419376727921825e-14,0,Human
37,-8.908485019,Ramos,0.0091153503,hIL13,4.357743901103061e-13,0,Human
38,-7.954242509,Ramos,0.00526625804,hIL13,3.921969516042373e-12,0,Human
39,-7.0,Ramos,0.00400655512,hIL13,3.529772560756873e-11,0,Human
40,-13.67969757,Ramos,0.00162711627,hIL13,7.37987749655642e-18,0,Human
41,-12.72545506,Ramos,0.08579976556,hIL13,6.641889755475475e-17,0,Human
42,-11.77121255,Ramos,0.0,hIL13,5.977700787645153e-16,0,Human
43,-10.81697004,Ramos,0.0,hIL13,5.379930715826118e-15,0,Human
44,-9.862727528,Ramos,0.0,hIL13,4.8419376727921825e-14,0,Human
45,-8.908485019,Ramos,0.01289445906,hIL13,4.357743901103061e-13,0,Human
46,-7.954242509,Ramos,0.0,hIL13,3.921969516042373e-12,0,Human
47,-7.0,Ramos,0.008905399809999999,hIL13,3.529772560756873e-11,0,Human
0,-13.2247,Macrophage,0.00902542,hIL4,0.028259275869463384,0,Human
1,-12.6227,Macrophage,0.00071806,hIL4,0.10418511358768086,0,Human
2,-12.0206,Macrophage,0.00668345,hIL4,0.3174907511158223,0,Human
3,-11.4185,Macrophage,0.07263419,hIL4,0.6504080341396163,0,Human
4,-10.8165,Macrophage,0.38338700000000003,hIL4,0.881516572643625,0,Human
5,-10.2144,Macrophage,0.8107301,hIL4,0.9674969757137081,0,Human
6,-9.61236,Macrophage,0.9574788,hIL4,0.9916767396957644,0,Human
7,-9.0103,Macrophage,0.9212224,hIL4,0.9979122323636889,0,Human
8,-8.40824,Macrophage,0.932623,hIL4,0.9994833859178925,0,Human
9,-7.80618,Macrophage,0.9297065999999999,hIL4,0.9998769481804145,0,Human
10,-7.20412,Macrophage,0.9661175,hIL4,0.9999753872118422,0,Human
11,-6.60206,Macrophage,1.0382989999999999,hIL4,1.0,0,Human
12,-13.2247,Macrophage,0.01644902,hIL4,0.028259275869463384,0,Human
13,-12.6227,Macrophage,0.00237511,hIL4,0.10418511358768086,0,Human
14,-12.0206,Macrophage,0.00745674,hIL4,0.3174907511158223,0,Human
15,-11.4185,Macrophage,0.07935078,hIL4,0.6504080341396163,0,Human
16,-10.8165,Macrophage,0.37649360000000004,hIL4,0.881516572643625,0,Human
17,-10.2144,Macrophage,0.8291343999999999,hIL4,0.9674969757137081,0,Human
18,-9.61236,Macrophage,0.958716,hIL4,0.9916767396957644,0,Human
19,-9.0103,Macrophage,1.001954,hIL4,0.9979122323636889,0,Human
20,-8.40824,Macrophage,0.9649466,hIL4,0.9994833859178925,0,Human
21,-7.80618,Macrophage,0.9964085,hIL4,0.9998769481804145,0,Human
22,-7.20412,Macrophage,1.057167,hIL4,0.9999753872118422,0,Human
23,-6.60206,Macrophage,1.0189,hIL4,1.0,0,Human
24,-13.2247,Macrophage,0.01644902,hIL4,0.028259275869463384,0,Human
25,-12.6227,Macrophage,0.00237511,hIL4,0.10418511358768086,0,Human
26,-12.0206,Macrophage,0.00745674,hIL4,0.3174907511158223,0,Human
27,-11.4185,Macrophage,0.07935078,hIL4,0.6504080341396163,0,Human
28,-10.8165,Macrophage,0.37649360000000004,hIL4,0.881516572643625,0,Human
29,-10.2144,Macrophage,0.8291343999999999,hIL4,0.9674969757137081,0,Human
30,-9.61236,Macrophage,0.958716,hIL4,0.9916767396957644,0,Human
31,-9.0103,Macrophage,1.001954,hIL4,0.9979122323636889,0,Human
32,-8.40824,Macrophage,0.9649466,hIL4,0.9994833859178925,0,Human
33,-7.80618,Macrophage,0.9964085,hIL4,0.9998769481804145,0,Human
34,-7.20412,Macrophage,1.057167,hIL4,0.9999753872118422,0,Human
35,-6.60206,Macrophage,1.0189,hIL4,1.0,0,Human
36,-13.00336125,Macrophage,0.02782013215,hIL4,0.04617557658657551,0,Human
37,-12.22521,Macrophage,0.03341982541,hIL4,0.22506414172628667,0,Human
38,-11.44705875,Macrophage,0.05695993723,hIL4,0.6353143292219099,0,Human
39,-10.6689075,Macrophage,0.3662627397,hIL4,0.9126729652751855,0,Human
40,-9.890756252,Macrophage,0.8179475519,hIL4,0.9843090347532176,0,Human
41,-9.112605002,Macrophage,0.9944627237,hIL4,0.997356967107522,0,Human
42,-8.334453751,Macrophage,1.029808558,hIL4,0.9995653525211784,0,Human
43,-7.556302501,Macrophage,1.052028997,hIL4,0.9999343685956082,0,Human
44,-13.00336125,Macrophage,0.025822789319999997,hIL4,0.04617557658657551,0,Human
45,-12.22521,Macrophage,0.02689279441,hIL4,0.22506414172628667,0,Human
46,-11.44705875,Macrophage,0.03948318755,hIL4,0.6353143292219099,0,Human
47,-10.6689075,Macrophage,0.4049255901,hIL4,0.9126729652751855,0,Human
48,-9.890756252,Macrophage,0.9188133643999999,hIL4,0.9843090347532176,0,Human
49,-9.112605002,Macrophage,0.9178503598000001,hIL4,0.997356967107522,0,Human
50,-8.334453751,Macrophage,0.9816226627,hIL4,0.9995653525211784,0,Human
51,-7.556302501,Macrophage,0.9365397819000001,hIL4,0.9999343685956082,0,Human
52,-13.00336125,Macrophage,0.022862441929999998,hIL4,0.04617557658657551,0,Human
53,-12.22521,Macrophage,0.0238254465,hIL4,0.22506414172628667,0,Human
54,-11.44705875,Macrophage,0.04633122007,hIL4,0.6353143292219099,0,Human
55,-10.6689075,Macrophage,0.3984698927,hIL4,0.9126729652751855,0,Human
56,-9.890756252,Macrophage,0.9307260876,hIL4,0.9843090347532176,0,Human
57,-9.112605002,Macrophage,0.7735780078000001,hIL4,0.997356967107522,0,Human
58,-8.334453751,Macrophage,0.9607575636,hIL4,0.9995653525211784,0,Human
59,-7.556302501,Macrophage,0.9664999242000001,hIL4,0.9999343685956082,0,Human
60,-13.00336125,Macrophage,0.08306106531999999,hIL4,0.04617557658657551,0,Human
61,-12.22521,Macrophage,0.058999599500000006,hIL4,0.22506414172628667,0,Human
62,-11.44705875,Macrophage,0.07597858393,hIL4,0.6353143292219099,0,Human
63,-10.6689075,Macrophage,0.3156130773,hIL4,0.9126729652751855,0,Human
64,-9.890756252,Macrophage,0.8729158323,hIL4,0.9843090347532176,0,Human
65,-9.112605002,Macrophage,1.0688223270000001,hIL4,0.997356967107522,0,Human
66,-8.334453751,Macrophage,0.9776986151,hIL4,0.9995653525211784,0,Human
67,-7.556302501,Macrophage,0.9989144410999999,hIL4,0.9999343685956082,0,Human
68,-13.00336125,Macrophage,0.07885584199000001,hIL4,0.04617557658657551,0,Human
69,-12.22521,Macrophage,0.0554583588,hIL4,0.22506414172628667,0,Human
70,-11.44705875,Macrophage,0.07057186822,hIL4,0.6353143292219099,0,Human
71,-10.6689075,Macrophage,0.317288843,hIL4,0.9126729652751855,0,Human
72,-9.890756252,Macrophage,0.8476844923,hIL4,0.9843090347532176,0,Human
73,-9.112605002,Macrophage,1.043907169,hIL4,0.997356967107522,0,Human
74,-8.334453751,Macrophage,0.9847178601000001,hIL4,0.9995653525211784,0,Human
75,-7.556302501,Macrophage,1.021268523,hIL4,0.9999343685956082,0,Human
76,-13.00336125,Macrophage,0.07781244072,hIL4,0.04617557658657551,0,Human
77,-12.22521,Macrophage,0.044581690939999995,hIL4,0.22506414172628667,0,Human
78,-11.44705875,Macrophage,0.06782108303,hIL4,0.6353143292219099,0,Human
79,-10.6689075,Macrophage,0.2894015725,hIL4,0.9126729652751855,0,Human
80,-9.890756252,Macrophage,0.8356695685,hIL4,0.9843090347532176,0,Human
81,-9.112605002,Macrophage,0.9033641787000001,hIL4,0.997356967107522,0,Human
82,-8.334453751,Macrophage,1.004921903,hIL4,0.9995653525211784,0,Human
83,-7.556302501,Macrophage,1.012478658,hIL4,0.9999343685956082,0,Human
84,-13.00336125,Macrophage,0.04520969751,hIL4,0.04617557658657551,0,Human
85,-12.22521,Macrophage,0.00621184453,hIL4,0.22506414172628667,0,Human
86,-11.44705875,Macrophage,0.05893229624,hIL4,0.6353143292219099,0,Human
87,-10.6689075,Macrophage,0.407437404,hIL4,0.9126729652751855,0,Human
88,-9.890756252,Macrophage,0.8511449507000001,hIL4,0.9843090347532176,0,Human
89,-9.112605002,Macrophage,0.9412740012,hIL4,0.997356967107522,0,Human
90,-8.334453751,Macrophage,0.9779796606,hIL4,0.9995653525211784,0,Human
91,-7.556302501,Macrophage,1.032442179,hIL4,0.9999343685956082,0,Human
92,-13.00336125,Macrophage,0.03069247167,hIL4,0.04617557658657551,0,Human
93,-12.22521,Macrophage,0.00706759679,hIL4,0.22506414172628667,0,Human
94,-11.44705875,Macrophage,0.05835160721,hIL4,0.6353143292219099,0,Human
95,-10.6689075,Macrophage,0.42467469950000003,hIL4,0.9126729652751855,0,Human
96,-9.890756252,Macrophage,0.8742808243,hIL4,0.9843090347532176,0,Human
97,-9.112605002,Macrophage,0.9823195470999999,hIL4,0.997356967107522,0,Human
98,-8.334453751,Macrophage,1.037087692,hIL4,0.9995653525211784,0,Human
99,-7.556302501,Macrophage,0.9524904683,hIL4,0.9999343685956082,0,Human
0,-12.6227,Macrophage,0.01004175,hNeo4,2.9969640742998833e-06,0,Human
1,-12.0206,Macrophage,0.0,hNeo4,1.1988851849045137e-05,0,Human
2,-11.4185,Macrophage,0.0,hNeo4,4.795808339940666e-05,0,Human
3,-10.8165,Macrophage,0.0,hNeo4,0.00019177797931512286,0,Human
4,-10.2144,Macrophage,0.00257396,hNeo4,0.0007667370796362547,0,Human
5,-9.61236,Macrophage,0.02073527,hNeo4,0.0030597006262362615,0,Human
6,-9.0103,Macrophage,0.07946125,hNeo4,0.012126402622669681,0,Human
7,-8.40824,Macrophage,0.1563264,hNeo4,0.04678689823275452,0,Human
8,-7.80618,Macrophage,0.17755880000000002,hNeo4,0.16391672194611842,0,Human
9,-7.20412,Macrophage,0.2432002,hNeo4,0.4381482199574397,0,Human
10,-6.60206,Macrophage,0.2492098,hNeo4,0.7532186751934791,0,Human
11,-6.0,Macrophage,0.2788821,hNeo4,0.9183402568609558,0,Human
12,-12.6227,Macrophage,0.0067718299999999995,hNeo4,2.9969640742998833e-06,0,Human
13,-12.0206,Macrophage,0.0,hNeo4,1.1988851849045137e-05,0,Human
14,-11.4185,Macrophage,0.0,hNeo4,4.795808339940666e-05,0,Human
15,-10.8165,Macrophage,0.0,hNeo4,0.00019177797931512286,0,Human
16,-10.2144,Macrophage,0.0,hNeo4,0.0007667370796362547,0,Human
17,-9.61236,Macrophage,0.00904751,hNeo4,0.0030597006262362615,0,Human
18,-9.0103,Macrophage,0.057389289999999996,hNeo4,0.012126402622669681,0,Human
19,-8.40824,Macrophage,0.1370162,hNeo4,0.04678689823275452,0,Human
20,-7.80618,Macrophage,0.19006409999999999,hNeo4,0.16391672194611842,0,Human
21,-7.20412,Macrophage,0.2265192,hNeo4,0.4381482199574397,0,Human
22,-6.60206,Macrophage,0.2559706,hNeo4,0.7532186751934791,0,Human
23,-6.0,Macrophage,0.2502041,hNeo4,0.9183402568609558,0,Human
24,-12.6227,Macrophage,0.00451823,hNeo4,2.9969640742998833e-06,0,Human
25,-12.0206,Macrophage,0.0,hNeo4,1.1988851849045137e-05,0,Human
26,-11.4185,Macrophage,0.0,hNeo4,4.795808339940666e-05,0,Human
27,-10.8165,Macrophage,0.0,hNeo4,0.00019177797931512286,0,Human
28,-10.2144,Macrophage,0.0,hNeo4,0.0007667370796362547,0,Human
29,-9.61236,Macrophage,0.010108029999999999,hNeo4,0.0030597006262362615,0,Human
30,-9.0103,Macrophage,0.06430473,hNeo4,0.012126402622669681,0,Human
31,-8.40824,Macrophage,0.1276263,hNeo4,0.04678689823275452,0,Human
32,-7.80618,Macrophage,0.17470870000000002,hNeo4,0.16391672194611842,0,Human
33,-7.20412,Macrophage,0.221526,hNeo4,0.4381482199574397,0,Human
34,-6.60206,Macrophage,0.23776509999999998,hNeo4,0.7532186751934791,0,Human
35,-6.0,Macrophage,0.26525010000000004,hNeo4,0.9183402568609558,0,Human
36,-11.44705875,Macrophage,0.01201972376,hNeo4,4.490600363271584e-05,0,Human
37,-10.6689075,Macrophage,0.01094971868,hNeo4,0.00026937494575121726,0,Human
38,-9.890756252,Macrophage,0.02578712249,hNeo4,0.0016140544223226816,0,Human
39,-9.112605002,Macrophage,0.03748584472,hNeo4,0.00960604340427959,0,Human
40,-8.334453751,Macrophage,0.08506540405999999,hNeo4,0.05497021972365758,0,Human
41,-7.556302501,Macrophage,0.168632801,hNeo4,0.2581756125305948,0,Human
42,-6.77815125,Macrophage,0.1697384729,hNeo4,0.6726012476117982,0,Human
43,-6.0,Macrophage,0.19042523790000002,hNeo4,0.9183402568609558,0,Human
44,-11.44705875,Macrophage,0.01387439924,hNeo4,4.490600363271584e-05,0,Human
45,-10.6689075,Macrophage,0.0138387324,hNeo4,0.00026937494575121726,0,Human
46,-9.890756252,Macrophage,0.01747674968,hNeo4,0.0016140544223226816,0,Human
47,-9.112605002,Macrophage,0.02660745972,hNeo4,0.00960604340427959,0,Human
48,-8.334453751,Macrophage,0.1117441975,hNeo4,0.05497021972365758,0,Human
49,-7.556302501,Macrophage,0.1526897253,hNeo4,0.2581756125305948,0,Human
50,-6.77815125,Macrophage,0.16089309759999998,hNeo4,0.6726012476117982,0,Human
51,-6.0,Macrophage,0.17230648510000002,hNeo4,0.9183402568609558,0,Human
52,-11.44705875,Macrophage,0.005920694789999999,hNeo4,4.490600363271584e-05,0,Human
53,-10.6689075,Macrophage,0.00920204371,hNeo4,0.00026937494575121726,0,Human
54,-9.890756252,Macrophage,0.01647807827,hNeo4,0.0016140544223226816,0,Human
55,-9.112605002,Macrophage,0.02910413824,hNeo4,0.00960604340427959,0,Human
56,-8.334453751,Macrophage,0.06230996264,hNeo4,0.05497021972365758,0,Human
57,-7.556302501,Macrophage,0.1326449634,hNeo4,0.2581756125305948,0,Human
58,-6.77815125,Macrophage,0.1596804251,hNeo4,0.6726012476117982,0,Human
59,-6.0,Macrophage,0.1634967766,hNeo4,0.9183402568609558,0,Human
60,-11.44705875,Macrophage,0.0,hNeo4,4.490600363271584e-05,0,Human
61,-10.6689075,Macrophage,0.0,hNeo4,0.00026937494575121726,0,Human
62,-9.890756252,Macrophage,0.0,hNeo4,0.0016140544223226816,0,Human
63,-9.112605002,Macrophage,0.0,hNeo4,0.00960604340427959,0,Human
64,-8.334453751,Macrophage,0.0,hNeo4,0.05497021972365758,0,Human
65,-7.556302501,Macrophage,0.038467568540000004,hNeo4,0.2581756125305948,0,Human
66,-6.77815125,Macrophage,0.07565848414000001,hNeo4,0.6726012476117982,0,Human
67,-6.0,Macrophage,0.07841336678000001,hNeo4,0.9183402568609558,0,Human
68,-11.44705875,Macrophage,0.0,hNeo4,4.490600363271584e-05,0,Human
69,-10.6689075,Macrophage,0.0,hNeo4,0.00026937494575121726,0,Human
70,-9.890756252,Macrophage,0.0,hNeo4,0.0016140544223226816,0,Human
71,-9.112605002,Macrophage,0.0,hNeo4,0.00960604340427959,0,Human
72,-8.334453751,Macrophage,0.0,hNeo4,0.05497021972365758,0,Human
73,-7.556302501,Macrophage,0.034839186529999996,hNeo4,0.2581756125305948,0,Human
74,-6.77815125,Macrophage,0.05721420892,hNeo4,0.6726012476117982,0,Human
75,-6.0,Macrophage,0.06195126321,hNeo4,0.9183402568609558,0,Human
76,-11.44705875,Macrophage,0.0,hNeo4,4.490600363271584e-05,0,Human
77,-10.6689075,Macrophage,0.0,hNeo4,0.00026937494575121726,0,Human
78,-9.890756252,Macrophage,0.0,hNeo4,0.0016140544223226816,0,Human
79,-9.112605002,Macrophage,0.0,hNeo4,0.00960604340427959,0,Human
80,-8.334453751,Macrophage,0.0,hNeo4,0.05497021972365758,0,Human
81,-7.556302501,Macrophage,0.03016932449,hNeo4,0.2581756125305948,0,Human
82,-6.77815125,Macrophage,0.0381987995,hNeo4,0.6726012476117982,0,Human
83,-6.0,Macrophage,0.034872782660000004,hNeo4,0.9183402568609558,0,Human
84,-10.6689075,Macrophage,0.0,hNeo4,0.00026937494575121726,0,Human
85,-9.890756252,Macrophage,0.0,hNeo4,0.0016140544223226816,0,Human
86,-9.112605002,Macrophage,0.02564964586,hNeo4,0.00960604340427959,0,Human
87,-8.334453751,Macrophage,0.1528511067,hNeo4,0.05497021972365758,0,Human
88,-7.556302501,Macrophage,0.22886024500000002,hNeo4,0.2581756125305948,0,Human
89,-6.77815125,Macrophage,0.2713116696,hNeo4,0.6726012476117982,0,Human
90,-6.0,Macrophage,0.2454862889,hNeo4,0.9183402568609558,0,Human
91,-10.6689075,Macrophage,0.0,hNeo4,0.00026937494575121726,0,Human
92,-9.890756252,Macrophage,0.0,hNeo4,0.0016140544223226816,0,Human
93,-9.112605002,Macrophage,0.03558248458,hNeo4,0.00960604340427959,0,Human
94,-8.334453751,Macrophage,0.15881081,hNeo4,0.05497021972365758,0,Human
95,-7.556302501,Macrophage,0.2581391973,hNeo4,0.2581756125305948,0,Human
96,-6.77815125,Macrophage,0.2723202347,hNeo4,0.6726012476117982,0,Human
97,-6.0,Macrophage,0.29197197410000003,hNeo4,0.9183402568609558,0,Human
0,-13.00336125,Macrophage,0.021462572299999996,hIL13,0.0009875032791979135,0,Human
1,-12.22521,Macrophage,0.0,hIL13,0.005890814741773394,0,Human
2,-11.44705875,Macrophage,0.0,hIL13,0.03416729115982342,0,Human
3,-10.6689075,Macrophage,0.0,hIL13,0.1715398138107552,0,Human
4,-9.890756252,Macrophage,0.2736344257,hIL13,0.5369414297223787,0,Human
5,-9.112605002,Macrophage,0.7841212112,hIL13,0.8671567714068955,0,Human
6,-8.334453751,Macrophage,0.9303631599000001,hIL13,0.9767581165312137,0,Human
7,-7.556302501,Macrophage,0.8783762101000001,hIL13,1.0093498882070817,0,Human
8,-13.00336125,Macrophage,0.00994047937,hIL13,0.0009875032791979135,0,Human
9,-12.22521,Macrophage,0.0,hIL13,0.005890814741773394,0,Human
10,-11.44705875,Macrophage,0.0,hIL13,0.03416729115982342,0,Human
11,-10.6689075,Macrophage,0.0,hIL13,0.1715398138107552,0,Human
12,-9.890756252,Macrophage,0.2699363534,hIL13,0.5369414297223787,0,Human
13,-9.112605002,Macrophage,0.7538031311000001,hIL13,0.8671567714068955,0,Human
14,-8.334453751,Macrophage,0.9278264656999999,hIL13,0.9767581165312137,0,Human
15,-7.556302501,Macrophage,0.8303623958,hIL13,1.0093498882070817,0,Human
0,-13.2483,Macrophage,0.00943415,mIL4,0.014079726430551038,0,Mouse
1,-12.7712,Macrophage,0.011704019999999999,mIL4,0.03998735160326355,0,Mouse
2,-12.2941,Macrophage,0.030584129999999998,mIL4,0.10406122714720754,0,Mouse
3,-11.817,Macrophage,0.06566071,mIL4,0.22898566960414712,0,Mouse
4,-11.3398,Macrophage,0.2448031,mIL4,0.4034577321251975,0,Mouse
5,-10.8627,Macrophage,0.5819378,mIL4,0.5801865493076148,0,Mouse
6,-10.3856,Macrophage,0.9608996000000001,mIL4,0.7232798698004591,0,Mouse
7,-9.90849,Macrophage,1.013367,mIL4,0.8263480609990473,0,Mouse
8,-9.43136,Macrophage,0.873356,mIL4,0.8987208537328055,0,Mouse
9,-8.95424,Macrophage,1.0251649999999999,mIL4,0.9496144700687211,0,Mouse
10,-8.47712,Macrophage,0.9538890999999999,mIL4,0.9814546998494408,0,Mouse
11,-8.0,Macrophage,1.064321,mIL4,0.9971221684411806,0,Mouse
12,-13.2483,Macrophage,0.02224945,mIL4,0.014079726430551038,0,Mouse
13,-12.7712,Macrophage,0.02350261,mIL4,0.03998735160326355,0,Mouse
14,-12.2941,Macrophage,0.02579612,mIL4,0.10406122714720754,0,Mouse
15,-11.817,Macrophage,0.07823957,mIL4,0.22898566960414712,0,Mouse
16,-11.3398,Macrophage,0.2869139,mIL4,0.4034577321251975,0,Mouse
17,-10.8627,Macrophage,0.6711484,mIL4,0.5801865493076148,0,Mouse
18,-10.3856,Macrophage,0.8541094,mIL4,0.7232798698004591,0,Mouse
19,-9.90849,Macrophage,0.9412747,mIL4,0.8263480609990473,0,Mouse
20,-9.43136,Macrophage,0.9910463,mIL4,0.8987208537328055,0,Mouse
21,-8.95424,Macrophage,1.093344,mIL4,0.9496144700687211,0,Mouse
22,-8.47712,Macrophage,1.091228,mIL4,0.9814546998494408,0,Mouse
23,-8.0,Macrophage,1.085742,mIL4,0.9971221684411806,0,Mouse
24,-13.2483,Macrophage,0.00497105,mIL4,0.014079726430551038,0,Mouse
25,-12.7712,Macrophage,0.00811658,mIL4,0.03998735160326355,0,Mouse
26,-12.2941,Macrophage,0.02711143,mIL4,0.10406122714720754,0,Mouse
27,-11.817,Macrophage,0.06493261,mIL4,0.22898566960414712,0,Mouse
28,-11.3398,Macrophage,0.3184188,mIL4,0.4034577321251975,0,Mouse
29,-10.8627,Macrophage,0.6758852000000001,mIL4,0.5801865493076148,0,Mouse
30,-10.3856,Macrophage,0.9710496000000001,mIL4,0.7232798698004591,0,Mouse
31,-9.90849,Macrophage,1.0074379999999998,mIL4,0.8263480609990473,0,Mouse
32,-9.43136,Macrophage,0.9685781,mIL4,0.8987208537328055,0,Mouse
33,-8.95424,Macrophage,1.1097709999999998,mIL4,0.9496144700687211,0,Mouse
34,-8.47712,Macrophage,0.9728283000000001,mIL4,0.9814546998494408,0,Mouse
35,-8.0,Macrophage,1.079196,mIL4,0.9971221684411806,0,Mouse
36,-13.2483,Macrophage,0.0023310600000000002,mIL4,0.014079726430551038,0,Mouse
37,-12.7712,Macrophage,0.16473749999999998,mIL4,0.03998735160326355,0,Mouse
38,-12.2941,Macrophage,0.010335289999999999,mIL4,0.10406122714720754,0,Mouse
39,-11.817,Macrophage,0.04516074,mIL4,0.22898566960414712,0,Mouse
40,-11.3398,Macrophage,0.2768155,mIL4,0.4034577321251975,0,Mouse
41,-10.8627,Macrophage,0.6747244000000001,mIL4,0.5801865493076148,0,Mouse
42,-10.3856,Macrophage,0.9421969,mIL4,0.7232798698004591,0,Mouse
43,-9.90849,Macrophage,0.9083450999999999,mIL4,0.8263480609990473,0,Mouse
44,-9.43136,Macrophage,1.113731,mIL4,0.8987208537328055,0,Mouse
45,-8.95424,Macrophage,1.042114,mIL4,0.9496144700687211,0,Mouse
46,-8.47712,Macrophage,1.0061,mIL4,0.9814546998494408,0,Mouse
47,-8.0,Macrophage,1.088773,mIL4,0.9971221684411806,0,Mouse
48,-13.75133342,Macrophage,0.0,mIL4,0.004510037109628966,0,Mouse
49,-12.90623538,Macrophage,0.0,mIL4,0.029935560338121787,0,Mouse
50,-12.06113734,Macrophage,0.00942363928,mIL4,0.15695586328610509,0,Mouse
51,-11.2160393,Macrophage,0.2875483445,mIL4,0.4510663137358012,0,Mouse
52,-10.37094126,Macrophage,0.9373549665,mIL4,0.7270157216977822,0,Mouse
53,-9.525843224,Macrophage,1.04132629,mIL4,0.886288552227484,0,Mouse
54,-8.680745184,Macrophage,0.9971795113999999,mIL4,0.9701401922663629,0,Mouse
55,-7.835647144,Macrophage,0.8860201868,mIL4,1.0,0,Mouse
56,-13.75133342,Macrophage,0.0,mIL4,0.004510037109628966,0,Mouse
57,-12.90623538,Macrophage,0.0,mIL4,0.029935560338121787,0,Mouse
58,-12.06113734,Macrophage,0.0,mIL4,0.15695586328610509,0,Mouse
59,-11.2160393,Macrophage,0.2960381096,mIL4,0.4510663137358012,0,Mouse
60,-10.37094126,Macrophage,0.9550136779999999,mIL4,0.7270157216977822,0,Mouse
61,-9.525843224,Macrophage,1.0228752,mIL4,0.886288552227484,0,Mouse
62,-8.680745184,Macrophage,1.17144609,mIL4,0.9701401922663629,0,Mouse
63,-7.835647144,Macrophage,0.8811527214,mIL4,1.0,0,Mouse
0,-10.0722,Macrophage,0.013288,mNeo4,0.01638028654090961,0,Mouse
1,-9.59512,Macrophage,0.026840000000000003,mNeo4,0.04611683750183875,0,Mouse
2,-9.118,Macrophage,0.06515,mNeo4,0.11771665279440416,0,Mouse
3,-8.64088,Macrophage,0.20989999999999998,mNeo4,0.25112082281125975,0,Mouse
4,-8.16376,Macrophage,0.50127,mNeo4,0.4278535076972399,0,Mouse
5,-7.68664,Macrophage,0.8765900000000001,mNeo4,0.5988990221542188,0,Mouse
6,-7.20952,Macrophage,1.059839,mNeo4,0.731736940523496,0,Mouse
7,-6.73239,Macrophage,0.8553507,mNeo4,0.8216765346862546,0,Mouse
8,-6.25527,Macrophage,1.17122,mNeo4,0.8771669415983705,0,Mouse
9,-5.77815,Macrophage,1.0204241,mNeo4,0.9085537211654209,0,Mouse
10,-5.30103,Macrophage,1.090459,mNeo4,0.9246555371715786,0,Mouse
11,-4.82391,Macrophage,1.14652,mNeo4,0.932965997384592,0,Mouse
12,-10.0722,Macrophage,0.01992,mNeo4,0.01638028654090961,0,Mouse
13,-9.59512,Macrophage,0.022719999999999997,mNeo4,0.04611683750183875,0,Mouse
14,-9.118,Macrophage,0.056749999999999995,mNeo4,0.11771665279440416,0,Mouse
15,-8.64088,Macrophage,0.15539999999999998,mNeo4,0.25112082281125975,0,Mouse
16,-8.16376,Macrophage,0.43012,mNeo4,0.4278535076972399,0,Mouse
17,-7.68664,Macrophage,0.6523,mNeo4,0.5988990221542188,0,Mouse
18,-7.20952,Macrophage,0.6457305999999999,mNeo4,0.731736940523496,0,Mouse
19,-6.73239,Macrophage,0.8869499999999999,mNeo4,0.8216765346862546,0,Mouse
20,-6.25527,Macrophage,0.77837,mNeo4,0.8771669415983705,0,Mouse
21,-5.77815,Macrophage,0.7920699999999999,mNeo4,0.9085537211654209,0,Mouse
22,-5.30103,Macrophage,0.900239,mNeo4,0.9246555371715786,0,Mouse
23,-4.82391,Macrophage,1.09834,mNeo4,0.932965997384592,0,Mouse
24,-10.0722,Macrophage,0.005850999999999999,mNeo4,0.01638028654090961,0,Mouse
25,-9.59512,Macrophage,0.022959999999999998,mNeo4,0.04611683750183875,0,Mouse
26,-9.118,Macrophage,0.23998666,mNeo4,0.11771665279440416,0,Mouse
27,-8.64088,Macrophage,0.24709,mNeo4,0.25112082281125975,0,Mouse
28,-8.16376,Macrophage,0.59167,mNeo4,0.4278535076972399,0,Mouse
29,-7.68664,Macrophage,1.0361799999999999,mNeo4,0.5988990221542188,0,Mouse
30,-7.20952,Macrophage,1.27934,mNeo4,0.731736940523496,0,Mouse
31,-6.73239,Macrophage,1.237239,mNeo4,0.8216765346862546,0,Mouse
32,-6.25527,Macrophage,1.25977,mNeo4,0.8771669415983705,0,Mouse
33,-5.77815,Macrophage,1.1225589999999999,mNeo4,0.9085537211654209,0,Mouse
34,-5.30103,Macrophage,1.09315,mNeo4,0.9246555371715786,0,Mouse
35,-4.82391,Macrophage,1.2841322,mNeo4,0.932965997384592,0,Mouse
36,-10.0722,Macrophage,0.0042970000000000005,mNeo4,0.01638028654090961,0,Mouse
37,-9.59512,Macrophage,0.009371,mNeo4,0.04611683750183875,0,Mouse
38,-9.118,Macrophage,0.04555,mNeo4,0.11771665279440416,0,Mouse
39,-8.64088,Macrophage,0.16261,mNeo4,0.25112082281125975,0,Mouse
40,-8.16376,Macrophage,0.450362,mNeo4,0.4278535076972399,0,Mouse
41,-7.68664,Macrophage,0.7182559999999999,mNeo4,0.5988990221542188,0,Mouse
42,-7.20952,Macrophage,0.74405,mNeo4,0.731736940523496,0,Mouse
43,-6.73239,Macrophage,0.80062,mNeo4,0.8216765346862546,0,Mouse
44,-6.25527,Macrophage,0.8272499999999999,mNeo4,0.8771669415983705,0,Mouse
45,-5.77815,Macrophage,0.8650199999999999,mNeo4,0.9085537211654209,0,Mouse
46,-4.82391,Macrophage,0.913025,mNeo4,0.932965997384592,0,Mouse
47,-11.21671628,Macrophage,0.0,mNeo4,0.0012120603008059702,0,Mouse
48,-10.37161824,Macrophage,0.0,mNeo4,0.008359583938049144,0,Mouse
49,-9.526520196,Macrophage,0.0,mNeo4,0.05318422483444572,0,Mouse
50,-8.681422156,Macrophage,0.1286765399,mNeo4,0.23750306301859303,0,Mouse
51,-7.836324116,Macrophage,0.7075087256,mNeo4,0.5484609705639353,0,Mouse
52,-6.991226076,Macrophage,1.3046788040000001,mNeo4,0.7778316884684905,0,Mouse
53,-6.146128036,Macrophage,1.127299311,mNeo4,0.8861268147452044,0,Mouse
54,-5.301029996,Macrophage,1.267097444,mNeo4,0.9246555372641724,0,Mouse
55,-11.21671628,Macrophage,0.0,mNeo4,0.0012120603008059702,0,Mouse
56,-10.37161824,Macrophage,0.0,mNeo4,0.008359583938049144,0,Mouse
57,-9.526520196,Macrophage,0.0,mNeo4,0.05318422483444572,0,Mouse
58,-8.681422156,Macrophage,0.1198471842,mNeo4,0.23750306301859303,0,Mouse
59,-7.836324116,Macrophage,0.7047354023,mNeo4,0.5484609705639353,0,Mouse
60,-6.991226076,Macrophage,1.056268277,mNeo4,0.7778316884684905,0,Mouse
61,-6.146128036,Macrophage,1.209593435,mNeo4,0.8861268147452044,0,Mouse
62,-5.301029996,Macrophage,1.237666258,mNeo4,0.9246555372641724,0,Mouse
0,-13.0206,A549,0.0,hIL4,0.0013695632527664214,0,Human
1,-12.4185,A549,0.0,hIL4,0.005455488956747039,0,Human
2,-11.8165,A549,0.00155518,hIL4,0.021454814509080915,0,Human
3,-11.2144,A549,0.1319957,hIL4,0.08046952533712139,0,Human
4,-10.6124,A549,0.4892977,hIL4,0.25796525089577127,0,Human
5,-10.0103,A549,0.9598362,hIL4,0.5788333565799119,0,Human
6,-9.40824,A549,1.137807,hIL4,0.845110147917719,0,Human
7,-8.80618,A549,1.027972,hIL4,0.9564989122733186,0,Human
8,-8.20412,A549,1.0266119999999999,hIL4,0.989273844969723,0,Human
9,-7.60206,A549,0.982289,hIL4,0.9978354725005409,0,Human
10,-7.0,A549,0.9021002,hIL4,1.0,0,Human
11,-13.0206,A549,0.0,hIL4,0.0013695632527664214,0,Human
12,-12.4185,A549,0.0,hIL4,0.005455488956747039,0,Human
13,-11.8165,A549,0.015260180000000002,hIL4,0.021454814509080915,0,Human
14,-11.2144,A549,0.1521158,hIL4,0.08046952533712139,0,Human
15,-10.6124,A549,0.5382858,hIL4,0.25796525089577127,0,Human
16,-10.0103,A549,0.9149303999999999,hIL4,0.5788333565799119,0,Human
17,-9.40824,A549,1.110591,hIL4,0.845110147917719,0,Human
18,-8.80618,A549,0.9725691999999999,hIL4,0.9564989122733186,0,Human
19,-8.20412,A549,0.9547817999999999,hIL4,0.989273844969723,0,Human
20,-7.60206,A549,0.8057764000000001,hIL4,0.9978354725005409,0,Human
21,-13.0206,A549,0.0,hIL4,0.0013695632527664214,0,Human
22,-12.4185,A549,0.0,hIL4,0.005455488956747039,0,Human
23,-11.8165,A549,0.04267018,hIL4,0.021454814509080915,0,Human
24,-11.2144,A549,0.15940569999999998,hIL4,0.08046952533712139,0,Human
25,-10.6124,A549,0.5058215,hIL4,0.25796525089577127,0,Human
26,-10.0103,A549,0.8025688,hIL4,0.5788333565799119,0,Human
27,-9.40824,A549,1.132364,hIL4,0.845110147917719,0,Human
28,-8.80618,A549,1.021266,hIL4,0.9564989122733186,0,Human
29,-8.20412,A549,1.0526609999999998,hIL4,0.989273844969723,0,Human
30,-7.60206,A549,0.9324261,hIL4,0.9978354725005409,0,Human
31,-7.0,A549,0.9407852,hIL4,1.0,0,Human
32,-13.3216,A549,0.09737391000000001,hIL4,0.0006853160872232431,0,Human
33,-12.4185,A549,0.054489869999999996,hIL4,0.005455488956747039,0,Human
34,-11.5154,A549,0.056255639999999996,hIL4,0.04198328094887998,0,Human
35,-10.6124,A549,0.2379041,hIL4,0.25796525089577127,0,Human
36,-9.70927,A549,0.7982358,hIL4,0.7322535130835487,0,Human
37,-8.80618,A549,0.925301,hIL4,0.9564989122733186,0,Human
38,-7.90309,A549,0.8975622,hIL4,0.9949645372655025,0,Human
39,-7.0,A549,0.9445378,hIL4,1.0,0,Human
40,-13.3216,A549,0.08113974,hIL4,0.0006853160872232431,0,Human
41,-12.4185,A549,0.04457979,hIL4,0.005455488956747039,0,Human
42,-11.5154,A549,0.05557111,hIL4,0.04198328094887998,0,Human
43,-10.6124,A549,0.2346604,hIL4,0.25796525089577127,0,Human
44,-9.70927,A549,0.8406375,hIL4,0.7322535130835487,0,Human
45,-8.80618,A549,0.9849403999999999,hIL4,0.9564989122733186,0,Human
46,-7.90309,A549,0.9447867,hIL4,0.9949645372655025,0,Human
47,-7.0,A549,1.039998,hIL4,1.0,0,Human
48,-13.3216,A549,0.1056038,hIL4,0.0006853160872232431,0,Human
49,-12.4185,A549,0.06350539999999999,hIL4,0.005455488956747039,0,Human
50,-11.5154,A549,0.08188648999999999,hIL4,0.04198328094887998,0,Human
51,-10.6124,A549,0.2769999,hIL4,0.25796525089577127,0,Human
52,-9.70927,A549,0.9552646,hIL4,0.7322535130835487,0,Human
53,-8.80618,A549,1.112449,hIL4,0.9564989122733186,0,Human
54,-7.90309,A549,1.014531,hIL4,0.9949645372655025,0,Human
55,-7.0,A549,1.158585,hIL4,1.0,0,Human
56,-12.0,A549,0.03200822896,hIL4,0.014169902544602885,0,Human
57,-11.0,A549,0.04513825861,hIL4,0.12520737264001547,0,Human
58,-10.0,A549,0.19362255699999997,hIL4,0.584555241543056,0,Human
59,-9.0,A549,0.7965753010000001,hIL4,0.9333559454758765,0,Human
60,-8.0,A549,1.0350940880000001,hIL4,0.9935354968511374,0,Human
61,-7.0,A549,0.9629091789,hIL4,1.0,0,Human
62,-12.0,A549,0.05439583712,hIL4,0.014169902544602885,0,Human
63,-11.0,A549,0.04598535729,hIL4,0.12520737264001547,0,Human
64,-10.0,A549,0.17383675199999998,hIL4,0.584555241543056,0,Human
65,-9.0,A549,0.7652326496,hIL4,0.9333559454758765,0,Human
66,-8.0,A549,1.011798875,hIL4,0.9935354968511374,0,Human
67,-7.0,A549,0.9465722757,hIL4,1.0,0,Human
68,-12.0,A549,0.051430991710000006,hIL4,0.014169902544602885,0,Human
69,-11.0,A549,0.038179947959999995,hIL4,0.12520737264001547,0,Human
70,-10.0,A549,0.1817026684,hIL4,0.584555241543056,0,Human
71,-9.0,A549,0.7950021177000001,hIL4,0.9333559454758765,0,Human
72,-8.0,A549,1.037816906,hIL4,0.9935354968511374,0,Human
73,-7.0,A549,1.005808677,hIL4,1.0,0,Human
74,-13.44705875,A549,0.0,hIL4,0.0005134636568319708,0,Human
75,-12.6689075,A549,0.0,hIL4,0.003072593128074273,0,Human
76,-11.89075625,A549,0.0,hIL4,0.018146350596120724,0,Human
77,-11.112605,A549,0.0,hIL4,0.09954232055948832,0,Human
78,-10.33445375,A549,0.1271198724,hIL4,0.39609597792582873,0,Human
79,-9.556302501,A549,0.4754312219,hIL4,0.7952159116832284,0,Human
80,-8.77815125,A549,1.238730251,hIL4,0.9591439707760531,0,Human
81,-8.0,A549,0.7612697491999999,hIL4,0.9935354968511374,0,Human
82,-13.44705875,A549,0.00207492795,hIL4,0.0005134636568319708,0,Human
83,-12.6689075,A549,0.0,hIL4,0.003072593128074273,0,Human
84,-11.89075625,A549,0.0,hIL4,0.018146350596120724,0,Human
85,-11.112605,A549,0.005072046110000001,hIL4,0.09954232055948832,0,Human
86,-10.33445375,A549,0.3156195965,hIL4,0.39609597792582873,0,Human
87,-9.556302501,A549,0.7387896254,hIL4,0.7952159116832284,0,Human
88,-8.77815125,A549,0.904092219,hIL4,0.9591439707760531,0,Human
89,-8.0,A549,0.9572334294,hIL4,0.9935354968511374,0,Human
90,-13.44705875,A549,0.0,hIL4,0.0005134636568319708,0,Human
91,-12.6689075,A549,0.0,hIL4,0.003072593128074273,0,Human
92,-11.89075625,A549,0.0,hIL4,0.018146350596120724,0,Human
93,-11.112605,A549,0.0,hIL4,0.09954232055948832,0,Human
94,-10.33445375,A549,0.3012103746,hIL4,0.39609597792582873,0,Human
95,-9.556302501,A549,0.6901440922000001,hIL4,0.7952159116832284,0,Human
96,-8.77815125,A549,0.928184438,hIL4,0.9591439707760531,0,Human
97,-8.0,A549,1.210489914,hIL4,0.9935354968511374,0,Human
0,-13.0206,A549,0.0,hNeo4,1.1881305374705568e-08,0,Human
1,-12.4185,A549,0.0,hNeo4,4.752959657567517e-08,0,Human
2,-11.8165,A549,0.0,hNeo4,1.9009207317022922e-07,0,Human
3,-11.2144,A549,0.0,hNeo4,7.604374967091276e-07,0,Human
4,-10.6124,A549,0.0,hNeo4,3.0413162979332475e-06,0,Human
5,-10.0103,A549,0.0,hNeo4,1.2166169170958566e-05,0,Human
6,-9.40824,A549,0.0,hNeo4,4.866120962937683e-05,0,Human
7,-8.80618,A549,0.0,hNeo4,0.00019458937380247184,0,Human
8,-8.20412,A549,0.0,hNeo4,0.0007774712796423364,0,Human
9,-7.60206,A549,0.0,hNeo4,0.003095786056816606,0,Human
10,-7.0,A549,0.0,hNeo4,0.012162594066013119,0,Human
11,-13.0206,A549,0.0,hNeo4,1.1881305374705568e-08,0,Human
12,-12.4185,A549,0.0,hNeo4,4.752959657567517e-08,0,Human
13,-11.8165,A549,0.0,hNeo4,1.9009207317022922e-07,0,Human
14,-11.2144,A549,0.0,hNeo4,7.604374967091276e-07,0,Human
15,-10.6124,A549,0.0,hNeo4,3.0413162979332475e-06,0,Human
16,-10.0103,A549,0.0,hNeo4,1.2166169170958566e-05,0,Human
17,-9.40824,A549,0.0,hNeo4,4.866120962937683e-05,0,Human
18,-8.80618,A549,0.0,hNeo4,0.00019458937380247184,0,Human
19,-8.20412,A549,0.0,hNeo4,0.0007774712796423364,0,Human
20,-7.60206,A549,0.0,hNeo4,0.003095786056816606,0,Human
21,-7.0,A549,0.0,hNeo4,0.012162594066013119,0,Human
22,-13.0206,A549,0.0,hNeo4,1.1881305374705568e-08,0,Human
23,-12.4185,A549,0.0,hNeo4,4.752959657567517e-08,0,Human
24,-11.8165,A549,0.0,hNeo4,1.9009207317022922e-07,0,Human
25,-11.2144,A549,0.0,hNeo4,7.604374967091276e-07,0,Human
26,-10.6124,A549,0.0,hNeo4,3.0413162979332475e-06,0,Human
27,-10.0103,A549,0.0,hNeo4,1.2166169170958566e-05,0,Human
28,-9.40824,A549,0.0,hNeo4,4.866120962937683e-05,0,Human
29,-8.80618,A549,0.0205089,hNeo4,0.00019458937380247184,0,Human
30,-8.20412,A549,0.0,hNeo4,0.0007774712796423364,0,Human
31,-7.60206,A549,0.0,hNeo4,0.003095786056816606,0,Human
32,-7.0,A549,0.0,hNeo4,0.012162594066013119,0,Human
33,-11.5154,A549,0.06455552,hNeo4,3.802452923338546e-07,0,Human
34,-10.6124,A549,0.07210865,hNeo4,3.0413162979332475e-06,0,Human
35,-9.70927,A549,0.05599894,hNeo4,2.433176055295911e-05,0,Human
36,-8.80618,A549,0.057064630000000005,hNeo4,0.00019458937380247184,0,Human
37,-7.90309,A549,0.04794798,hNeo4,0.00155258557779925,0,Human
38,-7.0,A549,0.00889885,hNeo4,0.012162594066013119,0,Human
39,-6.09691,A549,0.040799339999999996,hNeo4,0.08343671392285275,0,Human
40,-11.5154,A549,0.06062728,hNeo4,3.802452923338546e-07,0,Human
41,-10.6124,A549,0.0617863,hNeo4,3.0413162979332475e-06,0,Human
42,-9.70927,A549,0.117443,hNeo4,2.433176055295911e-05,0,Human
43,-8.80618,A549,0.04510097,hNeo4,0.00019458937380247184,0,Human
44,-7.90309,A549,0.03689443,hNeo4,0.00155258557779925,0,Human
45,-7.0,A549,0.015012909999999999,hNeo4,0.012162594066013119,0,Human
46,-6.09691,A549,0.031495999999999996,hNeo4,0.08343671392285275,0,Human
47,-11.5154,A549,0.00952892,hNeo4,3.802452923338546e-07,0,Human
48,-10.6124,A549,0.05918043,hNeo4,3.0413162979332475e-06,0,Human
49,-9.70927,A549,0.08877843,hNeo4,2.433176055295911e-05,0,Human
50,-8.80618,A549,0.0,hNeo4,0.00019458937380247184,0,Human
51,-7.90309,A549,0.01464731,hNeo4,0.00155258557779925,0,Human
52,-7.0,A549,0.01022123,hNeo4,0.012162594066013119,0,Human
53,-6.09691,A549,0.03010361,hNeo4,0.08343671392285275,0,Human
54,-11.44705875,A549,0.0,hNeo4,4.4504614239497767e-07,0,Human
55,-10.6689075,A549,0.0,hNeo4,2.6702652494460617e-06,0,Human
56,-9.890756252,A549,0.0,hNeo4,1.602117372921814e-05,0,Human
57,-9.112605002,A549,0.0,hNeo4,9.611200857859118e-05,0,Human
58,-8.334453751,A549,0.0,hNeo4,0.0005761314322138076,0,Human
59,-7.556302501,A549,0.02840325782,hNeo4,0.0034374536132748307,0,Human
60,-6.77815125,A549,0.0,hNeo4,0.01995509694293128,0,Human
61,-6.0,A549,0.01635753884,hNeo4,0.10021758873857958,0,Human
62,-11.44705875,A549,0.02276124665,hNeo4,4.4504614239497767e-07,0,Human
63,-10.6689075,A549,0.02727400931,hNeo4,2.6702652494460617e-06,0,Human
64,-9.890756252,A549,0.04690452687,hNeo4,1.602117372921814e-05,0,Human
65,-9.112605002,A549,0.0,hNeo4,9.611200857859118e-05,0,Human
66,-8.334453751,A549,0.0,hNeo4,0.0005761314322138076,0,Human
67,-7.556302501,A549,0.08436045692000001,hNeo4,0.0034374536132748307,0,Human
68,-6.77815125,A549,0.04351995487,hNeo4,0.01995509694293128,0,Human
69,-6.0,A549,0.07285291214,hNeo4,0.10021758873857958,0,Human
70,-11.44705875,A549,0.02580736144,hNeo4,4.4504614239497767e-07,0,Human
71,-10.6689075,A549,0.01328444507,hNeo4,2.6702652494460617e-06,0,Human
72,-9.890756252,A549,0.044535326470000004,hNeo4,1.602117372921814e-05,0,Human
73,-9.112605002,A549,0.0,hNeo4,9.611200857859118e-05,0,Human
74,-8.334453751,A549,0.0,hNeo4,0.0005761314322138076,0,Human
75,-7.556302501,A549,0.07082216895,hNeo4,0.0034374536132748307,0,Human
76,-6.77815125,A549,0.03528416302,hNeo4,0.01995509694293128,0,Human
77,-6.0,A549,0.06608376816,hNeo4,0.10021758873857958,0,Human
0,-13.3216,A549,0.1044759,hIL13,0.0002540232182059414,0,Human
1,-12.4185,A549,0.054466539999999994,hIL13,0.0020283662074210163,0,Human
2,-11.5154,A549,0.09437910000000001,hIL13,0.01598427249047379,0,Human
3,-10.6124,A549,0.0712141,hIL13,0.11426334246969466,0,Human
4,-9.70927,A549,0.21739940000000002,hIL13,0.5008619195336108,0,Human
5,-8.80618,A549,0.7744485,hIL13,0.8867910093301701,0,Human
6,-7.90309,A549,0.9607796999999999,hIL13,0.9849288759324129,0,Human
7,-7.0,A549,0.9497495,hIL13,0.9998575079517313,0,Human
8,-13.3216,A549,0.09122095,hIL13,0.0002540232182059414,0,Human
9,-12.4185,A549,0.055843369999999996,hIL13,0.0020283662074210163,0,Human
10,-11.5154,A549,0.09230997,hIL13,0.01598427249047379,0,Human
11,-10.6124,A549,0.06809484,hIL13,0.11426334246969466,0,Human
12,-9.70927,A549,0.20510130000000001,hIL13,0.5008619195336108,0,Human
13,-8.80618,A549,0.7425168999999999,hIL13,0.8867910093301701,0,Human
14,-7.90309,A549,0.9749137,hIL13,0.9849288759324129,0,Human
15,-7.0,A549,0.9813388999999999,hIL13,0.9998575079517313,0,Human
16,-13.3216,A549,0.08286661000000001,hIL13,0.0002540232182059414,0,Human
17,-12.4185,A549,0.07550795,hIL13,0.0020283662074210163,0,Human
18,-11.5154,A549,0.091641,hIL13,0.01598427249047379,0,Human
19,-10.6124,A549,0.07155636,hIL13,0.11426334246969466,0,Human
20,-9.70927,A549,0.2313778,hIL13,0.5008619195336108,0,Human
21,-8.80618,A549,0.7831762000000001,hIL13,0.8867910093301701,0,Human
22,-7.90309,A549,0.9690641,hIL13,0.9849288759324129,0,Human
23,-7.0,A549,0.9637979,hIL13,0.9998575079517313,0,Human
24,-12.0,A549,0.0942094754,hIL13,0.005298082185900793,0,Human
25,-11.0,A549,0.0811399528,hIL13,0.050413308031366406,0,Human
26,-10.0,A549,0.1131481818,hIL13,0.34199938574893013,0,Human
27,-9.0,A549,0.6076117868,hIL13,0.8339758384506165,0,Human
28,-8.0,A549,0.9403400496000001,hIL13,0.9809999723194768,0,Human
29,-7.0,A549,0.896411932,hIL13,0.9998575079517313,0,Human
30,-12.0,A549,0.09783989835,hIL13,0.005298082185900793,0,Human
31,-11.0,A549,0.07938524838,hIL13,0.050413308031366406,0,Human
32,-10.0,A549,0.11689961880000001,hIL13,0.34199938574893013,0,Human
33,-9.0,A549,0.6131179282,hIL13,0.8339758384506165,0,Human
34,-8.0,A549,0.9459066980999999,hIL13,0.9809999723194768,0,Human
35,-7.0,A549,0.900102862,hIL13,0.9998575079517313,0,Human
36,-12.0,A549,0.08132147395,hIL13,0.005298082185900793,0,Human
37,-11.0,A549,0.07266896593,hIL13,0.050413308031366406,0,Human
38,-10.0,A549,0.10425364549999999,hIL13,0.34199938574893013,0,Human
39,-9.0,A549,0.5892781509,hIL13,0.8339758384506165,0,Human
40,-8.0,A549,0.8670055060999999,hIL13,0.9809999723194768,0,Human
41,-7.0,A549,0.8390512495,hIL13,0.9998575079517313,0,Human
42,-12.44705875,A549,0.05304222846,hIL13,0.001899536802514223,0,Human
43,-11.6689075,A549,0.0,hIL13,0.011282438110618092,0,Human
44,-10.89075625,A549,0.0029429881600000003,hIL13,0.06385229673033554,0,Human
45,-10.112605,A549,0.0,hIL13,0.28706749162275985,0,Human
46,-9.334453751,A549,0.07165833961,hIL13,0.7010346971623154,0,Human
47,-8.556302501,A549,0.4271439327,hIL13,0.933070706707455,0,Human
48,-7.77815125,A549,0.6053658203,hIL13,0.9889105737383213,0,Human
49,-7.0,A549,0.7274656081,hIL13,0.9998575079517313,0,Human
50,-12.44705875,A549,0.06845296854999999,hIL13,0.001899536802514223,0,Human
51,-11.6689075,A549,0.02569454238,hIL13,0.011282438110618092,0,Human
52,-10.89075625,A549,0.05356085178,hIL13,0.06385229673033554,0,Human
53,-10.112605,A549,0.02152023692,hIL13,0.28706749162275985,0,Human
54,-9.334453751,A549,0.1747285291,hIL13,0.7010346971623154,0,Human
55,-8.556302501,A549,0.6134818784,hIL13,0.933070706707455,0,Human
56,-7.77815125,A549,0.8881963052,hIL13,0.9889105737383213,0,Human
57,-7.0,A549,0.9902975603,hIL13,0.9998575079517313,0,Human
58,-12.44705875,A549,0.0753349316,hIL13,0.001899536802514223,0,Human
59,-11.6689075,A549,0.0135100832,hIL13,0.011282438110618092,0,Human
60,-10.89075625,A549,0.06202228177,hIL13,0.06385229673033554,0,Human
61,-10.112605,A549,0.0155408264,hIL13,0.28706749162275985,0,Human
62,-9.334453751,A549,0.1787900155,hIL13,0.7010346971623154,0,Human
63,-8.556302501,A549,0.6466506839999999,hIL13,0.933070706707455,0,Human
64,-7.77815125,A549,0.8150895501,hIL13,0.9889105737383213,0,Human
65,-7.0,A549,0.9928923988,hIL13,0.9998575079517313,0,Human
0,-12.0206,3T3,0.0,mIL4,0.039054819415143875,0,Mouse
1,-11.4185,3T3,0.0,mIL4,0.12366427722904028,0,Mouse
2,-10.8165,3T3,0.0,mIL4,0.2864134168213413,0,Mouse
3,-10.2144,3T3,0.0,mIL4,0.472730584026163,0,Mouse
4,-9.61236,3T3,0.4560572,mIL4,0.6282012726383319,0,Mouse
5,-9.0103,3T3,0.8527937,mIL4,0.7691129817528176,0,Mouse
6,-8.40824,3T3,0.9904246999999999,mIL4,0.8961569990418767,0,Mouse
7,-7.80618,3T3,1.10352,mIL4,0.9668827526704796,0,Mouse
8,-7.20412,3T3,1.002542,mIL4,0.9914577096038021,0,Mouse
9,-6.60206,3T3,1.01487,mIL4,0.9982544629465638,0,Mouse
10,-6.0,3T3,0.9126869999999999,mIL4,1.0,0,Mouse
11,-12.0206,3T3,0.0,mIL4,0.039054819415143875,0,Mouse
12,-11.4185,3T3,0.0,mIL4,0.12366427722904028,0,Mouse
13,-10.8165,3T3,0.0,mIL4,0.2864134168213413,0,Mouse
14,-10.2144,3T3,0.0,mIL4,0.472730584026163,0,Mouse
15,-9.61236,3T3,0.4698022,mIL4,0.6282012726383319,0,Mouse
16,-9.0103,3T3,0.822621,mIL4,0.7691129817528176,0,Mouse
17,-8.40824,3T3,0.9818944000000001,mIL4,0.8961569990418767,0,Mouse
18,-7.80618,3T3,1.071177,mIL4,0.9668827526704796,0,Mouse
19,-7.20412,3T3,1.0215319999999999,mIL4,0.9914577096038021,0,Mouse
20,-6.60206,3T3,1.022768,mIL4,0.9982544629465638,0,Mouse
21,-6.0,3T3,0.9070503,mIL4,1.0,0,Mouse
22,-12.0206,3T3,0.0,mIL4,0.039054819415143875,0,Mouse
23,-11.4185,3T3,0.0,mIL4,0.12366427722904028,0,Mouse
24,-10.8165,3T3,0.0,mIL4,0.2864134168213413,0,Mouse
25,-10.2144,3T3,0.0,mIL4,0.472730584026163,0,Mouse
26,-9.61236,3T3,0.44592919999999997,mIL4,0.6282012726383319,0,Mouse
27,-9.0103,3T3,0.8428165,mIL4,0.7691129817528176,0,Mouse
28,-8.40824,3T3,0.9311343,mIL4,0.8961569990418767,0,Mouse
29,-7.80618,3T3,1.033137,mIL4,0.9668827526704796,0,Mouse
30,-7.20412,3T3,1.006792,mIL4,0.9914577096038021,0,Mouse
31,-6.60206,3T3,1.027922,mIL4,0.9982544629465638,0,Mouse
32,-6.0,3T3,0.8760035,mIL4,1.0,0,Mouse
0,-11.4466,3T3,0.0,mNeo4,0.00012452578435712667,0,Mouse
1,-10.8445,3T3,0.0,mNeo4,0.0004976793819060919,0,Mouse
2,-10.2424,3T3,0.0,mNeo4,0.0019834288893116414,0,Mouse
3,-9.64039,3T3,0.0,mNeo4,0.007816004051652397,0,Mouse
4,-9.03833,3T3,0.0,mNeo4,0.029552110400245298,0,Mouse
5,-8.43627,3T3,0.0,mNeo4,0.09788083620025576,0,Mouse
6,-7.83421,3T3,0.0,mNeo4,0.24297884985485282,0,Mouse
7,-7.23215,3T3,0.0,mNeo4,0.42132406840889897,0,Mouse
8,-6.63009,3T3,0.0,mNeo4,0.5549601907780489,0,Mouse
9,-6.02803,3T3,0.0,mNeo4,0.622289072749525,0,Mouse
10,-5.42597,3T3,0.0,mNeo4,0.6476358497030634,0,Mouse
11,-4.82391,3T3,0.0144415961200669,mNeo4,0.6603554706239725,0,Mouse
12,-11.4466,3T3,0.0,mNeo4,0.00012452578435712667,0,Mouse
13,-10.8445,3T3,0.0,mNeo4,0.0004976793819060919,0,Mouse
14,-10.2424,3T3,0.0,mNeo4,0.0019834288893116414,0,Mouse
15,-9.64039,3T3,0.0,mNeo4,0.007816004051652397,0,Mouse
16,-9.03833,3T3,0.0,mNeo4,0.029552110400245298,0,Mouse
17,-8.43627,3T3,0.0,mNeo4,0.09788083620025576,0,Mouse
18,-7.83421,3T3,0.0,mNeo4,0.24297884985485282,0,Mouse
19,-7.23215,3T3,0.0,mNeo4,0.42132406840889897,0,Mouse
20,-6.63009,3T3,0.0,mNeo4,0.5549601907780489,0,Mouse
21,-6.02803,3T3,0.0,mNeo4,0.622289072749525,0,Mouse
22,-5.42597,3T3,0.0,mNeo4,0.6476358497030634,0,Mouse
23,-4.82391,3T3,0.012800097503207321,mNeo4,0.6603554706239725,0,Mouse
24,-11.4466,3T3,0.0,mNeo4,0.00012452578435712667,0,Mouse
25,-10.8445,3T3,0.0,mNeo4,0.0004976793819060919,0,Mouse
26,-10.2424,3T3,0.0,mNeo4,0.0019834288893116414,0,Mouse
27,-9.64039,3T3,0.0,mNeo4,0.007816004051652397,0,Mouse
28,-9.03833,3T3,0.0,mNeo4,0.029552110400245298,0,Mouse
29,-8.43627,3T3,0.0,mNeo4,0.09788083620025576,0,Mouse
30,-7.83421,3T3,0.0,mNeo4,0.24297884985485282,0,Mouse
31,-7.23215,3T3,0.0,mNeo4,0.42132406840889897,0,Mouse
32,-6.63009,3T3,0.0,mNeo4,0.5549601907780489,0,Mouse
33,-6.02803,3T3,0.0,mNeo4,0.622289072749525,0,Mouse
34,-5.42597,3T3,0.0,mNeo4,0.6476358497030634,0,Mouse
35,-4.82391,3T3,0.0,mNeo4,0.6603554706239725,0,Mouse
0,-11.51544993,Fibroblast,0.00903132812,hNeo4,2.057869154303889e-06,0,Human
1,-10.61235995,Fibroblast,0.0,hNeo4,1.6462671416576727e-05,0,Human
2,-9.709269961,Fibroblast,0.0,hNeo4,0.00013168335536109147,0,Human
3,-8.806179974,Fibroblast,0.00200445936,hNeo4,0.00105231521327291,0,Human
4,-7.903089987,Fibroblast,0.00490979933,hNeo4,0.008345542962778405,0,Human
5,-7.0,Fibroblast,0.0,hNeo4,0.06243724692706644,0,Human
6,-6.096910013,Fibroblast,0.0,hNeo4,0.32932056507797675,0,Human
7,-5.193820026,Fibroblast,0.0,hNeo4,0.7094850894524385,0,Human
8,-11.51544993,Fibroblast,0.00592329002,hNeo4,2.057869154303889e-06,0,Human
9,-10.61235995,Fibroblast,0.01281502669,hNeo4,1.6462671416576727e-05,0,Human
10,-9.709269961,Fibroblast,0.0,hNeo4,0.00013168335536109147,0,Human
11,-8.806179974,Fibroblast,0.0008558365800000001,hNeo4,0.00105231521327291,0,Human
12,-7.903089987,Fibroblast,0.0,hNeo4,0.008345542962778405,0,Human
13,-7.0,Fibroblast,0.0,hNeo4,0.06243724692706644,0,Human
14,-6.096910013,Fibroblast,0.0,hNeo4,0.32932056507797675,0,Human
15,-5.193820026,Fibroblast,0.0,hNeo4,0.7094850894524385,0,Human
16,-11.51544993,Fibroblast,0.011125875540000002,hNeo4,2.057869154303889e-06,0,Human
17,-10.61235995,Fibroblast,0.00213959145,hNeo4,1.6462671416576727e-05,0,Human
18,-9.709269961,Fibroblast,0.0,hNeo4,0.00013168335536109147,0,Human
19,-8.806179974,Fibroblast,0.010720479270000001,hNeo4,0.00105231521327291,0,Human
20,-7.903089987,Fibroblast,0.0006531384399999999,hNeo4,0.008345542962778405,0,Human
21,-7.0,Fibroblast,0.0,hNeo4,0.06243724692706644,0,Human
22,-6.096910013,Fibroblast,0.0,hNeo4,0.32932056507797675,0,Human
23,-5.193820026,Fibroblast,0.0,hNeo4,0.7094850894524385,0,Human
24,-11.51544993,Fibroblast,0.00270162517,hNeo4,2.057869154303889e-06,0,Human
25,-10.61235995,Fibroblast,0.0,hNeo4,1.6462671416576727e-05,0,Human
26,-9.709269961,Fibroblast,0.0,hNeo4,0.00013168335536109147,0,Human
27,-8.806179974,Fibroblast,0.0,hNeo4,0.00105231521327291,0,Human
28,-7.903089987,Fibroblast,0.0,hNeo4,0.008345542962778405,0,Human
29,-7.0,Fibroblast,0.0,hNeo4,0.06243724692706644,0,Human
30,-6.096910013,Fibroblast,0.0,hNeo4,0.32932056507797675,0,Human
31,-5.193820026,Fibroblast,0.0,hNeo4,0.7094850894524385,0,Human
32,-11.51544993,Fibroblast,0.0,hNeo4,2.057869154303889e-06,0,Human
33,-10.61235995,Fibroblast,0.0,hNeo4,1.6462671416576727e-05,0,Human
34,-9.709269961,Fibroblast,0.0,hNeo4,0.00013168335536109147,0,Human
35,-8.806179974,Fibroblast,0.0,hNeo4,0.00105231521327291,0,Human
36,-7.903089987,Fibroblast,0.0,hNeo4,0.008345542962778405,0,Human
37,-7.0,Fibroblast,0.0,hNeo4,0.06243724692706644,0,Human
38,-6.096910013,Fibroblast,0.0,hNeo4,0.32932056507797675,0,Human
39,-5.193820026,Fibroblast,0.0,hNeo4,0.7094850894524385,0,Human
40,-11.51544993,Fibroblast,0.00588062489,hNeo4,2.057869154303889e-06,0,Human
41,-10.61235995,Fibroblast,0.0,hNeo4,1.6462671416576727e-05,0,Human
42,-9.709269961,Fibroblast,0.0,hNeo4,0.00013168335536109147,0,Human
43,-8.806179974,Fibroblast,0.0,hNeo4,0.00105231521327291,0,Human
44,-7.903089987,Fibroblast,0.0,hNeo4,0.008345542962778405,0,Human
45,-7.0,Fibroblast,0.0,hNeo4,0.06243724692706644,0,Human
46,-6.096910013,Fibroblast,0.0,hNeo4,0.32932056507797675,0,Human
47,-5.193820026,Fibroblast,0.0,hNeo4,0.7094850894524385,0,Human
48,-13.32162991,Fibroblast,0.0,hNeo4,3.215428242289154e-08,0,Human
49,-12.41853992,Fibroblast,0.0,hNeo4,2.572341924248328e-07,0,Human
50,-11.51544993,Fibroblast,0.010735090009999998,hNeo4,2.057869154303889e-06,0,Human
51,-10.61235995,Fibroblast,0.012137914569999998,hNeo4,1.6462671416576727e-05,0,Human
52,-9.709269961,Fibroblast,0.00730264696,hNeo4,0.00013168335536109147,0,Human
53,-8.806179974,Fibroblast,0.06953433189,hNeo4,0.00105231521327291,0,Human
54,-7.903089987,Fibroblast,0.005601349100000001,hNeo4,0.008345542962778405,0,Human
55,-7.0,Fibroblast,0.00575058575,hNeo4,0.06243724692706644,0,Human
56,-13.32162991,Fibroblast,0.012645319189999999,hNeo4,3.215428242289154e-08,0,Human
57,-12.41853992,Fibroblast,0.010735090009999998,hNeo4,2.572341924248328e-07,0,Human
58,-11.51544993,Fibroblast,0.00381050925,hNeo4,2.057869154303889e-06,0,Human
59,-10.61235995,Fibroblast,0.0,hNeo4,1.6462671416576727e-05,0,Human
60,-9.709269961,Fibroblast,0.0,hNeo4,0.00013168335536109147,0,Human
61,-8.806179974,Fibroblast,0.0,hNeo4,0.00105231521327291,0,Human
62,-7.903089987,Fibroblast,0.0,hNeo4,0.008345542962778405,0,Human
63,-7.0,Fibroblast,0.0,hNeo4,0.06243724692706644,0,Human
64,-13.32162991,Fibroblast,0.0,hNeo4,3.215428242289154e-08,0,Human
65,-12.41853992,Fibroblast,0.00136302811,hNeo4,2.572341924248328e-07,0,Human
66,-11.51544993,Fibroblast,0.0,hNeo4,2.057869154303889e-06,0,Human
67,-10.61235995,Fibroblast,0.0,hNeo4,1.6462671416576727e-05,0,Human
68,-9.709269961,Fibroblast,0.0,hNeo4,0.00013168335536109147,0,Human
69,-8.806179974,Fibroblast,0.0,hNeo4,0.00105231521327291,0,Human
70,-7.903089987,Fibroblast,0.0,hNeo4,0.008345542962778405,0,Human
71,-7.0,Fibroblast,0.0,hNeo4,0.06243724692706644,0,Human
0,-13.32162991,Fibroblast,0.006734082569999999,hIL4,0.00138715397279441,0,Human
1,-12.41853992,Fibroblast,0.0,hIL4,0.010986789373382993,0,Human
2,-11.51544993,Fibroblast,0.03794959573,hIL4,0.08143044233404144,0,Human
3,-10.61235995,Fibroblast,0.39888741240000003,hIL4,0.41219644864068283,0,Human
4,-9.709269961,Fibroblast,0.9647530460999999,hIL4,0.8470958562018126,0,Human
5,-8.806179974,Fibroblast,1.071642531,hIL4,0.9781424742176998,0,Human
6,-7.903089987,Fibroblast,1.009549334,hIL4,0.9975217726597905,0,Human
7,-7.0,Fibroblast,0.9038084728,hIL4,1.0,0,Human
8,-13.32162991,Fibroblast,0.0,hIL4,0.00138715397279441,0,Human
9,-12.41853992,Fibroblast,0.0,hIL4,0.010986789373382993,0,Human
10,-11.51544993,Fibroblast,0.023490461929999998,hIL4,0.08143044233404144,0,Human
11,-10.61235995,Fibroblast,0.40071169570000004,hIL4,0.41219644864068283,0,Human
12,-9.709269961,Fibroblast,0.9819148217,hIL4,0.8470958562018126,0,Human
13,-8.806179974,Fibroblast,1.069210153,hIL4,0.9781424742176998,0,Human
14,-7.903089987,Fibroblast,0.9988738992,hIL4,0.9975217726597905,0,Human
15,-7.0,Fibroblast,0.9359023445,hIL4,1.0,0,Human
16,-13.32162991,Fibroblast,0.0,hIL4,0.00138715397279441,0,Human
17,-12.41853992,Fibroblast,0.0,hIL4,0.010986789373382993,0,Human
18,-11.51544993,Fibroblast,0.0215310466,hIL4,0.08143044233404144,0,Human
19,-10.61235995,Fibroblast,0.36436116300000004,hIL4,0.41219644864068283,0,Human
20,-9.709269961,Fibroblast,0.9438075719,hIL4,0.8470958562018126,0,Human
21,-8.806179974,Fibroblast,1.0696155489999999,hIL4,0.9781424742176998,0,Human
22,-7.903089987,Fibroblast,1.027724601,hIL4,0.9975217726597905,0,Human
23,-7.0,Fibroblast,0.9136731155,hIL4,1.0,0,Human
24,-13.32162991,Fibroblast,0.008461594959999999,hIL4,0.00138715397279441,0,Human
25,-12.41853992,Fibroblast,0.0,hIL4,0.010986789373382993,0,Human
26,-11.51544993,Fibroblast,0.01599991607,hIL4,0.08143044233404144,0,Human
27,-10.61235995,Fibroblast,0.2799513183,hIL4,0.41219644864068283,0,Human
28,-9.709269961,Fibroblast,0.9387596655,hIL4,0.8470958562018126,0,Human
29,-8.806179974,Fibroblast,0.9874833443,hIL4,0.9781424742176998,0,Human
30,-7.903089987,Fibroblast,1.002796051,hIL4,0.9975217726597905,0,Human
31,-7.0,Fibroblast,1.0021980209999999,hIL4,1.0,0,Human
32,-13.32162991,Fibroblast,0.0,hIL4,0.00138715397279441,0,Human
33,-12.41853992,Fibroblast,0.0,hIL4,0.010986789373382993,0,Human
34,-11.51544993,Fibroblast,0.01282091635,hIL4,0.08143044233404144,0,Human
35,-10.61235995,Fibroblast,0.2753401949,hIL4,0.41219644864068283,0,Human
36,-9.709269961,Fibroblast,0.9040109954000001,hIL4,0.8470958562018126,0,Human
37,-8.806179974,Fibroblast,0.9322757651000001,hIL4,0.9781424742176998,0,Human
38,-7.903089987,Fibroblast,0.9810781319999999,hIL4,0.9975217726597905,0,Human
39,-7.0,Fibroblast,1.00333113,hIL4,1.0,0,Human
40,-13.32162991,Fibroblast,0.0,hIL4,0.00138715397279441,0,Human
41,-12.41853992,Fibroblast,0.0,hIL4,0.010986789373382993,0,Human
42,-11.51544993,Fibroblast,0.01516582208,hIL4,0.08143044233404144,0,Human
43,-10.61235995,Fibroblast,0.2547396473,hIL4,0.41219644864068283,0,Human
44,-9.709269961,Fibroblast,0.8629200634,hIL4,0.8470958562018126,0,Human
45,-8.806179974,Fibroblast,0.9795043698000001,hIL4,0.9781424742176998,0,Human
46,-7.903089987,Fibroblast,0.9501379665,hIL4,0.9975217726597905,0,Human
47,-7.0,Fibroblast,1.060458699,hIL4,1.0,0,Human
48,-13.32162991,Fibroblast,0.0,hIL4,0.00138715397279441,0,Human
49,-12.41853992,Fibroblast,0.011511120619999999,hIL4,0.010986789373382993,0,Human
50,-11.51544993,Fibroblast,0.02413654159,hIL4,0.08143044233404144,0,Human
51,-10.61235995,Fibroblast,0.3983623764,hIL4,0.41219644864068283,0,Human
52,-9.709269961,Fibroblast,0.9650438010000001,hIL4,0.8470958562018126,0,Human
53,-8.806179974,Fibroblast,0.8812324958000001,hIL4,0.9781424742176998,0,Human
54,-7.903089987,Fibroblast,1.016530447,hIL4,0.9975217726597905,0,Human
55,-7.0,Fibroblast,0.9352561647000001,hIL4,1.0,0,Human
56,-13.32162991,Fibroblast,0.011451425959999999,hIL4,0.00138715397279441,0,Human
57,-12.41853992,Fibroblast,0.0,hIL4,0.010986789373382993,0,Human
58,-11.51544993,Fibroblast,0.02995677112,hIL4,0.08143044233404144,0,Human
59,-10.61235995,Fibroblast,0.4508041368,hIL4,0.41219644864068283,0,Human
60,-9.709269961,Fibroblast,1.000800903,hIL4,0.8470958562018126,0,Human
61,-8.806179974,Fibroblast,0.9282718893,hIL4,0.9781424742176998,0,Human
62,-7.903089987,Fibroblast,0.9586863194999999,hIL4,0.9975217726597905,0,Human
63,-7.0,Fibroblast,0.9384796765,hIL4,1.0,0,Human
64,-13.32162991,Fibroblast,0.00772050959,hIL4,0.00138715397279441,0,Human
65,-12.41853992,Fibroblast,0.0,hIL4,0.010986789373382993,0,Human
66,-11.51544993,Fibroblast,0.032523641570000004,hIL4,0.08143044233404144,0,Human
67,-10.61235995,Fibroblast,0.4037945907,hIL4,0.41219644864068283,0,Human
68,-9.709269961,Fibroblast,1.003666247,hIL4,0.8470958562018126,0,Human
69,-8.806179974,Fibroblast,1.00318869,hIL4,0.9781424742176998,0,Human
70,-7.903089987,Fibroblast,1.107564806,hIL4,0.9975217726597905,0,Human
71,-7.0,Fibroblast,1.043482587,hIL4,1.0,0,Human
0,-13.32162991,Fibroblast,0.03332951951,hIL13,0.00010284387958299787,0,Human
1,-12.41853992,Fibroblast,0.0,hIL13,0.0008214180383220331,0,Human
2,-11.51544993,Fibroblast,0.0,hIL13,0.006487554758799399,0,Human
3,-10.61235995,Fibroblast,0.02697203803,hIL13,0.047207995902445905,0,Human
4,-9.709269961,Fibroblast,0.28222641190000003,hIL13,0.23044515744325178,0,Human
5,-8.806179974,Fibroblast,0.9354352486999999,hIL13,0.5300265358765482,0,Human
6,-7.903089987,Fibroblast,1.045601747,hIL13,0.720358303722552,0,Human
7,-7.0,Fibroblast,1.085985186,hIL13,0.7830542111682289,0,Human
8,-13.32162991,Fibroblast,0.01413768574,hIL13,0.00010284387958299787,0,Human
9,-12.41853992,Fibroblast,0.0,hIL13,0.0008214180383220331,0,Human
10,-11.51544993,Fibroblast,0.0,hIL13,0.006487554758799399,0,Human
11,-10.61235995,Fibroblast,0.0,hIL13,0.047207995902445905,0,Human
12,-9.709269961,Fibroblast,0.2582888525,hIL13,0.23044515744325178,0,Human
13,-8.806179974,Fibroblast,0.9533734946,hIL13,0.5300265358765482,0,Human
14,-7.903089987,Fibroblast,1.0242907529999998,hIL13,0.720358303722552,0,Human
15,-7.0,Fibroblast,1.00139785,hIL13,0.7830542111682289,0,Human
16,-13.32162991,Fibroblast,0.006138601059999999,hIL13,0.00010284387958299787,0,Human
17,-12.41853992,Fibroblast,0.0,hIL13,0.0008214180383220331,0,Human
18,-11.51544993,Fibroblast,0.0,hIL13,0.006487554758799399,0,Human
19,-10.61235995,Fibroblast,0.0063773797,hIL13,0.047207995902445905,0,Human
20,-9.709269961,Fibroblast,0.2755704571,hIL13,0.23044515744325178,0,Human
21,-8.806179974,Fibroblast,0.9473144863999999,hIL13,0.5300265358765482,0,Human
22,-7.903089987,Fibroblast,1.0650323590000002,hIL13,0.720358303722552,0,Human
23,-7.0,Fibroblast,0.9984131169,hIL13,0.7830542111682289,0,Human
0,-13.82677989,Monocyte,0.0,hIL4,0.000868466091900975,0,Human
1,-13.2247199,Monocyte,0.0,hIL4,0.0034648213049245347,0,Human
2,-12.6226599,Monocyte,0.0,hIL4,0.013716463818967886,0,Human
3,-12.02059991,Monocyte,0.0,hIL4,0.05269397653467586,0,Human
4,-11.41853992,Monocyte,0.08793910173000001,hIL4,0.18197087617710492,0,Human
5,-10.81647993,Monocyte,0.8284445289,hIL4,0.47072421800765407,0,Human
6,-10.21441994,Monocyte,1.19451108,hIL4,0.7805162971049759,0,Human
7,-9.612359948,Monocyte,0.9098520295,hIL4,0.9343446429756853,0,Human
8,-9.010299957,Monocyte,0.8973232311,hIL4,0.9827843306899631,0,Human
9,-8.408239965,Monocyte,0.8471486591999999,hIL4,0.9956907600756556,0,Human
10,-7.806179974,Monocyte,0.9208963732,hIL4,0.9989706046696165,0,Human
11,-7.204119983,Monocyte,1.1048500110000001,hIL4,0.9997939509423264,0,Human
12,-13.82677989,Monocyte,0.0,hIL4,0.000868466091900975,0,Human
13,-13.2247199,Monocyte,0.0,hIL4,0.0034648213049245347,0,Human
14,-12.6226599,Monocyte,0.0,hIL4,0.013716463818967886,0,Human
15,-12.02059991,Monocyte,0.1320570981,hIL4,0.05269397653467586,0,Human
16,-11.41853992,Monocyte,0.2442818802,hIL4,0.18197087617710492,0,Human
17,-10.81647993,Monocyte,0.5997197349000001,hIL4,0.47072421800765407,0,Human
18,-10.21441994,Monocyte,1.223547016,hIL4,0.7805162971049759,0,Human
19,-9.612359948,Monocyte,1.298304159,hIL4,0.9343446429756853,0,Human
20,-9.010299957,Monocyte,1.023858157,hIL4,0.9827843306899631,0,Human
21,-8.408239965,Monocyte,0.9213120204999999,hIL4,0.9956907600756556,0,Human
22,-7.806179974,Monocyte,0.8708405577,hIL4,0.9989706046696165,0,Human
23,-7.204119983,Monocyte,1.2056148020000002,hIL4,0.9997939509423264,0,Human
24,-13.2247199,Monocyte,0.0,hIL4,0.0034648213049245347,0,Human
25,-12.6226599,Monocyte,0.0,hIL4,0.013716463818967886,0,Human
26,-12.02059991,Monocyte,0.06897816634,hIL4,0.05269397653467586,0,Human
27,-11.41853992,Monocyte,0.3207568799,hIL4,0.18197087617710492,0,Human
28,-10.81647993,Monocyte,0.750491009,hIL4,0.47072421800765407,0,Human
29,-10.21441994,Monocyte,0.7182105110000001,hIL4,0.7805162971049759,0,Human
30,-9.612359948,Monocyte,0.8053770261,hIL4,0.9343446429756853,0,Human
31,-9.010299957,Monocyte,1.092141563,hIL4,0.9827843306899631,0,Human
32,-8.408239965,Monocyte,0.7532421878,hIL4,0.9956907600756556,0,Human
33,-7.806179974,Monocyte,0.8280742513,hIL4,0.9989706046696165,0,Human
34,-7.204119983,Monocyte,1.101954101,hIL4,0.9997939509423264,0,Human
35,-6.602059991,Monocyte,1.082374879,hIL4,1.0,0,Human
36,-13.2247199,Monocyte,0.0,hIL4,0.0034648213049245347,0,Human
37,-12.6226599,Monocyte,0.013954590270000001,hIL4,0.013716463818967886,0,Human
38,-12.02059991,Monocyte,0.0532047412,hIL4,0.05269397653467586,0,Human
39,-11.41853992,Monocyte,0.1819140562,hIL4,0.18197087617710492,0,Human
40,-10.81647993,Monocyte,0.601102,hIL4,0.47072421800765407,0,Human
41,-10.21441994,Monocyte,0.6220109589,hIL4,0.7805162971049759,0,Human
42,-9.612359948,Monocyte,0.9200094763,hIL4,0.9343446429756853,0,Human
43,-9.010299957,Monocyte,1.012815908,hIL4,0.9827843306899631,0,Human
44,-8.408239965,Monocyte,0.992044508,hIL4,0.9956907600756556,0,Human
45,-7.806179974,Monocyte,0.6392975323000001,hIL4,0.9989706046696165,0,Human
46,-7.204119983,Monocyte,0.9654956325,hIL4,0.9997939509423264,0,Human
47,-6.602059991,Monocyte,1.107502312,hIL4,1.0,0,Human
48,-13.2247199,Monocyte,0.00427961147,hIL4,0.0034648213049245347,0,Human
49,-12.6226599,Monocyte,0.01734771079,hIL4,0.013716463818967886,0,Human
50,-12.02059991,Monocyte,0.06480554514999999,hIL4,0.05269397653467586,0,Human
51,-11.41853992,Monocyte,0.2654123329,hIL4,0.18197087617710492,0,Human
52,-10.81647993,Monocyte,0.7208241309000001,hIL4,0.47072421800765407,0,Human
53,-10.21441994,Monocyte,0.6543373098,hIL4,0.7805162971049759,0,Human
54,-9.612359948,Monocyte,0.8210587452999999,hIL4,0.9343446429756853,0,Human
55,-9.010299957,Monocyte,0.7802037400999999,hIL4,0.9827843306899631,0,Human
56,-8.408239965,Monocyte,0.5780838039999999,hIL4,0.9956907600756556,0,Human
57,-7.806179974,Monocyte,1.083291938,hIL4,0.9989706046696165,0,Human
58,-7.204119983,Monocyte,0.571068298,hIL4,0.9997939509423264,0,Human
59,-6.602059991,Monocyte,1.1716047779999998,hIL4,1.0,0,Human
60,-13.82677989,Monocyte,0.0,hIL4,0.000868466091900975,0,Human
61,-13.2247199,Monocyte,0.00028814061,hIL4,0.0034648213049245347,0,Human
62,-12.6226599,Monocyte,0.00835607777,hIL4,0.013716463818967886,0,Human
63,-12.02059991,Monocyte,0.1155083681,hIL4,0.05269397653467586,0,Human
64,-11.41853992,Monocyte,0.5217506143,hIL4,0.18197087617710492,0,Human
65,-10.81647993,Monocyte,0.9426880318,hIL4,0.47072421800765407,0,Human
66,-10.21441994,Monocyte,1.07483652,hIL4,0.7805162971049759,0,Human
67,-9.612359948,Monocyte,1.079482788,hIL4,0.9343446429756853,0,Human
68,-9.010299957,Monocyte,1.033164184,hIL4,0.9827843306899631,0,Human
69,-8.408239965,Monocyte,1.143450004,hIL4,0.9956907600756556,0,Human
70,-7.806179974,Monocyte,1.065507968,hIL4,0.9989706046696165,0,Human
71,-7.204119983,Monocyte,1.102858195,hIL4,0.9997939509423264,0,Human
72,-13.82677989,Monocyte,0.0,hIL4,0.000868466091900975,0,Human
73,-13.2247199,Monocyte,0.0,hIL4,0.0034648213049245347,0,Human
74,-12.6226599,Monocyte,0.00731156805,hIL4,0.013716463818967886,0,Human
75,-12.02059991,Monocyte,0.1142117353,hIL4,0.05269397653467586,0,Human
76,-11.41853992,Monocyte,0.5131784310999999,hIL4,0.18197087617710492,0,Human
77,-10.81647993,Monocyte,0.7801767262,hIL4,0.47072421800765407,0,Human
78,-10.21441994,Monocyte,0.5303948327,hIL4,0.7805162971049759,0,Human
79,-9.612359948,Monocyte,0.8051729244000001,hIL4,0.9343446429756853,0,Human
80,-9.010299957,Monocyte,0.8812780637000001,hIL4,0.9827843306899631,0,Human
81,-8.408239965,Monocyte,0.9783814501000001,hIL4,0.9956907600756556,0,Human
82,-7.806179974,Monocyte,0.9679723705000001,hIL4,0.9989706046696165,0,Human
83,-7.204119983,Monocyte,0.6770944221,hIL4,0.9997939509423264,0,Human
84,-13.82677989,Monocyte,0.0,hIL4,0.000868466091900975,0,Human
85,-13.2247199,Monocyte,0.0,hIL4,0.0034648213049245347,0,Human
86,-12.6226599,Monocyte,0.0063390934799999995,hIL4,0.013716463818967886,0,Human
87,-12.02059991,Monocyte,0.11017776680000001,hIL4,0.05269397653467586,0,Human
88,-11.41853992,Monocyte,0.4810147352,hIL4,0.18197087617710492,0,Human
89,-10.81647993,Monocyte,0.8545890395000001,hIL4,0.47072421800765407,0,Human
90,-10.21441994,Monocyte,0.9868815982,hIL4,0.7805162971049759,0,Human
91,-9.612359948,Monocyte,1.00290942,hIL4,0.9343446429756853,0,Human
92,-9.010299957,Monocyte,1.071739009,hIL4,0.9827843306899631,0,Human
93,-8.408239965,Monocyte,1.094574152,hIL4,0.9956907600756556,0,Human
94,-7.806179974,Monocyte,0.9482347386,hIL4,0.9989706046696165,0,Human
95,-7.204119983,Monocyte,1.0219267,hIL4,0.9997939509423264,0,Human
96,-13.91568628,Monocyte,0.0,hIL4,0.0007078095642145946,0,Human
97,-13.07058824,Monocyte,0.1486457948,hIL4,0.0049336776724418436,0,Human
98,-12.2254902,Monocyte,0.0,hIL4,0.03354117837612234,0,Human
99,-11.38039216,Monocyte,0.349268782,hIL4,0.1954095242855514,0,Human
100,-10.53529412,Monocyte,0.4371733277,hIL4,0.6294793954672007,0,Human
101,-9.69019608,Monocyte,0.9049944565,hIL4,0.9224466183416125,0,Human
102,-8.84509804,Monocyte,0.9543582704000001,hIL4,0.9881881306355719,0,Human
103,-8.0,Monocyte,1.04564173,hIL4,0.9983539859452617,0,Human
104,-13.91568628,Monocyte,0.01061234447,hIL4,0.0007078095642145946,0,Human
105,-13.07058824,Monocyte,0.0,hIL4,0.0049336776724418436,0,Human
106,-12.2254902,Monocyte,0.0,hIL4,0.03354117837612234,0,Human
107,-11.38039216,Monocyte,0.1661838253,hIL4,0.1954095242855514,0,Human
108,-10.53529412,Monocyte,0.8288606977,hIL4,0.6294793954672007,0,Human
109,-9.69019608,Monocyte,1.103546597,hIL4,0.9224466183416125,0,Human
110,-8.84509804,Monocyte,0.9412966577,hIL4,0.9881881306355719,0,Human
111,-8.0,Monocyte,0.982282264,hIL4,0.9983539859452617,0,Human
112,-13.91568628,Monocyte,0.0,hIL4,0.0007078095642145946,0,Human
113,-13.07058824,Monocyte,0.0,hIL4,0.0049336776724418436,0,Human
114,-12.2254902,Monocyte,0.0,hIL4,0.03354117837612234,0,Human
115,-11.38039216,Monocyte,0.1653604538,hIL4,0.1954095242855514,0,Human
116,-10.53529412,Monocyte,0.8262533544999999,hIL4,0.6294793954672007,0,Human
117,-9.69019608,Monocyte,1.1768266649999999,hIL4,0.9224466183416125,0,Human
118,-8.84509804,Monocyte,0.9344352281,hIL4,0.9881881306355719,0,Human
119,-8.0,Monocyte,0.8616125884,hIL4,0.9983539859452617,0,Human
120,-13.91568628,Monocyte,0.020900109769999998,hIL4,0.0007078095642145946,0,Human
121,-13.07058824,Monocyte,0.042414928649999996,hIL4,0.0049336776724418436,0,Human
122,-12.2254902,Monocyte,0.00526893524,hIL4,0.03354117837612234,0,Human
123,-11.38039216,Monocyte,0.1119648738,hIL4,0.1954095242855514,0,Human
124,-10.53529412,Monocyte,0.7803293085,hIL4,0.6294793954672007,0,Human
125,-9.69019608,Monocyte,0.7042810099000001,hIL4,0.9224466183416125,0,Human
126,-8.84509804,Monocyte,0.888079034,hIL4,0.9881881306355719,0,Human
127,-8.0,Monocyte,1.111920966,hIL4,0.9983539859452617,0,Human
128,-13.91568628,Monocyte,0.00923558001,hIL4,0.0007078095642145946,0,Human
129,-13.07058824,Monocyte,0.04130558619,hIL4,0.0049336776724418436,0,Human
130,-12.2254902,Monocyte,0.01941653435,hIL4,0.03354117837612234,0,Human
131,-11.38039216,Monocyte,0.1407880543,hIL4,0.1954095242855514,0,Human
132,-10.53529412,Monocyte,0.8258935605000001,hIL4,0.6294793954672007,0,Human
133,-9.69019608,Monocyte,1.201061728,hIL4,0.9224466183416125,0,Human
134,-8.84509804,Monocyte,1.147248112,hIL4,0.9881881306355719,0,Human
135,-8.0,Monocyte,0.7528088526000001,hIL4,0.9983539859452617,0,Human
136,-13.91568628,Monocyte,0.00770843686,hIL4,0.0007078095642145946,0,Human
137,-13.07058824,Monocyte,0.02712497121,hIL4,0.0049336776724418436,0,Human
138,-12.2254902,Monocyte,0.0266886446,hIL4,0.03354117837612234,0,Human
139,-11.38039216,Monocyte,0.1311888688,hIL4,0.1954095242855514,0,Human
140,-10.53529412,Monocyte,0.7800065449,hIL4,0.6294793954672007,0,Human
141,-9.69019608,Monocyte,1.083980753,hIL4,0.9224466183416125,0,Human
142,-8.84509804,Monocyte,1.185644854,hIL4,0.9881881306355719,0,Human
143,-8.0,Monocyte,0.6292556995,hIL4,0.9983539859452617,0,Human
0,-12.6226599,Monocyte,0.007659786710000001,hNeo4,3.4812807060312194e-07,0,Human
1,-12.02059991,Monocyte,0.0,hNeo4,1.3925107055144505e-06,0,Human
2,-11.41853992,Monocyte,0.01425076598,hNeo4,5.570017642929967e-06,0,Human
3,-10.81647993,Monocyte,0.0,hNeo4,2.2279667919159625e-05,0,Human
4,-10.21441994,Monocyte,0.0,hNeo4,8.911223063563294e-05,0,Human
5,-9.612359948,Monocyte,0.07297579745,hNeo4,0.00035634590805659036,0,Human
6,-9.010299957,Monocyte,0.5028739044999999,hNeo4,0.0014237377715093094,0,Human
7,-8.408239965,Monocyte,0.7639598128,hNeo4,0.0056687688006787145,0,Human
8,-7.806179974,Monocyte,0.7272047123000001,hNeo4,0.02226562182147844,0,Human
9,-7.204119983,Monocyte,0.775479182,hNeo4,0.08306326108047143,0,Human
10,-6.602059991,Monocyte,0.7867610384,hNeo4,0.2617430628552332,0,Human
11,-6.0,Monocyte,0.6871244328999999,hNeo4,0.5663574858352898,0,Human
12,-12.6226599,Monocyte,0.0,hNeo4,3.4812807060312194e-07,0,Human
13,-12.02059991,Monocyte,0.0,hNeo4,1.3925107055144505e-06,0,Human
14,-11.41853992,Monocyte,0.06264399210999999,hNeo4,5.570017642929967e-06,0,Human
15,-10.81647993,Monocyte,0.0,hNeo4,2.2279667919159625e-05,0,Human
16,-10.21441994,Monocyte,0.0,hNeo4,8.911223063563294e-05,0,Human
17,-9.612359948,Monocyte,0.02072298886,hNeo4,0.00035634590805659036,0,Human
18,-9.010299957,Monocyte,0.44450514220000004,hNeo4,0.0014237377715093094,0,Human
19,-8.408239965,Monocyte,0.5691399663,hNeo4,0.0056687688006787145,0,Human
20,-7.806179974,Monocyte,0.671032943,hNeo4,0.02226562182147844,0,Human
21,-7.204119983,Monocyte,0.8963138019,hNeo4,0.08306326108047143,0,Human
22,-6.602059991,Monocyte,0.8525520747,hNeo4,0.2617430628552332,0,Human
23,-6.0,Monocyte,0.8223285751999999,hNeo4,0.5663574858352898,0,Human
24,-12.6226599,Monocyte,0.00776443796,hNeo4,3.4812807060312194e-07,0,Human
25,-12.02059991,Monocyte,0.00515081809,hNeo4,1.3925107055144505e-06,0,Human
26,-11.41853992,Monocyte,0.0057469068300000006,hNeo4,5.570017642929967e-06,0,Human
27,-10.81647993,Monocyte,0.00487570021,hNeo4,2.2279667919159625e-05,0,Human
28,-10.21441994,Monocyte,0.01638479821,hNeo4,8.911223063563294e-05,0,Human
29,-9.612359948,Monocyte,0.0679235478,hNeo4,0.00035634590805659036,0,Human
30,-9.010299957,Monocyte,0.2102970509,hNeo4,0.0014237377715093094,0,Human
31,-8.408239965,Monocyte,0.5132935431,hNeo4,0.0056687688006787145,0,Human
32,-7.806179974,Monocyte,0.5750116543,hNeo4,0.02226562182147844,0,Human
33,-7.204119983,Monocyte,0.48504810740000004,hNeo4,0.08306326108047143,0,Human
34,-6.602059991,Monocyte,0.7608996355,hNeo4,0.2617430628552332,0,Human
35,-6.0,Monocyte,0.708994062,hNeo4,0.5663574858352898,0,Human
36,-12.6226599,Monocyte,0.00716834922,hNeo4,3.4812807060312194e-07,0,Human
37,-12.02059991,Monocyte,0.0054717889500000005,hNeo4,1.3925107055144505e-06,0,Human
38,-11.41853992,Monocyte,0.0056093478900000006,hNeo4,5.570017642929967e-06,0,Human
39,-10.81647993,Monocyte,0.00070307903,hNeo4,2.2279667919159625e-05,0,Human
40,-10.21441994,Monocyte,0.007672732,hNeo4,8.911223063563294e-05,0,Human
41,-9.612359948,Monocyte,0.05059112133,hNeo4,0.00035634590805659036,0,Human
42,-9.010299957,Monocyte,0.1982835701,hNeo4,0.0014237377715093094,0,Human
43,-8.408239965,Monocyte,0.4348849472,hNeo4,0.0056687688006787145,0,Human
44,-7.806179974,Monocyte,0.5906016675,hNeo4,0.02226562182147844,0,Human
45,-7.204119983,Monocyte,0.575653596,hNeo4,0.08306326108047143,0,Human
46,-6.602059991,Monocyte,0.5514890754999999,hNeo4,0.2617430628552332,0,Human
47,-6.0,Monocyte,0.7930425744999999,hNeo4,0.5663574858352898,0,Human
48,-12.6226599,Monocyte,0.00923173332,hNeo4,3.4812807060312194e-07,0,Human
49,-12.02059991,Monocyte,0.00446302339,hNeo4,1.3925107055144505e-06,0,Human
50,-11.41853992,Monocyte,0.0026289041899999997,hNeo4,5.570017642929967e-06,0,Human
51,-10.81647993,Monocyte,0.0085897916,hNeo4,2.2279667919159625e-05,0,Human
52,-10.21441994,Monocyte,0.0012991677700000001,hNeo4,8.911223063563294e-05,0,Human
53,-9.612359948,Monocyte,0.07122496236,hNeo4,0.00035634590805659036,0,Human
54,-9.010299957,Monocyte,0.23886345750000001,hNeo4,0.0014237377715093094,0,Human
55,-8.408239965,Monocyte,0.38540958170000006,hNeo4,0.0056687688006787145,0,Human
56,-7.806179974,Monocyte,0.3185559368,hNeo4,0.02226562182147844,0,Human
57,-7.204119983,Monocyte,0.37880675259999996,hNeo4,0.08306326108047143,0,Human
58,-6.602059991,Monocyte,0.5195754014,hNeo4,0.2617430628552332,0,Human
59,-6.0,Monocyte,0.4575821724,hNeo4,0.5663574858352898,0,Human
60,-12.6226599,Monocyte,0.00857218323,hNeo4,3.4812807060312194e-07,0,Human
61,-12.02059991,Monocyte,0.010661202670000001,hNeo4,1.3925107055144505e-06,0,Human
62,-11.41853992,Monocyte,0.0,hNeo4,5.570017642929967e-06,0,Human
63,-10.81647993,Monocyte,0.0,hNeo4,2.2279667919159625e-05,0,Human
64,-10.21441994,Monocyte,0.0428969337,hNeo4,8.911223063563294e-05,0,Human
65,-9.612359948,Monocyte,0.22831541789999998,hNeo4,0.00035634590805659036,0,Human
66,-9.010299957,Monocyte,0.5421005450999999,hNeo4,0.0014237377715093094,0,Human
67,-8.408239965,Monocyte,0.8081263657,hNeo4,0.0056687688006787145,0,Human
68,-7.806179974,Monocyte,0.9072107187999999,hNeo4,0.02226562182147844,0,Human
69,-7.204119983,Monocyte,1.007015424,hNeo4,0.08306326108047143,0,Human
70,-6.602059991,Monocyte,1.000388189,hNeo4,0.2617430628552332,0,Human
71,-6.0,Monocyte,0.7592865317999999,hNeo4,0.5663574858352898,0,Human
72,-12.6226599,Monocyte,0.00886032384,hNeo4,3.4812807060312194e-07,0,Human
73,-12.02059991,Monocyte,0.00713148016,hNeo4,1.3925107055144505e-06,0,Human
74,-11.41853992,Monocyte,0.0,hNeo4,5.570017642929967e-06,0,Human
75,-10.81647993,Monocyte,0.0,hNeo4,2.2279667919159625e-05,0,Human
76,-10.21441994,Monocyte,0.041204107600000005,hNeo4,8.911223063563294e-05,0,Human
77,-9.612359948,Monocyte,0.2117473327,hNeo4,0.00035634590805659036,0,Human
78,-9.010299957,Monocyte,0.5633148977,hNeo4,0.0014237377715093094,0,Human
79,-8.408239965,Monocyte,0.7776554959,hNeo4,0.0056687688006787145,0,Human
80,-7.806179974,Monocyte,0.9357006219,hNeo4,0.02226562182147844,0,Human
81,-7.204119983,Monocyte,0.9906994613000001,hNeo4,0.08306326108047143,0,Human
82,-6.602059991,Monocyte,0.9939770608,hNeo4,0.2617430628552332,0,Human
83,-6.0,Monocyte,0.9194927124,hNeo4,0.5663574858352898,0,Human
84,-12.6226599,Monocyte,0.00018008788,hNeo4,3.4812807060312194e-07,0,Human
85,-12.02059991,Monocyte,0.00219707217,hNeo4,1.3925107055144505e-06,0,Human
86,-11.41853992,Monocyte,0.0,hNeo4,5.570017642929967e-06,0,Human
87,-10.81647993,Monocyte,0.0,hNeo4,2.2279667919159625e-05,0,Human
88,-10.21441994,Monocyte,0.03241581892,hNeo4,8.911223063563294e-05,0,Human
89,-9.612359948,Monocyte,0.24088555209999998,hNeo4,0.00035634590805659036,0,Human
90,-9.010299957,Monocyte,0.5836648284,hNeo4,0.0014237377715093094,0,Human
91,-8.408239965,Monocyte,0.8308894741,hNeo4,0.0056687688006787145,0,Human
92,-7.806179974,Monocyte,0.8860684014,hNeo4,0.02226562182147844,0,Human
93,-7.204119983,Monocyte,0.9734110246000001,hNeo4,0.08306326108047143,0,Human
94,-6.602059991,Monocyte,1.0047463159999999,hNeo4,0.2617430628552332,0,Human
95,-6.0,Monocyte,0.9748877452000001,hNeo4,0.5663574858352898,0,Human
96,-12.6227,Monocyte,0.00765979,hNeo4,3.480959281594779e-07,0,Human
97,-12.0206,Monocyte,0.0,hNeo4,1.3925104169412185e-06,0,Human
98,-11.4185,Monocyte,0.01425077,hNeo4,5.570529654925899e-06,0,Human
99,-10.8165,Monocyte,0.0,hNeo4,2.227863836007105e-05,0,Human
100,-10.2144,Monocyte,0.0,hNeo4,8.911632179383903e-05,0,Human
101,-9.61236,Monocyte,0.0729758,hNeo4,0.0003563458654061606,0,Human
102,-9.0103,Monocyte,0.5028739,hNeo4,0.0014237376307604161,0,Human
103,-8.40824,Monocyte,0.7639598,hNeo4,0.005668768346630398,0,Human
104,-7.80618,Monocyte,0.7272047,hNeo4,0.02226562052059076,0,Human
105,-7.20412,Monocyte,0.7754792,hNeo4,0.08306325812105328,0,Human
106,-6.60206,Monocyte,0.786761,hNeo4,0.2617430589656926,0,Human
107,-6.0,Monocyte,0.6871244,hNeo4,0.5663574858352898,0,Human
108,-12.6227,Monocyte,0.0,hNeo4,3.480959281594779e-07,0,Human
109,-12.0206,Monocyte,0.0,hNeo4,1.3925104169412185e-06,0,Human
110,-11.4185,Monocyte,0.06264399,hNeo4,5.570529654925899e-06,0,Human
111,-10.8165,Monocyte,0.0,hNeo4,2.227863836007105e-05,0,Human
112,-10.2144,Monocyte,0.0,hNeo4,8.911632179383903e-05,0,Human
113,-9.61236,Monocyte,0.02072299,hNeo4,0.0003563458654061606,0,Human
114,-9.0103,Monocyte,0.4445051,hNeo4,0.0014237376307604161,0,Human
115,-8.40824,Monocyte,0.56914,hNeo4,0.005668768346630398,0,Human
116,-7.80618,Monocyte,0.6710329,hNeo4,0.02226562052059076,0,Human
117,-7.20412,Monocyte,0.8963137999999999,hNeo4,0.08306325812105328,0,Human
118,-6.60206,Monocyte,0.8525521,hNeo4,0.2617430589656926,0,Human
119,-6.0,Monocyte,0.8223286000000001,hNeo4,0.5663574858352898,0,Human
120,-11.91568628,Monocyte,0.07193390001,hNeo4,1.7730133023513456e-06,0,Human
121,-11.07058824,Monocyte,0.01818805765,hNeo4,1.2410950345470324e-05,0,Human
122,-10.2254902,Monocyte,0.09183781215,hNeo4,8.686965730122531e-05,0,Human
123,-9.38039216,Monocyte,0.1960561744,hNeo4,0.0006077450613373047,0,Human
124,-8.53529412,Monocyte,0.5936064622,hNeo4,0.004237506384603353,0,Human
125,-7.69019608,Monocyte,1.007681749,hNeo4,0.028868858496618927,0,Human
126,-6.84509804,Monocyte,0.8351987751,hNeo4,0.17020682236381374,0,Human
127,-6.0,Monocyte,0.8087482182,hNeo4,0.5663574858352898,0,Human
128,-11.91568628,Monocyte,0.008416687,hNeo4,1.7730133023513456e-06,0,Human
129,-11.07058824,Monocyte,0.0,hNeo4,1.2410950345470324e-05,0,Human
130,-10.2254902,Monocyte,0.0,hNeo4,8.686965730122531e-05,0,Human
131,-9.38039216,Monocyte,0.02794888997,hNeo4,0.0006077450613373047,0,Human
132,-8.53529412,Monocyte,0.2459136375,hNeo4,0.004237506384603353,0,Human
133,-7.69019608,Monocyte,0.4803915589,hNeo4,0.028868858496618927,0,Human
134,-6.84509804,Monocyte,0.5306629666,hNeo4,0.17020682236381374,0,Human
135,-6.0,Monocyte,0.49791107590000006,hNeo4,0.5663574858352898,0,Human
136,-11.91568628,Monocyte,0.0,hNeo4,1.7730133023513456e-06,0,Human
137,-11.07058824,Monocyte,0.0,hNeo4,1.2410950345470324e-05,0,Human
138,-10.2254902,Monocyte,0.0,hNeo4,8.686965730122531e-05,0,Human
139,-9.38039216,Monocyte,0.03105940473,hNeo4,0.0006077450613373047,0,Human
140,-8.53529412,Monocyte,0.27399975600000004,hNeo4,0.004237506384603353,0,Human
141,-7.69019608,Monocyte,0.5006099049,hNeo4,0.028868858496618927,0,Human
142,-6.84509804,Monocyte,0.5041778483,hNeo4,0.17020682236381374,0,Human
143,-6.0,Monocyte,0.4276500366,hNeo4,0.5663574858352898,0,Human
144,-11.91568628,Monocyte,0.0,hNeo4,1.7730133023513456e-06,0,Human
145,-11.07058824,Monocyte,0.0,hNeo4,1.2410950345470324e-05,0,Human
146,-10.2254902,Monocyte,0.012118551040000002,hNeo4,8.686965730122531e-05,0,Human
147,-9.38039216,Monocyte,0.1024807903,hNeo4,0.0006077450613373047,0,Human
148,-8.53529412,Monocyte,0.5437541164,hNeo4,0.004237506384603353,0,Human
149,-7.69019608,Monocyte,0.8010537870000001,hNeo4,0.028868858496618927,0,Human
150,-6.84509804,Monocyte,0.8970362239,hNeo4,0.17020682236381374,0,Human
151,-6.0,Monocyte,0.7102524698,hNeo4,0.5663574858352898,0,Human
152,-11.91568628,Monocyte,0.0,hNeo4,1.7730133023513456e-06,0,Human
153,-11.07058824,Monocyte,0.0026179596900000003,hNeo4,1.2410950345470324e-05,0,Human
154,-10.2254902,Monocyte,0.0118535397,hNeo4,8.686965730122531e-05,0,Human
155,-9.38039216,Monocyte,0.1423151975,hNeo4,0.0006077450613373047,0,Human
156,-8.53529412,Monocyte,0.5731150084,hNeo4,0.004237506384603353,0,Human
157,-7.69019608,Monocyte,0.7980413783,hNeo4,0.028868858496618927,0,Human
158,-6.84509804,Monocyte,0.8998509217,hNeo4,0.17020682236381374,0,Human
159,-6.0,Monocyte,0.7067763947,hNeo4,0.5663574858352898,0,Human
160,-11.91568628,Monocyte,0.0,hNeo4,1.7730133023513456e-06,0,Human
161,-11.07058824,Monocyte,0.0,hNeo4,1.2410950345470324e-05,0,Human
162,-10.2254902,Monocyte,0.00407238174,hNeo4,8.686965730122531e-05,0,Human
163,-9.38039216,Monocyte,0.1254439017,hNeo4,0.0006077450613373047,0,Human
164,-8.53529412,Monocyte,0.4983577151,hNeo4,0.004237506384603353,0,Human
165,-7.69019608,Monocyte,0.8348382561,hNeo4,0.028868858496618927,0,Human
166,-6.84509804,Monocyte,0.8909062260999999,hNeo4,0.17020682236381374,0,Human
167,-6.0,Monocyte,0.6659798563,hNeo4,0.5663574858352898,0,Human
0,-13.8268,Monocyte,0.10984970000000001,hIL13,3.0831472983083306e-05,0,Human
1,-13.2247,Monocyte,0.01270693,hIL13,0.0001233235026156772,0,Human
2,-12.6227,Monocyte,0.1083058,hIL13,0.0004930060748423947,0,Human
3,-12.0206,Monocyte,0.2762867,hIL13,0.001968697200880934,0,Human
4,-11.4185,Monocyte,0.0,hIL13,0.00781992842623774,0,Human
5,-10.8165,Monocyte,0.1670902,hIL13,0.030420862067377295,0,Human
6,-10.2144,Monocyte,0.5063178,hIL13,0.10988594587960204,0,Human
7,-9.61236,Monocyte,0.9221433,hIL13,0.3206181702160757,0,Human
8,-9.0103,Monocyte,1.035793,hIL13,0.6372381121132072,0,Human
9,-8.40824,Monocyte,0.6102891,hIL13,0.8693299786334338,0,Human
10,-7.80618,Monocyte,0.9951191,hIL13,0.9636803516711887,0,Human
11,-7.20412,Monocyte,1.4748949999999998,hIL13,0.9934372082990277,0,Human
12,-13.8268,Monocyte,0.0,hIL13,3.0831472983083306e-05,0,Human
13,-13.2247,Monocyte,0.0,hIL13,0.0001233235026156772,0,Human
14,-12.6227,Monocyte,0.0,hIL13,0.0004930060748423947,0,Human
15,-12.0206,Monocyte,0.5491889,hIL13,0.001968697200880934,0,Human
16,-11.4185,Monocyte,0.0,hIL13,0.00781992842623774,0,Human
17,-10.8165,Monocyte,0.16269619999999999,hIL13,0.030420862067377295,0,Human
18,-10.2144,Monocyte,0.7865234999999999,hIL13,0.10988594587960204,0,Human
19,-9.61236,Monocyte,0.6854618000000001,hIL13,0.3206181702160757,0,Human
20,-9.0103,Monocyte,0.786761,hIL13,0.6372381121132072,0,Human
21,-8.40824,Monocyte,0.9276654999999999,hIL13,0.8693299786334338,0,Human
22,-7.80618,Monocyte,1.3999000000000001,hIL13,0.9636803516711887,0,Human
23,-7.20412,Monocyte,1.084899,hIL13,0.9934372082990277,0,Human
24,-13.91568628,Monocyte,0.023098041290000003,hIL13,2.5125284092213246e-05,0,Human
25,-13.07058824,Monocyte,0.1101050631,hIL13,0.00017584503578949625,0,Human
26,-12.2254902,Monocyte,0.1773137638,hIL13,0.0012293521540911695,0,Human
27,-11.38039216,Monocyte,0.06807982683,hIL13,0.00852975150593868,0,Human
28,-10.53529412,Monocyte,0.2588300512,hIL13,0.05627465891857148,0,Human
29,-9.69019608,Monocyte,1.017396125,hIL13,0.2844992362741636,0,Human
30,-8.84509804,Monocyte,1.042368407,hIL13,0.7160913068695622,0,Human
31,-8.0,Monocyte,1.096061454,hIL13,0.9439760064370649,0,Human
32,-13.91568628,Monocyte,0.00059465723,hIL13,2.5125284092213246e-05,0,Human
33,-13.07058824,Monocyte,0.0,hIL13,0.00017584503578949625,0,Human
34,-12.2254902,Monocyte,0.0,hIL13,0.0012293521540911695,0,Human
35,-11.38039216,Monocyte,0.0,hIL13,0.00852975150593868,0,Human
36,-10.53529412,Monocyte,0.04263234935,hIL13,0.05627465891857148,0,Human
37,-9.69019608,Monocyte,0.5383935106,hIL13,0.2844992362741636,0,Human
38,-8.84509804,Monocyte,0.7322517687,hIL13,0.7160913068695622,0,Human
39,-8.0,Monocyte,0.7290040254,hIL13,0.9439760064370649,0,Human
40,-13.91568628,Monocyte,0.00182971456,hIL13,2.5125284092213246e-05,0,Human
41,-13.07058824,Monocyte,0.0,hIL13,0.00017584503578949625,0,Human
42,-12.2254902,Monocyte,0.0,hIL13,0.0012293521540911695,0,Human
43,-11.38039216,Monocyte,0.0,hIL13,0.00852975150593868,0,Human
44,-10.53529412,Monocyte,0.02598194682,hIL13,0.05627465891857148,0,Human
45,-9.69019608,Monocyte,0.5022566479999999,hIL13,0.2844992362741636,0,Human
46,-8.84509804,Monocyte,0.688064162,hIL13,0.7160913068695622,0,Human
47,-8.0,Monocyte,0.6552207856,hIL13,0.9439760064370649,0,Human
48,-13.91568628,Monocyte,0.0,hIL13,2.5125284092213246e-05,0,Human
49,-13.07058824,Monocyte,0.0,hIL13,0.00017584503578949625,0,Human
50,-12.2254902,Monocyte,0.0006147091100000001,hIL13,0.0012293521540911695,0,Human
51,-11.38039216,Monocyte,0.00166849616,hIL13,0.00852975150593868,0,Human
52,-10.53529412,Monocyte,0.07095499451000001,hIL13,0.05627465891857148,0,Human
53,-9.69019608,Monocyte,0.5436663008,hIL13,0.2844992362741636,0,Human
54,-8.84509804,Monocyte,0.7941163557,hIL13,0.7160913068695622,0,Human
55,-8.0,Monocyte,0.8291547749999999,hIL13,0.9439760064370649,0,Human
56,-13.91568628,Monocyte,0.011199049780000001,hIL13,2.5125284092213246e-05,0,Human
57,-13.07058824,Monocyte,0.00072721102,hIL13,0.00017584503578949625,0,Human
58,-12.2254902,Monocyte,0.0,hIL13,0.0012293521540911695,0,Human
59,-11.38039216,Monocyte,0.008290205680000001,hIL13,0.00852975150593868,0,Human
60,-10.53529412,Monocyte,0.08370198892,hIL13,0.05627465891857148,0,Human
61,-9.69019608,Monocyte,0.6776879537,hIL13,0.2844992362741636,0,Human
62,-8.84509804,Monocyte,1.074090683,hIL13,0.7160913068695622,0,Human
63,-8.0,Monocyte,0.9309755536000001,hIL13,0.9439760064370649,0,Human
64,-13.91568628,Monocyte,0.0,hIL13,2.5125284092213246e-05,0,Human
65,-13.07058824,Monocyte,0.00152714315,hIL13,0.00017584503578949625,0,Human
66,-12.2254902,Monocyte,0.0,hIL13,0.0012293521540911695,0,Human
67,-11.38039216,Monocyte,0.0,hIL13,0.00852975150593868,0,Human
68,-10.53529412,Monocyte,0.08224756687,hIL13,0.05627465891857148,0,Human
69,-9.69019608,Monocyte,0.6672888361,hIL13,0.2844992362741636,0,Human
70,-8.84509804,Monocyte,1.044420473,hIL13,0.7160913068695622,0,Human
71,-8.0,Monocyte,0.8911243894,hIL13,0.9439760064370649,0,Human
0,-13.7513,A20,0.052614999999999995,mIL4,0.0003696112273363823,0,Mouse
1,-12.908,A20,0.05475955,mIL4,0.00256604049197221,0,Mouse
2,-12.06,A20,0.04506007,mIL4,0.017578710591440044,0,Mouse
3,-11.216,A20,0.29101,mIL4,0.1035465569246775,0,Mouse
4,-10.3709,A20,0.8759487,mIL4,0.3752458929391791,0,Mouse
5,-9.52584,A20,0.9026988,mIL4,0.7097104606296699,0,Mouse
6,-8.68075,A20,0.9593640000000001,mIL4,0.9146055681723966,0,Mouse
7,-7.83565,A20,1.3437700000000001,mIL4,1.0,0,Mouse
8,-13.7513,A20,0.052206999999999996,mIL4,0.0003696112273363823,0,Mouse
9,-12.908,A20,0.02188,mIL4,0.00256604049197221,0,Mouse
10,-12.06,A20,0.033829,mIL4,0.017578710591440044,0,Mouse
11,-11.216,A20,0.2959194,mIL4,0.1035465569246775,0,Mouse
12,-10.3709,A20,0.84827,mIL4,0.3752458929391791,0,Mouse
13,-9.52584,A20,0.97368,mIL4,0.7097104606296699,0,Mouse
14,-8.68075,A20,0.8404170000000001,mIL4,0.9146055681723966,0,Mouse
15,-7.83565,A20,1.0452299999999999,mIL4,1.0,0,Mouse
16,-13.7513,A20,0.005139,mIL4,0.0003696112273363823,0,Mouse
17,-12.908,A20,0.031582,mIL4,0.00256604049197221,0,Mouse
18,-12.06,A20,0.024548,mIL4,0.017578710591440044,0,Mouse
19,-11.216,A20,0.307967,mIL4,0.1035465569246775,0,Mouse
20,-10.3709,A20,0.73923,mIL4,0.3752458929391791,0,Mouse
21,-9.52584,A20,1.010108,mIL4,0.7097104606296699,0,Mouse
22,-8.68075,A20,0.8890175,mIL4,0.9146055681723966,0,Mouse
23,-7.83565,A20,1.03553,mIL4,1.0,0,Mouse
0,-11.26167,A20,0.05261546,mNeo4,8.921829394737482e-05,0,Mouse
1,-10.3716,A20,0.0,mNeo4,0.0006918861027942049,0,Mouse
2,-9.52652,A20,0.11152699999999999,mNeo4,0.004805815637098603,0,Mouse
3,-8.6814,A20,0.025966999999999997,mNeo4,0.03194993326657423,0,Mouse
4,-7.83632,A20,0.30806,mNeo4,0.16862603106878116,0,Mouse
5,-6.99123,A20,0.7000030599999999,mNeo4,0.48935742720143977,0,Mouse
6,-6.14613,A20,0.7974339,mNeo4,0.7895783921778752,0,Mouse
7,-5.30103,A20,0.7625157,mNeo4,0.9481975433577275,0,Mouse
8,-11.26167,A20,0.03566688,mNeo4,8.921829394737482e-05,0,Mouse
9,-10.3716,A20,0.0,mNeo4,0.0006918861027942049,0,Mouse
10,-9.52652,A20,0.0,mNeo4,0.004805815637098603,0,Mouse
11,-8.6814,A20,0.0,mNeo4,0.03194993326657423,0,Mouse
12,-7.83632,A20,0.2687608,mNeo4,0.16862603106878116,0,Mouse
13,-6.99123,A20,0.6692986000000001,mNeo4,0.48935742720143977,0,Mouse
14,-6.14613,A20,0.6105912,mNeo4,0.7895783921778752,0,Mouse
15,-5.30103,A20,0.8203043,mNeo4,0.9481975433577275,0,Mouse
16,-11.26167,A20,0.001055,mNeo4,8.921829394737482e-05,0,Mouse
17,-10.3716,A20,0.0,mNeo4,0.0006918861027942049,0,Mouse
18,-9.52652,A20,0.0,mNeo4,0.004805815637098603,0,Mouse
19,-8.6814,A20,0.0210666,mNeo4,0.03194993326657423,0,Mouse
20,-7.83632,A20,0.33145020000000003,mNeo4,0.16862603106878116,0,Mouse
21,-6.99123,A20,0.6234557000000001,mNeo4,0.48935742720143977,0,Mouse
22,-6.14613,A20,0.74628,mNeo4,0.7895783921778752,0,Mouse
23,-5.30103,A20,0.8112739999999999,mNeo4,0.9481975433577275,0,Mouse
