,Cell,Experimental,Concentration,Animal,Ligand,Predicted
0,Ramos,0.0,-14.2247,Human,hIL4,0.0002304675992548823
1,Ramos,0.0,-13.3216,Human,hIL4,0.0018408145898882978
2,Ramos,0.00421297,-12.4185,Human,hIL4,0.014539568264101296
3,Ramos,0.1441065,-11.5154,Human,hIL4,0.10557756487521595
4,Ramos,0.7450629000000001,-10.6124,Human,hIL4,0.4857060130282133
5,Ramos,1.0326,-9.70927,Human,hIL4,0.8833759946531442
6,Ramos,1.046745,-8.80618,Human,hIL4,0.9840778324615336
7,Ramos,0.922063,-7.90309,Human,hIL4,0.99829117278828
8,Ramos,0.9974775,-7.0,Human,hIL4,1.0
9,Ramos,0.0,-14.2247,Human,hIL4,0.0002304675992548823
10,Ramos,0.0,-13.3216,Human,hIL4,0.0018408145898882978
11,Ramos,0.00523566,-12.4185,Human,hIL4,0.014539568264101296
12,Ramos,0.1465092,-11.5154,Human,hIL4,0.10557756487521595
13,Ramos,0.7522217000000001,-10.6124,Human,hIL4,0.4857060130282133
14,Ramos,1.0438129999999999,-9.70927,Human,hIL4,0.8833759946531442
15,Ramos,1.101762,-8.80618,Human,hIL4,0.9840778324615336
16,Ramos,0.9844412,-7.90309,Human,hIL4,0.99829117278828
17,Ramos,1.019096,-7.0,Human,hIL4,1.0
18,Ramos,0.03150859,-13.6797,Human,hIL4,0.0008079027079629894
19,Ramos,0.01470401,-12.7255,Human,hIL4,0.007223746478596502
20,Ramos,0.037237429999999995,-11.7712,Human,hIL4,0.06147072258474318
21,Ramos,0.46288989999999997,-10.817,Human,hIL4,0.3708826693390406
22,Ramos,1.053151,-9.86273,Human,hIL4,0.8416565976969078
23,Ramos,1.0812220000000001,-8.90849,Human,hIL4,0.979839348500816
24,Ramos,1.010376,-7.95424,Human,hIL4,0.9980351125396928
25,Ramos,1.0583069999999999,-7.0,Human,hIL4,1.0
26,Ramos,0.02598342,-13.6797,Human,hIL4,0.0008079027079629894
27,Ramos,0.004775,-12.7255,Human,hIL4,0.007223746478596502
28,Ramos,0.03181264,-11.7712,Human,hIL4,0.06147072258474318
29,Ramos,0.4510201,-10.817,Human,hIL4,0.3708826693390406
30,Ramos,1.0893810000000002,-9.86273,Human,hIL4,0.8416565976969078
31,Ramos,1.128449,-8.90849,Human,hIL4,0.979839348500816
32,Ramos,1.058623,-7.95424,Human,hIL4,0.9980351125396928
33,Ramos,1.1301860000000001,-7.0,Human,hIL4,1.0
34,Ramos,0.014945120000000001,-13.6797,Human,hIL4,0.0008079027079629894
35,Ramos,0.00043409000000000004,-12.7255,Human,hIL4,0.007223746478596502
36,Ramos,0.02337888,-11.7712,Human,hIL4,0.06147072258474318
37,Ramos,0.44481879999999996,-10.817,Human,hIL4,0.3708826693390406
38,Ramos,1.0534139999999999,-9.86273,Human,hIL4,0.8416565976969078
39,Ramos,1.075738,-8.90849,Human,hIL4,0.979839348500816
40,Ramos,1.0026869999999999,-7.95424,Human,hIL4,0.9980351125396928
41,Ramos,1.091366,-7.0,Human,hIL4,1.0
42,Ramos,0.03850394743,-14.67969757,Human,hIL4,8.084948766907886e-05
43,Ramos,0.0017201076200000001,-13.72545506,Human,hIL4,0.00072717523045129
44,Ramos,0.0,-12.77121255,Human,hIL4,0.006506738807747301
45,Ramos,0.03047677855,-11.81697004,Human,hIL4,0.05566418551990638
46,Ramos,0.3777620959,-10.86272753,Human,hIL4,0.34666176633691903
47,Ramos,1.0510739649999998,-9.908485019,Human,hIL4,0.8270774009025181
48,Ramos,0.946015084,-8.954242509,Human,hIL4,0.977610489590051
49,Ramos,1.002910951,-8.0,Human,hIL4,0.9977788462841766
50,Ramos,0.01240457459,-14.67969757,Human,hIL4,8.084948766907886e-05
51,Ramos,0.09027870927000001,-13.72545506,Human,hIL4,0.00072717523045129
52,Ramos,0.0038665881299999997,-12.77121255,Human,hIL4,0.006506738807747301
53,Ramos,0.02885069604,-11.81697004,Human,hIL4,0.05566418551990638
54,Ramos,0.3464357989,-10.86272753,Human,hIL4,0.34666176633691903
55,Ramos,1.070625011,-9.908485019,Human,hIL4,0.8270774009025181
56,Ramos,0.9727880841,-8.954242509,Human,hIL4,0.977610489590051
57,Ramos,0.9615207414,-8.0,Human,hIL4,0.9977788462841766
58,Ramos,0.00533624154,-14.67969757,Human,hIL4,8.084948766907886e-05
59,Ramos,0.08565979856,-13.72545506,Human,hIL4,0.00072717523045129
60,Ramos,0.00176708326,-12.77121255,Human,hIL4,0.006506738807747301
61,Ramos,0.01786328724,-11.81697004,Human,hIL4,0.05566418551990638
62,Ramos,0.36932040190000004,-10.86272753,Human,hIL4,0.34666176633691903
63,Ramos,1.065656183,-9.908485019,Human,hIL4,0.8270774009025181
64,Ramos,0.9808361861,-8.954242509,Human,hIL4,0.977610489590051
65,Ramos,0.9485737947,-8.0,Human,hIL4,0.9977788462841766
0,Ramos,0.0,-14.2247,Human,hNeo4,1.8229419004676788e-05
1,Ramos,0.0,-13.3216,Human,hNeo4,0.00014582203358077584
2,Ramos,0.0,-12.4185,Human,hNeo4,0.0011655366399384345
3,Ramos,0.00232776,-11.5154,Human,hNeo4,0.009256804907787406
4,Ramos,0.07662714,-10.6124,Human,hNeo4,0.06997546132576463
5,Ramos,0.6123836,-9.70927,Human,hNeo4,0.3890209082338651
6,Ramos,1.048193,-8.80618,Human,hNeo4,0.9044120745100286
7,Ramos,1.042433,-7.90309,Human,hNeo4,1.0838996632019062
8,Ramos,1.057231,-7.0,Human,hNeo4,1.1113526854600397
9,Ramos,0.0,-14.2247,Human,hNeo4,1.8229419004676788e-05
10,Ramos,0.0,-13.3216,Human,hNeo4,0.00014582203358077584
11,Ramos,0.0,-12.4185,Human,hNeo4,0.0011655366399384345
12,Ramos,0.0,-11.5154,Human,hNeo4,0.009256804907787406
13,Ramos,0.07988621,-10.6124,Human,hNeo4,0.06997546132576463
14,Ramos,0.6227892,-9.70927,Human,hNeo4,0.3890209082338651
15,Ramos,0.9892588999999999,-8.80618,Human,hNeo4,0.9044120745100286
16,Ramos,1.039882,-7.90309,Human,hNeo4,1.0838996632019062
17,Ramos,0.9872504999999999,-7.0,Human,hNeo4,1.1113526854600397
18,Ramos,0.0,-13.67969757,Human,hNeo4,6.393776659813737e-05
19,Ramos,0.00498390156,-12.72545506,Human,hNeo4,0.0005751761692607115
20,Ramos,0.0,-11.77121255,Human,hNeo4,0.0051553208331214075
21,Ramos,0.0275658272,-10.81697004,Human,hNeo4,0.04474367992400424
22,Ramos,0.2882282892,-9.862727528,Human,hNeo4,0.30486870881046624
23,Ramos,0.9678031138000001,-8.908485019,Human,hNeo4,0.8611211719236606
24,Ramos,1.034402152,-7.954242509,Human,hNeo4,1.0800735737043174
25,Ramos,1.0275217220000001,-7.0,Human,hNeo4,1.1113526854600397
26,Ramos,0.0,-13.67969757,Human,hNeo4,6.393776659813737e-05
27,Ramos,0.09286809861,-12.72545506,Human,hNeo4,0.0005751761692607115
28,Ramos,0.0,-11.77121255,Human,hNeo4,0.0051553208331214075
29,Ramos,0.01576378237,-10.81697004,Human,hNeo4,0.04474367992400424
30,Ramos,0.30353591609999997,-9.862727528,Human,hNeo4,0.30486870881046624
31,Ramos,0.9351369635000001,-8.908485019,Human,hNeo4,0.8611211719236606
32,Ramos,1.012888627,-7.954242509,Human,hNeo4,1.0800735737043174
33,Ramos,1.030244534,-7.0,Human,hNeo4,1.1113526854600397
34,Ramos,0.0,-13.67969757,Human,hNeo4,6.393776659813737e-05
35,Ramos,0.07173308295,-12.72545506,Human,hNeo4,0.0005751761692607115
36,Ramos,0.0,-11.77121255,Human,hNeo4,0.0051553208331214075
37,Ramos,0.0034466871599999997,-10.81697004,Human,hNeo4,0.04474367992400424
38,Ramos,0.3071750579,-9.862727528,Human,hNeo4,0.30486870881046624
39,Ramos,0.8816695729,-8.908485019,Human,hNeo4,0.8611211719236606
40,Ramos,1.000851466,-7.954242509,Human,hNeo4,1.0800735737043174
41,Ramos,1.003580822,-7.0,Human,hNeo4,1.1113526854600397
0,Ramos,0.02406111,-13.6797,Human,hIL13,1.8365398627337525e-09
1,Ramos,0.0137492,-12.7255,Human,hIL13,1.6527238245041734e-08
2,Ramos,0.01814131,-11.7712,Human,hIL13,1.4876461493284352e-07
3,Ramos,0.0040101799999999995,-10.817,Human,hIL13,1.338732592376364e-06
4,Ramos,0.00190961,-9.86273,Human,hIL13,1.2047906383053903e-05
5,Ramos,0.0024825,-8.90849,Human,hIL13,0.0001083132534855219
6,Ramos,0.0,-7.95424,Human,hIL13,0.0009654380185051783
7,Ramos,0.0,-7.0,Human,hIL13,0.007995180778658564
8,Ramos,0.02499121,-13.6797,Human,hIL13,1.8365398627337525e-09
9,Ramos,0.01258863,-12.7255,Human,hIL13,1.6527238245041734e-08
10,Ramos,0.004775,-11.7712,Human,hIL13,1.4876461493284352e-07
11,Ramos,0.0,-10.817,Human,hIL13,1.338732592376364e-06
12,Ramos,0.0,-9.86273,Human,hIL13,1.2047906383053903e-05
13,Ramos,0.00948798,-8.90849,Human,hIL13,0.0001083132534855219
14,Ramos,0.00266656,-7.95424,Human,hIL13,0.0009654380185051783
15,Ramos,0.00675941,-7.0,Human,hIL13,0.007995180778658564
16,Ramos,0.0013022700000000001,-13.6797,Human,hIL13,1.8365398627337525e-09
17,Ramos,0.0,-12.7255,Human,hIL13,1.6527238245041734e-08
18,Ramos,0.0,-11.7712,Human,hIL13,1.4876461493284352e-07
19,Ramos,0.0,-10.817,Human,hIL13,1.338732592376364e-06
20,Ramos,0.0,-9.86273,Human,hIL13,1.2047906383053903e-05
21,Ramos,0.0,-8.90849,Human,hIL13,0.0001083132534855219
22,Ramos,0.0,-7.95424,Human,hIL13,0.0009654380185051783
23,Ramos,0.00502305,-7.0,Human,hIL13,0.007995180778658564
24,Ramos,0.0,-13.67969757,Human,hIL13,1.836550138720315e-09
25,Ramos,0.00471926962,-12.72545506,Human,hIL13,1.6528948541648008e-08
26,Ramos,0.00269042473,-11.77121255,Human,hIL13,1.4876031608517305e-07
27,Ramos,0.01354033432,-10.81697004,Human,hIL13,1.3388249472423715e-06
28,Ramos,0.00736558903,-9.862727528,Human,hIL13,1.2047974950534301e-05
29,Ramos,0.01151148944,-8.908485019,Human,hIL13,0.00010831449424485036
30,Ramos,0.0033078992600000003,-7.954242509,Human,hIL13,0.0009654325014980714
31,Ramos,0.022008556430000003,-7.0,Human,hIL13,0.007995180778658564
32,Ramos,0.0,-13.67969757,Human,hIL13,1.836550138720315e-09
33,Ramos,0.08908898985000001,-12.72545506,Human,hIL13,1.6528948541648008e-08
34,Ramos,0.0012072152999999999,-11.77121255,Human,hIL13,1.4876031608517305e-07
35,Ramos,0.0,-10.81697004,Human,hIL13,1.3388249472423715e-06
36,Ramos,0.0024669182200000002,-9.862727528,Human,hIL13,1.2047974950534301e-05
37,Ramos,0.0091153503,-8.908485019,Human,hIL13,0.00010831449424485036
38,Ramos,0.00526625804,-7.954242509,Human,hIL13,0.0009654325014980714
39,Ramos,0.00400655512,-7.0,Human,hIL13,0.007995180778658564
40,Ramos,0.00162711627,-13.67969757,Human,hIL13,1.836550138720315e-09
41,Ramos,0.08579976556,-12.72545506,Human,hIL13,1.6528948541648008e-08
42,Ramos,0.0,-11.77121255,Human,hIL13,1.4876031608517305e-07
43,Ramos,0.0,-10.81697004,Human,hIL13,1.3388249472423715e-06
44,Ramos,0.0,-9.862727528,Human,hIL13,1.2047974950534301e-05
45,Ramos,0.01289445906,-8.908485019,Human,hIL13,0.00010831449424485036
46,Ramos,0.0,-7.954242509,Human,hIL13,0.0009654325014980714
47,Ramos,0.008905399809999999,-7.0,Human,hIL13,0.007995180778658564
0,Macrophage,0.00902542,-13.2247,Human,hIL4,0.0023186494882454717
1,Macrophage,0.00071806,-12.6227,Human,hIL4,0.009209803629968798
2,Macrophage,0.00668345,-12.0206,Human,hIL4,0.03586001606511054
3,Macrophage,0.07263419,-11.4185,Human,hIL4,0.1296237162520704
4,Macrophage,0.38338700000000003,-10.8165,Human,hIL4,0.3741671536271472
5,Macrophage,0.8107301,-10.2144,Human,hIL4,0.708290989825132
6,Macrophage,0.9574788,-9.61236,Human,hIL4,0.9117345831931841
7,Macrophage,0.9212224,-9.0103,Human,hIL4,0.9818648304927193
8,Macrophage,0.932623,-8.40824,Human,hIL4,0.9994203510860015
9,Macrophage,0.9297065999999999,-7.80618,Human,hIL4,0.9971509415538212
10,Macrophage,0.9661175,-7.20412,Human,hIL4,0.9709167873386102
11,Macrophage,1.0382989999999999,-6.60206,Human,hIL4,0.880428501972654
12,Macrophage,0.01644902,-13.2247,Human,hIL4,0.0023186494882454717
13,Macrophage,0.00237511,-12.6227,Human,hIL4,0.009209803629968798
14,Macrophage,0.00745674,-12.0206,Human,hIL4,0.03586001606511054
15,Macrophage,0.07935078,-11.4185,Human,hIL4,0.1296237162520704
16,Macrophage,0.37649360000000004,-10.8165,Human,hIL4,0.3741671536271472
17,Macrophage,0.8291343999999999,-10.2144,Human,hIL4,0.708290989825132
18,Macrophage,0.958716,-9.61236,Human,hIL4,0.9117345831931841
19,Macrophage,1.001954,-9.0103,Human,hIL4,0.9818648304927193
20,Macrophage,0.9649466,-8.40824,Human,hIL4,0.9994203510860015
21,Macrophage,0.9964085,-7.80618,Human,hIL4,0.9971509415538212
22,Macrophage,1.057167,-7.20412,Human,hIL4,0.9709167873386102
23,Macrophage,1.0189,-6.60206,Human,hIL4,0.880428501972654
24,Macrophage,0.01644902,-13.2247,Human,hIL4,0.0023186494882454717
25,Macrophage,0.00237511,-12.6227,Human,hIL4,0.009209803629968798
26,Macrophage,0.00745674,-12.0206,Human,hIL4,0.03586001606511054
27,Macrophage,0.07935078,-11.4185,Human,hIL4,0.1296237162520704
28,Macrophage,0.37649360000000004,-10.8165,Human,hIL4,0.3741671536271472
29,Macrophage,0.8291343999999999,-10.2144,Human,hIL4,0.708290989825132
30,Macrophage,0.958716,-9.61236,Human,hIL4,0.9117345831931841
31,Macrophage,1.001954,-9.0103,Human,hIL4,0.9818648304927193
32,Macrophage,0.9649466,-8.40824,Human,hIL4,0.9994203510860015
33,Macrophage,0.9964085,-7.80618,Human,hIL4,0.9971509415538212
34,Macrophage,1.057167,-7.20412,Human,hIL4,0.9709167873386102
35,Macrophage,1.0189,-6.60206,Human,hIL4,0.880428501972654
36,Macrophage,0.02782013215,-13.00336125,Human,hIL4,0.0038539904164567157
37,Macrophage,0.03341982541,-12.22521,Human,hIL4,0.022690371659246644
38,Macrophage,0.05695993723,-11.44705875,Human,hIL4,0.12237509982710686
39,Macrophage,0.3662627397,-10.6689075,Human,hIL4,0.45697967490856484
40,Macrophage,0.8179475519,-9.890756252,Human,hIL4,0.8395415986725118
41,Macrophage,0.9944627237,-9.112605002,Human,hIL4,0.9753053025868662
42,Macrophage,1.029808558,-8.334453751,Human,hIL4,1.0
43,Macrophage,1.052028997,-7.556302501,Human,hIL4,0.990534001666374
44,Macrophage,0.025822789319999997,-13.00336125,Human,hIL4,0.0038539904164567157
45,Macrophage,0.02689279441,-12.22521,Human,hIL4,0.022690371659246644
46,Macrophage,0.03948318755,-11.44705875,Human,hIL4,0.12237509982710686
47,Macrophage,0.4049255901,-10.6689075,Human,hIL4,0.45697967490856484
48,Macrophage,0.9188133643999999,-9.890756252,Human,hIL4,0.8395415986725118
49,Macrophage,0.9178503598000001,-9.112605002,Human,hIL4,0.9753053025868662
50,Macrophage,0.9816226627,-8.334453751,Human,hIL4,1.0
51,Macrophage,0.9365397819000001,-7.556302501,Human,hIL4,0.990534001666374
52,Macrophage,0.022862441929999998,-13.00336125,Human,hIL4,0.0038539904164567157
53,Macrophage,0.0238254465,-12.22521,Human,hIL4,0.022690371659246644
54,Macrophage,0.04633122007,-11.44705875,Human,hIL4,0.12237509982710686
55,Macrophage,0.3984698927,-10.6689075,Human,hIL4,0.45697967490856484
56,Macrophage,0.9307260876,-9.890756252,Human,hIL4,0.8395415986725118
57,Macrophage,0.7735780078000001,-9.112605002,Human,hIL4,0.9753053025868662
58,Macrophage,0.9607575636,-8.334453751,Human,hIL4,1.0
59,Macrophage,0.9664999242000001,-7.556302501,Human,hIL4,0.990534001666374
60,Macrophage,0.08306106531999999,-13.00336125,Human,hIL4,0.0038539904164567157
61,Macrophage,0.058999599500000006,-12.22521,Human,hIL4,0.022690371659246644
62,Macrophage,0.07597858393,-11.44705875,Human,hIL4,0.12237509982710686
63,Macrophage,0.3156130773,-10.6689075,Human,hIL4,0.45697967490856484
64,Macrophage,0.8729158323,-9.890756252,Human,hIL4,0.8395415986725118
65,Macrophage,1.0688223270000001,-9.112605002,Human,hIL4,0.9753053025868662
66,Macrophage,0.9776986151,-8.334453751,Human,hIL4,1.0
67,Macrophage,0.9989144410999999,-7.556302501,Human,hIL4,0.990534001666374
68,Macrophage,0.07885584199000001,-13.00336125,Human,hIL4,0.0038539904164567157
69,Macrophage,0.0554583588,-12.22521,Human,hIL4,0.022690371659246644
70,Macrophage,0.07057186822,-11.44705875,Human,hIL4,0.12237509982710686
71,Macrophage,0.317288843,-10.6689075,Human,hIL4,0.45697967490856484
72,Macrophage,0.8476844923,-9.890756252,Human,hIL4,0.8395415986725118
73,Macrophage,1.043907169,-9.112605002,Human,hIL4,0.9753053025868662
74,Macrophage,0.9847178601000001,-8.334453751,Human,hIL4,1.0
75,Macrophage,1.021268523,-7.556302501,Human,hIL4,0.990534001666374
76,Macrophage,0.07781244072,-13.00336125,Human,hIL4,0.0038539904164567157
77,Macrophage,0.044581690939999995,-12.22521,Human,hIL4,0.022690371659246644
78,Macrophage,0.06782108303,-11.44705875,Human,hIL4,0.12237509982710686
79,Macrophage,0.2894015725,-10.6689075,Human,hIL4,0.45697967490856484
80,Macrophage,0.8356695685,-9.890756252,Human,hIL4,0.8395415986725118
81,Macrophage,0.9033641787000001,-9.112605002,Human,hIL4,0.9753053025868662
82,Macrophage,1.004921903,-8.334453751,Human,hIL4,1.0
83,Macrophage,1.012478658,-7.556302501,Human,hIL4,0.990534001666374
84,Macrophage,0.04520969751,-13.00336125,Human,hIL4,0.0038539904164567157
85,Macrophage,0.00621184453,-12.22521,Human,hIL4,0.022690371659246644
86,Macrophage,0.05893229624,-11.44705875,Human,hIL4,0.12237509982710686
87,Macrophage,0.407437404,-10.6689075,Human,hIL4,0.45697967490856484
88,Macrophage,0.8511449507000001,-9.890756252,Human,hIL4,0.8395415986725118
89,Macrophage,0.9412740012,-9.112605002,Human,hIL4,0.9753053025868662
90,Macrophage,0.9779796606,-8.334453751,Human,hIL4,1.0
91,Macrophage,1.032442179,-7.556302501,Human,hIL4,0.990534001666374
92,Macrophage,0.03069247167,-13.00336125,Human,hIL4,0.0038539904164567157
93,Macrophage,0.00706759679,-12.22521,Human,hIL4,0.022690371659246644
94,Macrophage,0.05835160721,-11.44705875,Human,hIL4,0.12237509982710686
95,Macrophage,0.42467469950000003,-10.6689075,Human,hIL4,0.45697967490856484
96,Macrophage,0.8742808243,-9.890756252,Human,hIL4,0.8395415986725118
97,Macrophage,0.9823195470999999,-9.112605002,Human,hIL4,0.9753053025868662
98,Macrophage,1.037087692,-8.334453751,Human,hIL4,1.0
99,Macrophage,0.9524904683,-7.556302501,Human,hIL4,0.990534001666374
0,Macrophage,0.01004175,-12.6227,Human,hNeo4,0.00023319655643040226
1,Macrophage,0.0,-12.0206,Human,hNeo4,0.0009310475893010578
2,Macrophage,0.0,-11.4185,Human,hNeo4,0.0036956182759111476
3,Macrophage,0.0,-10.8165,Human,hNeo4,0.014335360226812721
4,Macrophage,0.00257396,-10.2144,Human,hNeo4,0.05118099610917934
5,Macrophage,0.02073527,-9.61236,Human,hNeo4,0.14315432086013063
6,Macrophage,0.07946125,-9.0103,Human,hNeo4,0.25994146949618907
7,Macrophage,0.1563264,-8.40824,Human,hNeo4,0.3265394223782087
8,Macrophage,0.17755880000000002,-7.80618,Human,hNeo4,0.3488811884476961
9,Macrophage,0.2432002,-7.20412,Human,hNeo4,0.35493320938709394
10,Macrophage,0.2492098,-6.60206,Human,hNeo4,0.35640079949821635
11,Macrophage,0.2788821,-6.0,Human,hNeo4,0.35645582953412924
12,Macrophage,0.0067718299999999995,-12.6227,Human,hNeo4,0.00023319655643040226
13,Macrophage,0.0,-12.0206,Human,hNeo4,0.0009310475893010578
14,Macrophage,0.0,-11.4185,Human,hNeo4,0.0036956182759111476
15,Macrophage,0.0,-10.8165,Human,hNeo4,0.014335360226812721
16,Macrophage,0.0,-10.2144,Human,hNeo4,0.05118099610917934
17,Macrophage,0.00904751,-9.61236,Human,hNeo4,0.14315432086013063
18,Macrophage,0.057389289999999996,-9.0103,Human,hNeo4,0.25994146949618907
19,Macrophage,0.1370162,-8.40824,Human,hNeo4,0.3265394223782087
20,Macrophage,0.19006409999999999,-7.80618,Human,hNeo4,0.3488811884476961
21,Macrophage,0.2265192,-7.20412,Human,hNeo4,0.35493320938709394
22,Macrophage,0.2559706,-6.60206,Human,hNeo4,0.35640079949821635
23,Macrophage,0.2502041,-6.0,Human,hNeo4,0.35645582953412924
24,Macrophage,0.00451823,-12.6227,Human,hNeo4,0.00023319655643040226
25,Macrophage,0.0,-12.0206,Human,hNeo4,0.0009310475893010578
26,Macrophage,0.0,-11.4185,Human,hNeo4,0.0036956182759111476
27,Macrophage,0.0,-10.8165,Human,hNeo4,0.014335360226812721
28,Macrophage,0.0,-10.2144,Human,hNeo4,0.05118099610917934
29,Macrophage,0.010108029999999999,-9.61236,Human,hNeo4,0.14315432086013063
30,Macrophage,0.06430473,-9.0103,Human,hNeo4,0.25994146949618907
31,Macrophage,0.1276263,-8.40824,Human,hNeo4,0.3265394223782087
32,Macrophage,0.17470870000000002,-7.80618,Human,hNeo4,0.3488811884476961
33,Macrophage,0.221526,-7.20412,Human,hNeo4,0.35493320938709394
34,Macrophage,0.23776509999999998,-6.60206,Human,hNeo4,0.35640079949821635
35,Macrophage,0.26525010000000004,-6.0,Human,hNeo4,0.35645582953412924
36,Macrophage,0.01201972376,-11.44705875,Human,hNeo4,0.003462697474595301
37,Macrophage,0.01094971868,-10.6689075,Human,hNeo4,0.01981528686045509
38,Macrophage,0.02578712249,-9.890756252,Human,hNeo4,0.0930659351920489
39,Macrophage,0.03748584472,-9.112605002,Human,hNeo4,0.24242995968039757
40,Macrophage,0.08506540405999999,-8.334453751,Human,hNeo4,0.3309554574973569
41,Macrophage,0.168632801,-7.556302501,Human,hNeo4,0.3523928196831638
42,Macrophage,0.1697384729,-6.77815125,Human,hNeo4,0.3561785427861083
43,Macrophage,0.19042523790000002,-6.0,Human,hNeo4,0.35645582953412924
44,Macrophage,0.01387439924,-11.44705875,Human,hNeo4,0.003462697474595301
45,Macrophage,0.0138387324,-10.6689075,Human,hNeo4,0.01981528686045509
46,Macrophage,0.01747674968,-9.890756252,Human,hNeo4,0.0930659351920489
47,Macrophage,0.02660745972,-9.112605002,Human,hNeo4,0.24242995968039757
48,Macrophage,0.1117441975,-8.334453751,Human,hNeo4,0.3309554574973569
49,Macrophage,0.1526897253,-7.556302501,Human,hNeo4,0.3523928196831638
50,Macrophage,0.16089309759999998,-6.77815125,Human,hNeo4,0.3561785427861083
51,Macrophage,0.17230648510000002,-6.0,Human,hNeo4,0.35645582953412924
52,Macrophage,0.005920694789999999,-11.44705875,Human,hNeo4,0.003462697474595301
53,Macrophage,0.00920204371,-10.6689075,Human,hNeo4,0.01981528686045509
54,Macrophage,0.01647807827,-9.890756252,Human,hNeo4,0.0930659351920489
55,Macrophage,0.02910413824,-9.112605002,Human,hNeo4,0.24242995968039757
56,Macrophage,0.06230996264,-8.334453751,Human,hNeo4,0.3309554574973569
57,Macrophage,0.1326449634,-7.556302501,Human,hNeo4,0.3523928196831638
58,Macrophage,0.1596804251,-6.77815125,Human,hNeo4,0.3561785427861083
59,Macrophage,0.1634967766,-6.0,Human,hNeo4,0.35645582953412924
60,Macrophage,0.0,-11.44705875,Human,hNeo4,0.003462697474595301
61,Macrophage,0.0,-10.6689075,Human,hNeo4,0.01981528686045509
62,Macrophage,0.0,-9.890756252,Human,hNeo4,0.0930659351920489
63,Macrophage,0.0,-9.112605002,Human,hNeo4,0.24242995968039757
64,Macrophage,0.0,-8.334453751,Human,hNeo4,0.3309554574973569
65,Macrophage,0.038467568540000004,-7.556302501,Human,hNeo4,0.3523928196831638
66,Macrophage,0.07565848414000001,-6.77815125,Human,hNeo4,0.3561785427861083
67,Macrophage,0.07841336678000001,-6.0,Human,hNeo4,0.35645582953412924
68,Macrophage,0.0,-11.44705875,Human,hNeo4,0.003462697474595301
69,Macrophage,0.0,-10.6689075,Human,hNeo4,0.01981528686045509
70,Macrophage,0.0,-9.890756252,Human,hNeo4,0.0930659351920489
71,Macrophage,0.0,-9.112605002,Human,hNeo4,0.24242995968039757
72,Macrophage,0.0,-8.334453751,Human,hNeo4,0.3309554574973569
73,Macrophage,0.034839186529999996,-7.556302501,Human,hNeo4,0.3523928196831638
74,Macrophage,0.05721420892,-6.77815125,Human,hNeo4,0.3561785427861083
75,Macrophage,0.06195126321,-6.0,Human,hNeo4,0.35645582953412924
76,Macrophage,0.0,-11.44705875,Human,hNeo4,0.003462697474595301
77,Macrophage,0.0,-10.6689075,Human,hNeo4,0.01981528686045509
78,Macrophage,0.0,-9.890756252,Human,hNeo4,0.0930659351920489
79,Macrophage,0.0,-9.112605002,Human,hNeo4,0.24242995968039757
80,Macrophage,0.0,-8.334453751,Human,hNeo4,0.3309554574973569
81,Macrophage,0.03016932449,-7.556302501,Human,hNeo4,0.3523928196831638
82,Macrophage,0.0381987995,-6.77815125,Human,hNeo4,0.3561785427861083
83,Macrophage,0.034872782660000004,-6.0,Human,hNeo4,0.35645582953412924
84,Macrophage,0.0,-10.6689075,Human,hNeo4,0.01981528686045509
85,Macrophage,0.0,-9.890756252,Human,hNeo4,0.0930659351920489
86,Macrophage,0.02564964586,-9.112605002,Human,hNeo4,0.24242995968039757
87,Macrophage,0.1528511067,-8.334453751,Human,hNeo4,0.3309554574973569
88,Macrophage,0.22886024500000002,-7.556302501,Human,hNeo4,0.3523928196831638
89,Macrophage,0.2713116696,-6.77815125,Human,hNeo4,0.3561785427861083
90,Macrophage,0.2454862889,-6.0,Human,hNeo4,0.35645582953412924
91,Macrophage,0.0,-10.6689075,Human,hNeo4,0.01981528686045509
92,Macrophage,0.0,-9.890756252,Human,hNeo4,0.0930659351920489
93,Macrophage,0.03558248458,-9.112605002,Human,hNeo4,0.24242995968039757
94,Macrophage,0.15881081,-8.334453751,Human,hNeo4,0.3309554574973569
95,Macrophage,0.2581391973,-7.556302501,Human,hNeo4,0.3523928196831638
96,Macrophage,0.2723202347,-6.77815125,Human,hNeo4,0.3561785427861083
97,Macrophage,0.29197197410000003,-6.0,Human,hNeo4,0.35645582953412924
0,Macrophage,0.021462572299999996,-13.00336125,Human,hIL13,0.00018399248155948192
1,Macrophage,0.0,-12.22521,Human,hIL13,0.0011025915836216731
2,Macrophage,0.0,-11.44705875,Human,hIL13,0.006566891507970853
3,Macrophage,0.0,-10.6689075,Human,hIL13,0.03773600493416674
4,Macrophage,0.2736344257,-9.890756252,Human,hIL13,0.18060875570841653
5,Macrophage,0.7841212112,-9.112605002,Human,hIL13,0.4892885792309074
6,Macrophage,0.9303631599000001,-8.334453751,Human,hIL13,0.6819467744998556
7,Macrophage,0.8783762101000001,-7.556302501,Human,hIL13,0.7148917909501877
8,Macrophage,0.00994047937,-13.00336125,Human,hIL13,0.00018399248155948192
9,Macrophage,0.0,-12.22521,Human,hIL13,0.0011025915836216731
10,Macrophage,0.0,-11.44705875,Human,hIL13,0.006566891507970853
11,Macrophage,0.0,-10.6689075,Human,hIL13,0.03773600493416674
12,Macrophage,0.2699363534,-9.890756252,Human,hIL13,0.18060875570841653
13,Macrophage,0.7538031311000001,-9.112605002,Human,hIL13,0.4892885792309074
14,Macrophage,0.9278264656999999,-8.334453751,Human,hIL13,0.6819467744998556
15,Macrophage,0.8303623958,-7.556302501,Human,hIL13,0.7148917909501877
0,Macrophage,0.00943415,-13.2483,Mouse,mIL4,0.002008045117603745
1,Macrophage,0.011704019999999999,-12.7712,Mouse,mIL4,0.005999794777954878
2,Macrophage,0.030584129999999998,-12.2941,Mouse,mIL4,0.01778552694003049
3,Macrophage,0.06566071,-11.817,Mouse,mIL4,0.051524972196215976
4,Macrophage,0.2448031,-11.3398,Mouse,mIL4,0.14018215529924247
5,Macrophage,0.5819378,-10.8627,Mouse,mIL4,0.3285915492829775
6,Macrophage,0.9608996000000001,-10.3856,Mouse,mIL4,0.5953098843403491
7,Macrophage,1.013367,-9.90849,Mouse,mIL4,0.8161452074643133
8,Macrophage,0.873356,-9.43136,Mouse,mIL4,0.9313089728707469
9,Macrophage,1.0251649999999999,-8.95424,Mouse,mIL4,0.9772708721256724
10,Macrophage,0.9538890999999999,-8.47712,Mouse,mIL4,0.9936060789697096
11,Macrophage,1.064321,-8.0,Mouse,mIL4,0.9991414257941238
12,Macrophage,0.02224945,-13.2483,Mouse,mIL4,0.002008045117603745
13,Macrophage,0.02350261,-12.7712,Mouse,mIL4,0.005999794777954878
14,Macrophage,0.02579612,-12.2941,Mouse,mIL4,0.01778552694003049
15,Macrophage,0.07823957,-11.817,Mouse,mIL4,0.051524972196215976
16,Macrophage,0.2869139,-11.3398,Mouse,mIL4,0.14018215529924247
17,Macrophage,0.6711484,-10.8627,Mouse,mIL4,0.3285915492829775
18,Macrophage,0.8541094,-10.3856,Mouse,mIL4,0.5953098843403491
19,Macrophage,0.9412747,-9.90849,Mouse,mIL4,0.8161452074643133
20,Macrophage,0.9910463,-9.43136,Mouse,mIL4,0.9313089728707469
21,Macrophage,1.093344,-8.95424,Mouse,mIL4,0.9772708721256724
22,Macrophage,1.091228,-8.47712,Mouse,mIL4,0.9936060789697096
23,Macrophage,1.085742,-8.0,Mouse,mIL4,0.9991414257941238
24,Macrophage,0.00497105,-13.2483,Mouse,mIL4,0.002008045117603745
25,Macrophage,0.00811658,-12.7712,Mouse,mIL4,0.005999794777954878
26,Macrophage,0.02711143,-12.2941,Mouse,mIL4,0.01778552694003049
27,Macrophage,0.06493261,-11.817,Mouse,mIL4,0.051524972196215976
28,Macrophage,0.3184188,-11.3398,Mouse,mIL4,0.14018215529924247
29,Macrophage,0.6758852000000001,-10.8627,Mouse,mIL4,0.3285915492829775
30,Macrophage,0.9710496000000001,-10.3856,Mouse,mIL4,0.5953098843403491
31,Macrophage,1.0074379999999998,-9.90849,Mouse,mIL4,0.8161452074643133
32,Macrophage,0.9685781,-9.43136,Mouse,mIL4,0.9313089728707469
33,Macrophage,1.1097709999999998,-8.95424,Mouse,mIL4,0.9772708721256724
34,Macrophage,0.9728283000000001,-8.47712,Mouse,mIL4,0.9936060789697096
35,Macrophage,1.079196,-8.0,Mouse,mIL4,0.9991414257941238
36,Macrophage,0.0023310600000000002,-13.2483,Mouse,mIL4,0.002008045117603745
37,Macrophage,0.16473749999999998,-12.7712,Mouse,mIL4,0.005999794777954878
38,Macrophage,0.010335289999999999,-12.2941,Mouse,mIL4,0.01778552694003049
39,Macrophage,0.04516074,-11.817,Mouse,mIL4,0.051524972196215976
40,Macrophage,0.2768155,-11.3398,Mouse,mIL4,0.14018215529924247
41,Macrophage,0.6747244000000001,-10.8627,Mouse,mIL4,0.3285915492829775
42,Macrophage,0.9421969,-10.3856,Mouse,mIL4,0.5953098843403491
43,Macrophage,0.9083450999999999,-9.90849,Mouse,mIL4,0.8161452074643133
44,Macrophage,1.113731,-9.43136,Mouse,mIL4,0.9313089728707469
45,Macrophage,1.042114,-8.95424,Mouse,mIL4,0.9772708721256724
46,Macrophage,1.0061,-8.47712,Mouse,mIL4,0.9936060789697096
47,Macrophage,1.088773,-8.0,Mouse,mIL4,0.9991414257941238
48,Macrophage,0.0,-13.75133342,Mouse,mIL4,0.0006314478462221662
49,Macrophage,0.0,-12.90623538,Mouse,mIL4,0.004403484867112074
50,Macrophage,0.00942363928,-12.06113734,Mouse,mIL4,0.030032495349627916
51,Macrophage,0.2875483445,-11.2160393,Mouse,mIL4,0.17818385334461162
52,Macrophage,0.9373549665,-10.37094126,Mouse,mIL4,0.6034388466564428
53,Macrophage,1.04132629,-9.525843224,Mouse,mIL4,0.9156097382885235
54,Macrophage,0.9971795113999999,-8.680745184,Mouse,mIL4,0.9886664812266504
55,Macrophage,0.8860201868,-7.835647144,Mouse,mIL4,1.0
56,Macrophage,0.0,-13.75133342,Mouse,mIL4,0.0006314478462221662
57,Macrophage,0.0,-12.90623538,Mouse,mIL4,0.004403484867112074
58,Macrophage,0.0,-12.06113734,Mouse,mIL4,0.030032495349627916
59,Macrophage,0.2960381096,-11.2160393,Mouse,mIL4,0.17818385334461162
60,Macrophage,0.9550136779999999,-10.37094126,Mouse,mIL4,0.6034388466564428
61,Macrophage,1.0228752,-9.525843224,Mouse,mIL4,0.9156097382885235
62,Macrophage,1.17144609,-8.680745184,Mouse,mIL4,0.9886664812266504
63,Macrophage,0.8811527214,-7.835647144,Mouse,mIL4,1.0
0,Macrophage,0.013288,-10.0722,Mouse,mNeo4,0.004498600026222968
1,Macrophage,0.026840000000000003,-9.59512,Mouse,mNeo4,0.01333283553066934
2,Macrophage,0.06515,-9.118,Mouse,mNeo4,0.038610505579170305
3,Macrophage,0.20989999999999998,-8.64088,Mouse,mNeo4,0.10491034252684901
4,Macrophage,0.50127,-8.16376,Mouse,mNeo4,0.24533487704416573
5,Macrophage,0.8765900000000001,-7.68664,Mouse,mNeo4,0.4429580307331721
6,Macrophage,1.059839,-7.20952,Mouse,mNeo4,0.6054192418389783
7,Macrophage,0.8553507,-6.73239,Mouse,mNeo4,0.6892176084599074
8,Macrophage,1.17122,-6.25527,Mouse,mNeo4,0.7208200606428212
9,Macrophage,1.0204241,-5.77815,Mouse,mNeo4,0.7266971882027436
10,Macrophage,1.090459,-5.30103,Mouse,mNeo4,0.7131200029930806
11,Macrophage,1.14652,-4.82391,Mouse,mNeo4,0.6663454777610722
12,Macrophage,0.01992,-10.0722,Mouse,mNeo4,0.004498600026222968
13,Macrophage,0.022719999999999997,-9.59512,Mouse,mNeo4,0.01333283553066934
14,Macrophage,0.056749999999999995,-9.118,Mouse,mNeo4,0.038610505579170305
15,Macrophage,0.15539999999999998,-8.64088,Mouse,mNeo4,0.10491034252684901
16,Macrophage,0.43012,-8.16376,Mouse,mNeo4,0.24533487704416573
17,Macrophage,0.6523,-7.68664,Mouse,mNeo4,0.4429580307331721
18,Macrophage,0.6457305999999999,-7.20952,Mouse,mNeo4,0.6054192418389783
19,Macrophage,0.8869499999999999,-6.73239,Mouse,mNeo4,0.6892176084599074
20,Macrophage,0.77837,-6.25527,Mouse,mNeo4,0.7208200606428212
21,Macrophage,0.7920699999999999,-5.77815,Mouse,mNeo4,0.7266971882027436
22,Macrophage,0.900239,-5.30103,Mouse,mNeo4,0.7131200029930806
23,Macrophage,1.09834,-4.82391,Mouse,mNeo4,0.6663454777610722
24,Macrophage,0.005850999999999999,-10.0722,Mouse,mNeo4,0.004498600026222968
25,Macrophage,0.022959999999999998,-9.59512,Mouse,mNeo4,0.01333283553066934
26,Macrophage,0.23998666,-9.118,Mouse,mNeo4,0.038610505579170305
27,Macrophage,0.24709,-8.64088,Mouse,mNeo4,0.10491034252684901
28,Macrophage,0.59167,-8.16376,Mouse,mNeo4,0.24533487704416573
29,Macrophage,1.0361799999999999,-7.68664,Mouse,mNeo4,0.4429580307331721
30,Macrophage,1.27934,-7.20952,Mouse,mNeo4,0.6054192418389783
31,Macrophage,1.237239,-6.73239,Mouse,mNeo4,0.6892176084599074
32,Macrophage,1.25977,-6.25527,Mouse,mNeo4,0.7208200606428212
33,Macrophage,1.1225589999999999,-5.77815,Mouse,mNeo4,0.7266971882027436
34,Macrophage,1.09315,-5.30103,Mouse,mNeo4,0.7131200029930806
35,Macrophage,1.2841322,-4.82391,Mouse,mNeo4,0.6663454777610722
36,Macrophage,0.0042970000000000005,-10.0722,Mouse,mNeo4,0.004498600026222968
37,Macrophage,0.009371,-9.59512,Mouse,mNeo4,0.01333283553066934
38,Macrophage,0.04555,-9.118,Mouse,mNeo4,0.038610505579170305
39,Macrophage,0.16261,-8.64088,Mouse,mNeo4,0.10491034252684901
40,Macrophage,0.450362,-8.16376,Mouse,mNeo4,0.24533487704416573
41,Macrophage,0.7182559999999999,-7.68664,Mouse,mNeo4,0.4429580307331721
42,Macrophage,0.74405,-7.20952,Mouse,mNeo4,0.6054192418389783
43,Macrophage,0.80062,-6.73239,Mouse,mNeo4,0.6892176084599074
44,Macrophage,0.8272499999999999,-6.25527,Mouse,mNeo4,0.7208200606428212
45,Macrophage,0.8650199999999999,-5.77815,Mouse,mNeo4,0.7266971882027436
46,Macrophage,0.913025,-4.82391,Mouse,mNeo4,0.6663454777610722
47,Macrophage,0.0,-11.21671628,Mouse,mNeo4,0.00032434919989703917
48,Macrophage,0.0,-10.37161824,Mouse,mNeo4,0.00226450378321137
49,Macrophage,0.0,-9.526520196,Mouse,mNeo4,0.015566419333668959
50,Macrophage,0.1286765399,-8.681422156,Mouse,mNeo4,0.09677989265341413
51,Macrophage,0.7075087256,-7.836324116,Mouse,mNeo4,0.3799842623649483
52,Macrophage,1.3046788040000001,-6.991226076,Mouse,mNeo4,0.6525685266067568
53,Macrophage,1.127299311,-6.146128036,Mouse,mNeo4,0.7238877823687698
54,Macrophage,1.267097444,-5.301029996,Mouse,mNeo4,0.7131200027740264
55,Macrophage,0.0,-11.21671628,Mouse,mNeo4,0.00032434919989703917
56,Macrophage,0.0,-10.37161824,Mouse,mNeo4,0.00226450378321137
57,Macrophage,0.0,-9.526520196,Mouse,mNeo4,0.015566419333668959
58,Macrophage,0.1198471842,-8.681422156,Mouse,mNeo4,0.09677989265341413
59,Macrophage,0.7047354023,-7.836324116,Mouse,mNeo4,0.3799842623649483
60,Macrophage,1.056268277,-6.991226076,Mouse,mNeo4,0.6525685266067568
61,Macrophage,1.209593435,-6.146128036,Mouse,mNeo4,0.7238877823687698
62,Macrophage,1.237666258,-5.301029996,Mouse,mNeo4,0.7131200027740264
0,A549,0.0,-13.0206,Human,hIL4,0.00370938944741346
1,A549,0.0,-12.4185,Human,hIL4,0.014677159990331576
2,A549,0.00155518,-11.8165,Human,hIL4,0.05624831763115842
3,A549,0.1319957,-11.2144,Human,hIL4,0.19279274307297564
4,A549,0.4892977,-10.6124,Human,hIL4,0.49028834114831293
5,A549,0.9598362,-10.0103,Human,hIL4,0.7982863459665295
6,A549,1.137807,-9.40824,Human,hIL4,0.9467718371914353
7,A549,1.027972,-8.80618,Human,hIL4,0.9919743720762902
8,A549,1.0266119999999999,-8.20412,Human,hIL4,1.0
9,A549,0.982289,-7.60206,Human,hIL4,0.9864436497358983
10,A549,0.9021002,-7.0,Human,hIL4,0.9257562410309338
11,A549,0.0,-13.0206,Human,hIL4,0.00370938944741346
12,A549,0.0,-12.4185,Human,hIL4,0.014677159990331576
13,A549,0.015260180000000002,-11.8165,Human,hIL4,0.05624831763115842
14,A549,0.1521158,-11.2144,Human,hIL4,0.19279274307297564
15,A549,0.5382858,-10.6124,Human,hIL4,0.49028834114831293
16,A549,0.9149303999999999,-10.0103,Human,hIL4,0.7982863459665295
17,A549,1.110591,-9.40824,Human,hIL4,0.9467718371914353
18,A549,0.9725691999999999,-8.80618,Human,hIL4,0.9919743720762902
19,A549,0.9547817999999999,-8.20412,Human,hIL4,1.0
20,A549,0.8057764000000001,-7.60206,Human,hIL4,0.9864436497358983
21,A549,0.3845177,-7.0,Human,hIL4,0.9257562410309338
22,A549,0.0,-13.0206,Human,hIL4,0.00370938944741346
23,A549,0.0,-12.4185,Human,hIL4,0.014677159990331576
24,A549,0.04267018,-11.8165,Human,hIL4,0.05624831763115842
25,A549,0.15940569999999998,-11.2144,Human,hIL4,0.19279274307297564
26,A549,0.5058215,-10.6124,Human,hIL4,0.49028834114831293
27,A549,0.8025688,-10.0103,Human,hIL4,0.7982863459665295
28,A549,1.132364,-9.40824,Human,hIL4,0.9467718371914353
29,A549,1.021266,-8.80618,Human,hIL4,0.9919743720762902
30,A549,1.0526609999999998,-8.20412,Human,hIL4,1.0
31,A549,0.9324261,-7.60206,Human,hIL4,0.9864436497358983
32,A549,0.9407852,-7.0,Human,hIL4,0.9257562410309338
33,A549,0.09737391000000001,-13.3216,Human,hIL4,0.0018582356043845894
34,A549,0.054489869999999996,-12.4185,Human,hIL4,0.014677159990331576
35,A549,0.056255639999999996,-11.5154,Human,hIL4,0.10657627364419393
36,A549,0.2379041,-10.6124,Human,hIL4,0.49028834114831293
37,A549,0.7982358,-9.70927,Human,hIL4,0.891567052494905
38,A549,0.925301,-8.80618,Human,hIL4,0.9919743720762902
39,A549,0.8975622,-7.90309,Human,hIL4,0.996455864856889
40,A549,0.9445378,-7.0,Human,hIL4,0.9257562410309338
41,A549,0.08113974,-13.3216,Human,hIL4,0.0018582356043845894
42,A549,0.04457979,-12.4185,Human,hIL4,0.014677159990331576
43,A549,0.05557111,-11.5154,Human,hIL4,0.10657627364419393
44,A549,0.2346604,-10.6124,Human,hIL4,0.49028834114831293
45,A549,0.8406375,-9.70927,Human,hIL4,0.891567052494905
46,A549,0.9849403999999999,-8.80618,Human,hIL4,0.9919743720762902
47,A549,0.9447867,-7.90309,Human,hIL4,0.996455864856889
48,A549,1.039998,-7.0,Human,hIL4,0.9257562410309338
49,A549,0.1056038,-13.3216,Human,hIL4,0.0018582356043845894
50,A549,0.06350539999999999,-12.4185,Human,hIL4,0.014677159990331576
51,A549,0.08188648999999999,-11.5154,Human,hIL4,0.10657627364419393
52,A549,0.2769999,-10.6124,Human,hIL4,0.49028834114831293
53,A549,0.9552646,-9.70927,Human,hIL4,0.891567052494905
54,A549,1.112449,-8.80618,Human,hIL4,0.9919743720762902
55,A549,1.014531,-7.90309,Human,hIL4,0.996455864856889
56,A549,1.158585,-7.0,Human,hIL4,0.9257562410309338
57,A549,0.03200822896,-12.0,Human,hIL4,0.03758609017404836
58,A549,0.04513825861,-11.0,Human,hIL4,0.2815447519192585
59,A549,0.19362255699999997,-10.0,Human,hIL4,0.8022220017279215
60,A549,0.7965753010000001,-9.0,Human,hIL4,0.9834703494159709
61,A549,1.0350940880000001,-8.0,Human,hIL4,0.998176613406861
62,A549,0.9629091789,-7.0,Human,hIL4,0.9257562410309338
63,A549,0.05439583712,-12.0,Human,hIL4,0.03758609017404836
64,A549,0.04598535729,-11.0,Human,hIL4,0.2815447519192585
65,A549,0.17383675199999998,-10.0,Human,hIL4,0.8022220017279215
66,A549,0.7652326496,-9.0,Human,hIL4,0.9834703494159709
67,A549,1.011798875,-8.0,Human,hIL4,0.998176613406861
68,A549,0.9465722757,-7.0,Human,hIL4,0.9257562410309338
69,A549,0.051430991710000006,-12.0,Human,hIL4,0.03758609017404836
70,A549,0.038179947959999995,-11.0,Human,hIL4,0.2815447519192585
71,A549,0.1817026684,-10.0,Human,hIL4,0.8022220017279215
72,A549,0.7950021177000001,-9.0,Human,hIL4,0.9834703494159709
73,A549,1.037816906,-8.0,Human,hIL4,0.998176613406861
74,A549,1.005808677,-7.0,Human,hIL4,0.9257562410309338
75,A549,0.0,-13.44705875,Human,hIL4,0.0013926519384019097
76,A549,0.0,-12.6689075,Human,hIL4,0.008298686506186618
77,A549,0.0,-11.89075625,Human,hIL4,0.047826874480356205
78,A549,0.0,-11.112605,Human,hIL4,0.2320162053185788
79,A549,0.1271198724,-10.33445375,Human,hIL4,0.6478249209788546
80,A549,0.4754312219,-9.556302501,Human,hIL4,0.9235662540803956
81,A549,1.238730251,-8.77815125,Human,hIL4,0.9928915028686601
82,A549,0.7612697491999999,-8.0,Human,hIL4,0.998176613406861
83,A549,0.00207492795,-13.44705875,Human,hIL4,0.0013926519384019097
84,A549,0.0,-12.6689075,Human,hIL4,0.008298686506186618
85,A549,0.0,-11.89075625,Human,hIL4,0.047826874480356205
86,A549,0.005072046110000001,-11.112605,Human,hIL4,0.2320162053185788
87,A549,0.3156195965,-10.33445375,Human,hIL4,0.6478249209788546
88,A549,0.7387896254,-9.556302501,Human,hIL4,0.9235662540803956
89,A549,0.904092219,-8.77815125,Human,hIL4,0.9928915028686601
90,A549,0.9572334294,-8.0,Human,hIL4,0.998176613406861
91,A549,0.0,-13.44705875,Human,hIL4,0.0013926519384019097
92,A549,0.0,-12.6689075,Human,hIL4,0.008298686506186618
93,A549,0.0,-11.89075625,Human,hIL4,0.047826874480356205
94,A549,0.0,-11.112605,Human,hIL4,0.2320162053185788
95,A549,0.3012103746,-10.33445375,Human,hIL4,0.6478249209788546
96,A549,0.6901440922000001,-9.556302501,Human,hIL4,0.9235662540803956
97,A549,0.928184438,-8.77815125,Human,hIL4,0.9928915028686601
98,A549,1.210489914,-8.0,Human,hIL4,0.998176613406861
0,A549,0.0,-13.0206,Human,hNeo4,2.1930839931959387e-06
1,A549,0.0,-12.4185,Human,hNeo4,8.766269216251506e-06
2,A549,0.0,-11.8165,Human,hNeo4,3.4950702833107776e-05
3,A549,0.0,-11.2144,Human,hNeo4,0.00013808979051751143
4,A549,0.0,-10.6124,Human,hNeo4,0.0005263015495599623
5,A549,0.0,-10.0103,Human,hNeo4,0.001771915404238209
6,A549,0.0,-9.40824,Human,hNeo4,0.004338780953990461
7,A549,0.0,-8.80618,Human,hNeo4,0.006802292454052539
8,A549,0.0,-8.20412,Human,hNeo4,0.007927551298085039
9,A549,0.0,-7.60206,Human,hNeo4,0.008269368163831623
10,A549,0.0,-7.0,Human,hNeo4,0.008358753370921481
11,A549,0.0,-13.0206,Human,hNeo4,2.1930839931959387e-06
12,A549,0.0,-12.4185,Human,hNeo4,8.766269216251506e-06
13,A549,0.0,-11.8165,Human,hNeo4,3.4950702833107776e-05
14,A549,0.0,-11.2144,Human,hNeo4,0.00013808979051751143
15,A549,0.0,-10.6124,Human,hNeo4,0.0005263015495599623
16,A549,0.0,-10.0103,Human,hNeo4,0.001771915404238209
17,A549,0.0,-9.40824,Human,hNeo4,0.004338780953990461
18,A549,0.0,-8.80618,Human,hNeo4,0.006802292454052539
19,A549,0.0,-8.20412,Human,hNeo4,0.007927551298085039
20,A549,0.0,-7.60206,Human,hNeo4,0.008269368163831623
21,A549,0.0,-7.0,Human,hNeo4,0.008358753370921481
22,A549,0.0,-13.0206,Human,hNeo4,2.1930839931959387e-06
23,A549,0.0,-12.4185,Human,hNeo4,8.766269216251506e-06
24,A549,0.0,-11.8165,Human,hNeo4,3.4950702833107776e-05
25,A549,0.0,-11.2144,Human,hNeo4,0.00013808979051751143
26,A549,0.0,-10.6124,Human,hNeo4,0.0005263015495599623
27,A549,0.0,-10.0103,Human,hNeo4,0.001771915404238209
28,A549,0.0,-9.40824,Human,hNeo4,0.004338780953990461
29,A549,0.0205089,-8.80618,Human,hNeo4,0.006802292454052539
30,A549,0.0,-8.20412,Human,hNeo4,0.007927551298085039
31,A549,0.0,-7.60206,Human,hNeo4,0.008269368163831623
32,A549,0.0,-7.0,Human,hNeo4,0.008358753370921481
33,A549,0.06455552,-11.5154,Human,hNeo4,6.962255945843535e-05
34,A549,0.07210865,-10.6124,Human,hNeo4,0.0005263015495599623
35,A549,0.05599894,-9.70927,Human,hNeo4,0.0029259159452899954
36,A549,0.057064630000000005,-8.80618,Human,hNeo4,0.006802292454052539
37,A549,0.04794798,-7.90309,Human,hNeo4,0.008152261720572164
38,A549,0.00889885,-7.0,Human,hNeo4,0.008358753370921481
39,A549,0.040799339999999996,-6.09691,Human,hNeo4,0.008378160046293067
40,A549,0.06062728,-11.5154,Human,hNeo4,6.962255945843535e-05
41,A549,0.0617863,-10.6124,Human,hNeo4,0.0005263015495599623
42,A549,0.117443,-9.70927,Human,hNeo4,0.0029259159452899954
43,A549,0.04510097,-8.80618,Human,hNeo4,0.006802292454052539
44,A549,0.03689443,-7.90309,Human,hNeo4,0.008152261720572164
45,A549,0.015012909999999999,-7.0,Human,hNeo4,0.008358753370921481
46,A549,0.031495999999999996,-6.09691,Human,hNeo4,0.008378160046293067
47,A549,0.00952892,-11.5154,Human,hNeo4,6.962255945843535e-05
48,A549,0.05918043,-10.6124,Human,hNeo4,0.0005263015495599623
49,A549,0.08877843,-9.70927,Human,hNeo4,0.0029259159452899954
50,A549,0.0,-8.80618,Human,hNeo4,0.006802292454052539
51,A549,0.01464731,-7.90309,Human,hNeo4,0.008152261720572164
52,A549,0.01022123,-7.0,Human,hNeo4,0.008358753370921481
53,A549,0.03010361,-6.09691,Human,hNeo4,0.008378160046293067
54,A549,0.0,-11.44705875,Human,hNeo4,8.137247349220739e-05
55,A549,0.0,-10.6689075,Human,hNeo4,0.00046565427570460457
56,A549,0.0,-9.890756252,Human,hNeo4,0.0021870321090766026
57,A549,0.0,-9.112605002,Human,hNeo4,0.005697090469266738
58,A549,0.0,-8.334453751,Human,hNeo4,0.007777460725261616
59,A549,0.02840325782,-7.556302501,Human,hNeo4,0.008281248661388043
60,A549,0.0,-6.77815125,Human,hNeo4,0.008370231783639444
61,A549,0.01635753884,-6.0,Human,hNeo4,0.00837685180017511
62,A549,0.02276124665,-11.44705875,Human,hNeo4,8.137247349220739e-05
63,A549,0.02727400931,-10.6689075,Human,hNeo4,0.00046565427570460457
64,A549,0.04690452687,-9.890756252,Human,hNeo4,0.0021870321090766026
65,A549,0.0,-9.112605002,Human,hNeo4,0.005697090469266738
66,A549,0.0,-8.334453751,Human,hNeo4,0.007777460725261616
67,A549,0.08436045692000001,-7.556302501,Human,hNeo4,0.008281248661388043
68,A549,0.04351995487,-6.77815125,Human,hNeo4,0.008370231783639444
69,A549,0.07285291214,-6.0,Human,hNeo4,0.00837685180017511
70,A549,0.02580736144,-11.44705875,Human,hNeo4,8.137247349220739e-05
71,A549,0.01328444507,-10.6689075,Human,hNeo4,0.00046565427570460457
72,A549,0.044535326470000004,-9.890756252,Human,hNeo4,0.0021870321090766026
73,A549,0.0,-9.112605002,Human,hNeo4,0.005697090469266738
74,A549,0.0,-8.334453751,Human,hNeo4,0.007777460725261616
75,A549,0.07082216895,-7.556302501,Human,hNeo4,0.008281248661388043
76,A549,0.03528416302,-6.77815125,Human,hNeo4,0.008370231783639444
77,A549,0.06608376816,-6.0,Human,hNeo4,0.00837685180017511
0,A549,0.1044759,-13.3216,Human,hIL13,0.00012876747480269766
1,A549,0.054466539999999994,-12.4185,Human,hIL13,0.0010293071417054535
2,A549,0.09437910000000001,-11.5154,Human,hIL13,0.008180241614258404
3,A549,0.0712141,-10.6124,Human,hIL13,0.06214443573848486
4,A549,0.21739940000000002,-9.70927,Human,hIL13,0.35472289669402546
5,A549,0.7744485,-8.80618,Human,hIL13,0.8609959353436664
6,A549,0.9607796999999999,-7.90309,Human,hIL13,1.037307303425818
7,A549,0.9497495,-7.0,Human,hIL13,0.9825885188584174
8,A549,0.09122095,-13.3216,Human,hIL13,0.00012876747480269766
9,A549,0.055843369999999996,-12.4185,Human,hIL13,0.0010293071417054535
10,A549,0.09230997,-11.5154,Human,hIL13,0.008180241614258404
11,A549,0.06809484,-10.6124,Human,hIL13,0.06214443573848486
12,A549,0.20510130000000001,-9.70927,Human,hIL13,0.35472289669402546
13,A549,0.7425168999999999,-8.80618,Human,hIL13,0.8609959353436664
14,A549,0.9749137,-7.90309,Human,hIL13,1.037307303425818
15,A549,0.9813388999999999,-7.0,Human,hIL13,0.9825885188584174
16,A549,0.08286661000000001,-13.3216,Human,hIL13,0.00012876747480269766
17,A549,0.07550795,-12.4185,Human,hIL13,0.0010293071417054535
18,A549,0.091641,-11.5154,Human,hIL13,0.008180241614258404
19,A549,0.07155636,-10.6124,Human,hIL13,0.06214443573848486
20,A549,0.2313778,-9.70927,Human,hIL13,0.35472289669402546
21,A549,0.7831762000000001,-8.80618,Human,hIL13,0.8609959353436664
22,A549,0.9690641,-7.90309,Human,hIL13,1.037307303425818
23,A549,0.9637979,-7.0,Human,hIL13,0.9825885188584174
24,A549,0.0942094754,-12.0,Human,hIL13,0.0026938695581226425
25,A549,0.0811399528,-11.0,Human,hIL13,0.026349026865386347
26,A549,0.1131481818,-10.0,Human,hIL13,0.2161680223041541
27,A549,0.6076117868,-9.0,Human,hIL13,0.772655215774327
28,A549,0.9403400496000001,-8.0,Human,hIL13,1.0318153021165095
29,A549,0.896411932,-7.0,Human,hIL13,0.9825885188584174
30,A549,0.09783989835,-12.0,Human,hIL13,0.0026938695581226425
31,A549,0.07938524838,-11.0,Human,hIL13,0.026349026865386347
32,A549,0.11689961880000001,-10.0,Human,hIL13,0.2161680223041541
33,A549,0.6131179282,-9.0,Human,hIL13,0.772655215774327
34,A549,0.9459066980999999,-8.0,Human,hIL13,1.0318153021165095
35,A549,0.900102862,-7.0,Human,hIL13,0.9825885188584174
36,A549,0.08132147395,-12.0,Human,hIL13,0.0026938695581226425
37,A549,0.07266896593,-11.0,Human,hIL13,0.026349026865386347
38,A549,0.10425364549999999,-10.0,Human,hIL13,0.2161680223041541
39,A549,0.5892781509,-9.0,Human,hIL13,0.772655215774327
40,A549,0.8670055060999999,-8.0,Human,hIL13,1.0318153021165095
41,A549,0.8390512495,-7.0,Human,hIL13,0.9825885188584174
42,A549,0.05304222846,-12.44705875,Human,hIL13,0.0009638567594352238
43,A549,0.0,-11.6689075,Human,hIL13,0.005757528791926844
44,A549,0.0029429881600000003,-10.89075625,Human,hIL13,0.0336509822916501
45,A549,0.0,-10.112605,Human,hIL13,0.1747619527547425
46,A549,0.07165833961,-9.334453751,Human,hIL13,0.5802866206079883
47,A549,0.4271439327,-8.556302501,Human,hIL13,0.9444028955480801
48,A549,0.6053658203,-7.77815125,Human,hIL13,1.0412115551760919
49,A549,0.7274656081,-7.0,Human,hIL13,0.9825885188584174
50,A549,0.06845296854999999,-12.44705875,Human,hIL13,0.0009638567594352238
51,A549,0.02569454238,-11.6689075,Human,hIL13,0.005757528791926844
52,A549,0.05356085178,-10.89075625,Human,hIL13,0.0336509822916501
53,A549,0.02152023692,-10.112605,Human,hIL13,0.1747619527547425
54,A549,0.1747285291,-9.334453751,Human,hIL13,0.5802866206079883
55,A549,0.6134818784,-8.556302501,Human,hIL13,0.9444028955480801
56,A549,0.8881963052,-7.77815125,Human,hIL13,1.0412115551760919
57,A549,0.9902975603,-7.0,Human,hIL13,0.9825885188584174
58,A549,0.0753349316,-12.44705875,Human,hIL13,0.0009638567594352238
59,A549,0.0135100832,-11.6689075,Human,hIL13,0.005757528791926844
60,A549,0.06202228177,-10.89075625,Human,hIL13,0.0336509822916501
61,A549,0.0155408264,-10.112605,Human,hIL13,0.1747619527547425
62,A549,0.1787900155,-9.334453751,Human,hIL13,0.5802866206079883
63,A549,0.6466506839999999,-8.556302501,Human,hIL13,0.9444028955480801
64,A549,0.8150895501,-7.77815125,Human,hIL13,1.0412115551760919
65,A549,0.9928923988,-7.0,Human,hIL13,0.9825885188584174
0,3T3,0.0,-12.0206,Mouse,mIL4,0.03283379440633113
1,3T3,0.0,-11.4185,Mouse,mIL4,0.1195764587583113
2,3T3,0.0,-10.8165,Mouse,mIL4,0.3520644396468005
3,3T3,0.0,-10.2144,Mouse,mIL4,0.6851767771776496
4,3T3,0.4560572,-9.61236,Mouse,mIL4,0.8974259918974773
5,3T3,0.8527937,-9.0103,Mouse,mIL4,0.9727613181690454
6,3T3,0.9904246999999999,-8.40824,Mouse,mIL4,0.9935998715610179
7,3T3,1.10352,-7.80618,Mouse,mIL4,0.9988934722884838
8,3T3,1.002542,-7.20412,Mouse,mIL4,1.0
9,3T3,1.01487,-6.60206,Mouse,mIL4,0.999374748291885
10,3T3,0.9126869999999999,-6.0,Mouse,mIL4,0.9956269124277972
11,3T3,0.0,-12.0206,Mouse,mIL4,0.03283379440633113
12,3T3,0.0,-11.4185,Mouse,mIL4,0.1195764587583113
13,3T3,0.0,-10.8165,Mouse,mIL4,0.3520644396468005
14,3T3,0.0,-10.2144,Mouse,mIL4,0.6851767771776496
15,3T3,0.4698022,-9.61236,Mouse,mIL4,0.8974259918974773
16,3T3,0.822621,-9.0103,Mouse,mIL4,0.9727613181690454
17,3T3,0.9818944000000001,-8.40824,Mouse,mIL4,0.9935998715610179
18,3T3,1.071177,-7.80618,Mouse,mIL4,0.9988934722884838
19,3T3,1.0215319999999999,-7.20412,Mouse,mIL4,1.0
20,3T3,1.022768,-6.60206,Mouse,mIL4,0.999374748291885
21,3T3,0.9070503,-6.0,Mouse,mIL4,0.9956269124277972
22,3T3,0.0,-12.0206,Mouse,mIL4,0.03283379440633113
23,3T3,0.0,-11.4185,Mouse,mIL4,0.1195764587583113
24,3T3,0.0,-10.8165,Mouse,mIL4,0.3520644396468005
25,3T3,0.0,-10.2144,Mouse,mIL4,0.6851767771776496
26,3T3,0.44592919999999997,-9.61236,Mouse,mIL4,0.8974259918974773
27,3T3,0.8428165,-9.0103,Mouse,mIL4,0.9727613181690454
28,3T3,0.9311343,-8.40824,Mouse,mIL4,0.9935998715610179
29,3T3,1.033137,-7.80618,Mouse,mIL4,0.9988934722884838
30,3T3,1.006792,-7.20412,Mouse,mIL4,1.0
31,3T3,1.027922,-6.60206,Mouse,mIL4,0.999374748291885
32,3T3,0.8760035,-6.0,Mouse,mIL4,0.9956269124277972
0,3T3,0.0,-11.4466,Mouse,mNeo4,8.943654002537318e-05
1,3T3,0.0,-10.8445,Mouse,mNeo4,0.0003575028363685692
2,3T3,0.0,-10.2424,Mouse,mNeo4,0.0014257387799558225
3,3T3,0.0,-9.64039,Mouse,mNeo4,0.005632922141291094
4,3T3,0.0,-9.03833,Mouse,mNeo4,0.0214860111166524
5,3T3,0.0,-8.43627,Mouse,mNeo4,0.07248738167384916
6,3T3,0.0,-7.83421,Mouse,mNeo4,0.17828112552985947
7,3T3,0.0,-7.23215,Mouse,mNeo4,0.2806320966488524
8,3T3,0.0,-6.63009,Mouse,mNeo4,0.32728958129989133
9,3T3,0.0,-6.02803,Mouse,mNeo4,0.33988313873932174
10,3T3,0.0,-5.42597,Mouse,mNeo4,0.3368178730871158
11,3T3,0.0144415961200669,-4.82391,Mouse,mNeo4,0.31299615316014845
12,3T3,0.0,-11.4466,Mouse,mNeo4,8.943654002537318e-05
13,3T3,0.0,-10.8445,Mouse,mNeo4,0.0003575028363685692
14,3T3,0.0,-10.2424,Mouse,mNeo4,0.0014257387799558225
15,3T3,0.0,-9.64039,Mouse,mNeo4,0.005632922141291094
16,3T3,0.0,-9.03833,Mouse,mNeo4,0.0214860111166524
17,3T3,0.0,-8.43627,Mouse,mNeo4,0.07248738167384916
18,3T3,0.0,-7.83421,Mouse,mNeo4,0.17828112552985947
19,3T3,0.0,-7.23215,Mouse,mNeo4,0.2806320966488524
20,3T3,0.0,-6.63009,Mouse,mNeo4,0.32728958129989133
21,3T3,0.0,-6.02803,Mouse,mNeo4,0.33988313873932174
22,3T3,0.0,-5.42597,Mouse,mNeo4,0.3368178730871158
23,3T3,0.012800097503207321,-4.82391,Mouse,mNeo4,0.31299615316014845
24,3T3,0.0,-11.4466,Mouse,mNeo4,8.943654002537318e-05
25,3T3,0.0,-10.8445,Mouse,mNeo4,0.0003575028363685692
26,3T3,0.0,-10.2424,Mouse,mNeo4,0.0014257387799558225
27,3T3,0.0,-9.64039,Mouse,mNeo4,0.005632922141291094
28,3T3,0.0,-9.03833,Mouse,mNeo4,0.0214860111166524
29,3T3,0.0,-8.43627,Mouse,mNeo4,0.07248738167384916
30,3T3,0.0,-7.83421,Mouse,mNeo4,0.17828112552985947
31,3T3,0.0,-7.23215,Mouse,mNeo4,0.2806320966488524
32,3T3,0.0,-6.63009,Mouse,mNeo4,0.32728958129989133
33,3T3,0.0,-6.02803,Mouse,mNeo4,0.33988313873932174
34,3T3,0.0,-5.42597,Mouse,mNeo4,0.3368178730871158
35,3T3,0.0,-4.82391,Mouse,mNeo4,0.31299615316014845
0,Fibroblast,0.00903132812,-11.51544993,Human,hNeo4,0.0009612875809425121
1,Fibroblast,0.0,-10.61235995,Human,hNeo4,0.007268169292749053
2,Fibroblast,0.0,-9.709269961,Human,hNeo4,0.04040309578381904
3,Fibroblast,0.00200445936,-8.806179974,Human,hNeo4,0.09393078395041356
4,Fibroblast,0.00490979933,-7.903089987,Human,hNeo4,0.11257206873677698
5,Fibroblast,0.0,-7.0,Human,hNeo4,0.11542330400838216
6,Fibroblast,0.0,-6.096910013,Human,hNeo4,0.11569014216675355
7,Fibroblast,0.0,-5.193820026,Human,hNeo4,0.11493124580573122
8,Fibroblast,0.00592329002,-11.51544993,Human,hNeo4,0.0009612875809425121
9,Fibroblast,0.01281502669,-10.61235995,Human,hNeo4,0.007268169292749053
10,Fibroblast,0.0,-9.709269961,Human,hNeo4,0.04040309578381904
11,Fibroblast,0.0008558365800000001,-8.806179974,Human,hNeo4,0.09393078395041356
12,Fibroblast,0.0,-7.903089987,Human,hNeo4,0.11257206873677698
13,Fibroblast,0.0,-7.0,Human,hNeo4,0.11542330400838216
14,Fibroblast,0.0,-6.096910013,Human,hNeo4,0.11569014216675355
15,Fibroblast,0.0,-5.193820026,Human,hNeo4,0.11493124580573122
16,Fibroblast,0.011125875540000002,-11.51544993,Human,hNeo4,0.0009612875809425121
17,Fibroblast,0.00213959145,-10.61235995,Human,hNeo4,0.007268169292749053
18,Fibroblast,0.0,-9.709269961,Human,hNeo4,0.04040309578381904
19,Fibroblast,0.010720479270000001,-8.806179974,Human,hNeo4,0.09393078395041356
20,Fibroblast,0.0006531384399999999,-7.903089987,Human,hNeo4,0.11257206873677698
21,Fibroblast,0.0,-7.0,Human,hNeo4,0.11542330400838216
22,Fibroblast,0.0,-6.096910013,Human,hNeo4,0.11569014216675355
23,Fibroblast,0.0,-5.193820026,Human,hNeo4,0.11493124580573122
24,Fibroblast,0.00270162517,-11.51544993,Human,hNeo4,0.0009612875809425121
25,Fibroblast,0.0,-10.61235995,Human,hNeo4,0.007268169292749053
26,Fibroblast,0.0,-9.709269961,Human,hNeo4,0.04040309578381904
27,Fibroblast,0.0,-8.806179974,Human,hNeo4,0.09393078395041356
28,Fibroblast,0.0,-7.903089987,Human,hNeo4,0.11257206873677698
29,Fibroblast,0.0,-7.0,Human,hNeo4,0.11542330400838216
30,Fibroblast,0.0,-6.096910013,Human,hNeo4,0.11569014216675355
31,Fibroblast,0.0,-5.193820026,Human,hNeo4,0.11493124580573122
32,Fibroblast,0.0,-11.51544993,Human,hNeo4,0.0009612875809425121
33,Fibroblast,0.0,-10.61235995,Human,hNeo4,0.007268169292749053
34,Fibroblast,0.0,-9.709269961,Human,hNeo4,0.04040309578381904
35,Fibroblast,0.0,-8.806179974,Human,hNeo4,0.09393078395041356
36,Fibroblast,0.0,-7.903089987,Human,hNeo4,0.11257206873677698
37,Fibroblast,0.0,-7.0,Human,hNeo4,0.11542330400838216
38,Fibroblast,0.0,-6.096910013,Human,hNeo4,0.11569014216675355
39,Fibroblast,0.0,-5.193820026,Human,hNeo4,0.11493124580573122
40,Fibroblast,0.00588062489,-11.51544993,Human,hNeo4,0.0009612875809425121
41,Fibroblast,0.0,-10.61235995,Human,hNeo4,0.007268169292749053
42,Fibroblast,0.0,-9.709269961,Human,hNeo4,0.04040309578381904
43,Fibroblast,0.0,-8.806179974,Human,hNeo4,0.09393078395041356
44,Fibroblast,0.0,-7.903089987,Human,hNeo4,0.11257206873677698
45,Fibroblast,0.0,-7.0,Human,hNeo4,0.11542330400838216
46,Fibroblast,0.0,-6.096910013,Human,hNeo4,0.11569014216675355
47,Fibroblast,0.0,-5.193820026,Human,hNeo4,0.11493124580573122
48,Fibroblast,0.0,-13.32162991,Human,hNeo4,1.5143804078312855e-05
49,Fibroblast,0.0,-12.41853992,Human,hNeo4,0.00012103968648685878
50,Fibroblast,0.010735090009999998,-11.51544993,Human,hNeo4,0.0009612875809425121
51,Fibroblast,0.012137914569999998,-10.61235995,Human,hNeo4,0.007268169292749053
52,Fibroblast,0.00730264696,-9.709269961,Human,hNeo4,0.04040309578381904
53,Fibroblast,0.06953433189,-8.806179974,Human,hNeo4,0.09393078395041356
54,Fibroblast,0.005601349100000001,-7.903089987,Human,hNeo4,0.11257206873677698
55,Fibroblast,0.00575058575,-7.0,Human,hNeo4,0.11542330400838216
56,Fibroblast,0.012645319189999999,-13.32162991,Human,hNeo4,1.5143804078312855e-05
57,Fibroblast,0.010735090009999998,-12.41853992,Human,hNeo4,0.00012103968648685878
58,Fibroblast,0.00381050925,-11.51544993,Human,hNeo4,0.0009612875809425121
59,Fibroblast,0.0,-10.61235995,Human,hNeo4,0.007268169292749053
60,Fibroblast,0.0,-9.709269961,Human,hNeo4,0.04040309578381904
61,Fibroblast,0.0,-8.806179974,Human,hNeo4,0.09393078395041356
62,Fibroblast,0.0,-7.903089987,Human,hNeo4,0.11257206873677698
63,Fibroblast,0.0,-7.0,Human,hNeo4,0.11542330400838216
64,Fibroblast,0.0,-13.32162991,Human,hNeo4,1.5143804078312855e-05
65,Fibroblast,0.00136302811,-12.41853992,Human,hNeo4,0.00012103968648685878
66,Fibroblast,0.0,-11.51544993,Human,hNeo4,0.0009612875809425121
67,Fibroblast,0.0,-10.61235995,Human,hNeo4,0.007268169292749053
68,Fibroblast,0.0,-9.709269961,Human,hNeo4,0.04040309578381904
69,Fibroblast,0.0,-8.806179974,Human,hNeo4,0.09393078395041356
70,Fibroblast,0.0,-7.903089987,Human,hNeo4,0.11257206873677698
71,Fibroblast,0.0,-7.0,Human,hNeo4,0.11542330400838216
0,Fibroblast,0.006734082569999999,-13.32162991,Human,hIL4,0.0018626923671218592
1,Fibroblast,0.0,-12.41853992,Human,hIL4,0.01471204101658402
2,Fibroblast,0.03794959573,-11.51544993,Human,hIL4,0.10682829660830576
3,Fibroblast,0.39888741240000003,-10.61235995,Human,hIL4,0.49152294677875513
4,Fibroblast,0.9647530460999999,-9.709269961,Human,hIL4,0.8937838276362668
5,Fibroblast,1.071642531,-8.806179974,Human,hIL4,0.9945589811800561
6,Fibroblast,1.009549334,-7.903089987,Human,hIL4,1.0
7,Fibroblast,0.9038084728,-7.0,Human,hIL4,0.9360880558017999
8,Fibroblast,0.0,-13.32162991,Human,hIL4,0.0018626923671218592
9,Fibroblast,0.0,-12.41853992,Human,hIL4,0.01471204101658402
10,Fibroblast,0.023490461929999998,-11.51544993,Human,hIL4,0.10682829660830576
11,Fibroblast,0.40071169570000004,-10.61235995,Human,hIL4,0.49152294677875513
12,Fibroblast,0.9819148217,-9.709269961,Human,hIL4,0.8937838276362668
13,Fibroblast,1.069210153,-8.806179974,Human,hIL4,0.9945589811800561
14,Fibroblast,0.9988738992,-7.903089987,Human,hIL4,1.0
15,Fibroblast,0.9359023445,-7.0,Human,hIL4,0.9360880558017999
16,Fibroblast,0.0,-13.32162991,Human,hIL4,0.0018626923671218592
17,Fibroblast,0.0,-12.41853992,Human,hIL4,0.01471204101658402
18,Fibroblast,0.0215310466,-11.51544993,Human,hIL4,0.10682829660830576
19,Fibroblast,0.36436116300000004,-10.61235995,Human,hIL4,0.49152294677875513
20,Fibroblast,0.9438075719,-9.709269961,Human,hIL4,0.8937838276362668
21,Fibroblast,1.0696155489999999,-8.806179974,Human,hIL4,0.9945589811800561
22,Fibroblast,1.027724601,-7.903089987,Human,hIL4,1.0
23,Fibroblast,0.9136731155,-7.0,Human,hIL4,0.9360880558017999
24,Fibroblast,0.008461594959999999,-13.32162991,Human,hIL4,0.0018626923671218592
25,Fibroblast,0.0,-12.41853992,Human,hIL4,0.01471204101658402
26,Fibroblast,0.01599991607,-11.51544993,Human,hIL4,0.10682829660830576
27,Fibroblast,0.2799513183,-10.61235995,Human,hIL4,0.49152294677875513
28,Fibroblast,0.9387596655,-9.709269961,Human,hIL4,0.8937838276362668
29,Fibroblast,0.9874833443,-8.806179974,Human,hIL4,0.9945589811800561
30,Fibroblast,1.002796051,-7.903089987,Human,hIL4,1.0
31,Fibroblast,1.0021980209999999,-7.0,Human,hIL4,0.9360880558017999
32,Fibroblast,0.0,-13.32162991,Human,hIL4,0.0018626923671218592
33,Fibroblast,0.0,-12.41853992,Human,hIL4,0.01471204101658402
34,Fibroblast,0.01282091635,-11.51544993,Human,hIL4,0.10682829660830576
35,Fibroblast,0.2753401949,-10.61235995,Human,hIL4,0.49152294677875513
36,Fibroblast,0.9040109954000001,-9.709269961,Human,hIL4,0.8937838276362668
37,Fibroblast,0.9322757651000001,-8.806179974,Human,hIL4,0.9945589811800561
38,Fibroblast,0.9810781319999999,-7.903089987,Human,hIL4,1.0
39,Fibroblast,1.00333113,-7.0,Human,hIL4,0.9360880558017999
40,Fibroblast,0.0,-13.32162991,Human,hIL4,0.0018626923671218592
41,Fibroblast,0.0,-12.41853992,Human,hIL4,0.01471204101658402
42,Fibroblast,0.01516582208,-11.51544993,Human,hIL4,0.10682829660830576
43,Fibroblast,0.2547396473,-10.61235995,Human,hIL4,0.49152294677875513
44,Fibroblast,0.8629200634,-9.709269961,Human,hIL4,0.8937838276362668
45,Fibroblast,0.9795043698000001,-8.806179974,Human,hIL4,0.9945589811800561
46,Fibroblast,0.9501379665,-7.903089987,Human,hIL4,1.0
47,Fibroblast,1.060458699,-7.0,Human,hIL4,0.9360880558017999
48,Fibroblast,0.0,-13.32162991,Human,hIL4,0.0018626923671218592
49,Fibroblast,0.011511120619999999,-12.41853992,Human,hIL4,0.01471204101658402
50,Fibroblast,0.02413654159,-11.51544993,Human,hIL4,0.10682829660830576
51,Fibroblast,0.3983623764,-10.61235995,Human,hIL4,0.49152294677875513
52,Fibroblast,0.9650438010000001,-9.709269961,Human,hIL4,0.8937838276362668
53,Fibroblast,0.8812324958000001,-8.806179974,Human,hIL4,0.9945589811800561
54,Fibroblast,1.016530447,-7.903089987,Human,hIL4,1.0
55,Fibroblast,0.9352561647000001,-7.0,Human,hIL4,0.9360880558017999
56,Fibroblast,0.011451425959999999,-13.32162991,Human,hIL4,0.0018626923671218592
57,Fibroblast,0.0,-12.41853992,Human,hIL4,0.01471204101658402
58,Fibroblast,0.02995677112,-11.51544993,Human,hIL4,0.10682829660830576
59,Fibroblast,0.4508041368,-10.61235995,Human,hIL4,0.49152294677875513
60,Fibroblast,1.000800903,-9.709269961,Human,hIL4,0.8937838276362668
61,Fibroblast,0.9282718893,-8.806179974,Human,hIL4,0.9945589811800561
62,Fibroblast,0.9586863194999999,-7.903089987,Human,hIL4,1.0
63,Fibroblast,0.9384796765,-7.0,Human,hIL4,0.9360880558017999
64,Fibroblast,0.00772050959,-13.32162991,Human,hIL4,0.0018626923671218592
65,Fibroblast,0.0,-12.41853992,Human,hIL4,0.01471204101658402
66,Fibroblast,0.032523641570000004,-11.51544993,Human,hIL4,0.10682829660830576
67,Fibroblast,0.4037945907,-10.61235995,Human,hIL4,0.49152294677875513
68,Fibroblast,1.003666247,-9.709269961,Human,hIL4,0.8937838276362668
69,Fibroblast,1.00318869,-8.806179974,Human,hIL4,0.9945589811800561
70,Fibroblast,1.107564806,-7.903089987,Human,hIL4,1.0
71,Fibroblast,1.043482587,-7.0,Human,hIL4,0.9360880558017999
0,Fibroblast,0.03332951951,-13.32162991,Human,hIL13,0.0001166988899162556
1,Fibroblast,0.0,-12.41853992,Human,hIL13,0.000932815080194858
2,Fibroblast,0.0,-11.51544993,Human,hIL13,0.007413222745388694
3,Fibroblast,0.02697203803,-10.61235995,Human,hIL13,0.056328813646930175
4,Fibroblast,0.28222641190000003,-9.709269961,Human,hIL13,0.32149984925031583
5,Fibroblast,0.9354352486999999,-8.806179974,Human,hIL13,0.7803658669385629
6,Fibroblast,1.045601747,-7.903089987,Human,hIL13,0.9402557103174539
7,Fibroblast,1.085985186,-7.0,Human,hIL13,0.8913325231045537
8,Fibroblast,0.01413768574,-13.32162991,Human,hIL13,0.0001166988899162556
9,Fibroblast,0.0,-12.41853992,Human,hIL13,0.000932815080194858
10,Fibroblast,0.0,-11.51544993,Human,hIL13,0.007413222745388694
11,Fibroblast,0.0,-10.61235995,Human,hIL13,0.056328813646930175
12,Fibroblast,0.2582888525,-9.709269961,Human,hIL13,0.32149984925031583
13,Fibroblast,0.9533734946,-8.806179974,Human,hIL13,0.7803658669385629
14,Fibroblast,1.0242907529999998,-7.903089987,Human,hIL13,0.9402557103174539
15,Fibroblast,1.00139785,-7.0,Human,hIL13,0.8913325231045537
16,Fibroblast,0.006138601059999999,-13.32162991,Human,hIL13,0.0001166988899162556
17,Fibroblast,0.0,-12.41853992,Human,hIL13,0.000932815080194858
18,Fibroblast,0.0,-11.51544993,Human,hIL13,0.007413222745388694
19,Fibroblast,0.0063773797,-10.61235995,Human,hIL13,0.056328813646930175
20,Fibroblast,0.2755704571,-9.709269961,Human,hIL13,0.32149984925031583
21,Fibroblast,0.9473144863999999,-8.806179974,Human,hIL13,0.7803658669385629
22,Fibroblast,1.0650323590000002,-7.903089987,Human,hIL13,0.9402557103174539
23,Fibroblast,0.9984131169,-7.0,Human,hIL13,0.8913325231045537
0,Monocyte,0.0,-13.82677989,Human,hIL4,0.0005811863037176285
1,Monocyte,0.0,-13.2247199,Human,hIL4,0.0023207367500668414
2,Monocyte,0.0,-12.6226599,Human,hIL4,0.009219360990648247
3,Monocyte,0.0,-12.02059991,Human,hIL4,0.03589397902647476
4,Monocyte,0.08793910173000001,-11.41853992,Human,hIL4,0.1297363974950645
5,Monocyte,0.8284445289,-10.81647993,Human,hIL4,0.3745356625562319
6,Monocyte,1.19451108,-10.21441994,Human,hIL4,0.7089622124692346
7,Monocyte,0.9098520295,-9.612359948,Human,hIL4,0.9125997902066414
8,Monocyte,0.8973232311,-9.010299957,Human,hIL4,0.9827256400069446
9,Monocyte,0.8471486591999999,-8.408239965,Human,hIL4,1.0
10,Monocyte,0.9208963732,-7.806179974,Human,hIL4,0.9965485813663174
11,Monocyte,1.1048500110000001,-7.204119983,Human,hIL4,0.965808105922746
12,Monocyte,0.0,-13.82677989,Human,hIL4,0.0005811863037176285
13,Monocyte,0.0,-13.2247199,Human,hIL4,0.0023207367500668414
14,Monocyte,0.0,-12.6226599,Human,hIL4,0.009219360990648247
15,Monocyte,0.1320570981,-12.02059991,Human,hIL4,0.03589397902647476
16,Monocyte,0.2442818802,-11.41853992,Human,hIL4,0.1297363974950645
17,Monocyte,0.5997197349000001,-10.81647993,Human,hIL4,0.3745356625562319
18,Monocyte,1.223547016,-10.21441994,Human,hIL4,0.7089622124692346
19,Monocyte,1.298304159,-9.612359948,Human,hIL4,0.9125997902066414
20,Monocyte,1.023858157,-9.010299957,Human,hIL4,0.9827256400069446
21,Monocyte,0.9213120204999999,-8.408239965,Human,hIL4,1.0
22,Monocyte,0.8708405577,-7.806179974,Human,hIL4,0.9965485813663174
23,Monocyte,1.2056148020000002,-7.204119983,Human,hIL4,0.965808105922746
24,Monocyte,0.0,-13.2247199,Human,hIL4,0.0023207367500668414
25,Monocyte,0.0,-12.6226599,Human,hIL4,0.009219360990648247
26,Monocyte,0.06897816634,-12.02059991,Human,hIL4,0.03589397902647476
27,Monocyte,0.3207568799,-11.41853992,Human,hIL4,0.1297363974950645
28,Monocyte,0.750491009,-10.81647993,Human,hIL4,0.3745356625562319
29,Monocyte,0.7182105110000001,-10.21441994,Human,hIL4,0.7089622124692346
30,Monocyte,0.8053770261,-9.612359948,Human,hIL4,0.9125997902066414
31,Monocyte,1.092141563,-9.010299957,Human,hIL4,0.9827256400069446
32,Monocyte,0.7532421878,-8.408239965,Human,hIL4,1.0
33,Monocyte,0.8280742513,-7.806179974,Human,hIL4,0.9965485813663174
34,Monocyte,1.101954101,-7.204119983,Human,hIL4,0.965808105922746
35,Monocyte,1.082374879,-6.602059991,Human,hIL4,0.8604343023833283
36,Monocyte,0.0,-13.2247199,Human,hIL4,0.0023207367500668414
37,Monocyte,0.013954590270000001,-12.6226599,Human,hIL4,0.009219360990648247
38,Monocyte,0.0532047412,-12.02059991,Human,hIL4,0.03589397902647476
39,Monocyte,0.1819140562,-11.41853992,Human,hIL4,0.1297363974950645
40,Monocyte,0.601102,-10.81647993,Human,hIL4,0.3745356625562319
41,Monocyte,0.6220109589,-10.21441994,Human,hIL4,0.7089622124692346
42,Monocyte,0.9200094763,-9.612359948,Human,hIL4,0.9125997902066414
43,Monocyte,1.012815908,-9.010299957,Human,hIL4,0.9827256400069446
44,Monocyte,0.992044508,-8.408239965,Human,hIL4,1.0
45,Monocyte,0.6392975323000001,-7.806179974,Human,hIL4,0.9965485813663174
46,Monocyte,0.9654956325,-7.204119983,Human,hIL4,0.965808105922746
47,Monocyte,1.107502312,-6.602059991,Human,hIL4,0.8604343023833283
48,Monocyte,0.00427961147,-13.2247199,Human,hIL4,0.0023207367500668414
49,Monocyte,0.01734771079,-12.6226599,Human,hIL4,0.009219360990648247
50,Monocyte,0.06480554514999999,-12.02059991,Human,hIL4,0.03589397902647476
51,Monocyte,0.2654123329,-11.41853992,Human,hIL4,0.1297363974950645
52,Monocyte,0.7208241309000001,-10.81647993,Human,hIL4,0.3745356625562319
53,Monocyte,0.6543373098,-10.21441994,Human,hIL4,0.7089622124692346
54,Monocyte,0.8210587452999999,-9.612359948,Human,hIL4,0.9125997902066414
55,Monocyte,0.7802037400999999,-9.010299957,Human,hIL4,0.9827256400069446
56,Monocyte,0.5780838039999999,-8.408239965,Human,hIL4,1.0
57,Monocyte,1.083291938,-7.806179974,Human,hIL4,0.9965485813663174
58,Monocyte,0.571068298,-7.204119983,Human,hIL4,0.965808105922746
59,Monocyte,1.1716047779999998,-6.602059991,Human,hIL4,0.8604343023833283
60,Monocyte,0.0,-13.82677989,Human,hIL4,0.0005811863037176285
61,Monocyte,0.00028814061,-13.2247199,Human,hIL4,0.0023207367500668414
62,Monocyte,0.00835607777,-12.6226599,Human,hIL4,0.009219360990648247
63,Monocyte,0.1155083681,-12.02059991,Human,hIL4,0.03589397902647476
64,Monocyte,0.5217506143,-11.41853992,Human,hIL4,0.1297363974950645
65,Monocyte,0.9426880318,-10.81647993,Human,hIL4,0.3745356625562319
66,Monocyte,1.07483652,-10.21441994,Human,hIL4,0.7089622124692346
67,Monocyte,1.079482788,-9.612359948,Human,hIL4,0.9125997902066414
68,Monocyte,1.033164184,-9.010299957,Human,hIL4,0.9827256400069446
69,Monocyte,1.143450004,-8.408239965,Human,hIL4,1.0
70,Monocyte,1.065507968,-7.806179974,Human,hIL4,0.9965485813663174
71,Monocyte,1.102858195,-7.204119983,Human,hIL4,0.965808105922746
72,Monocyte,0.0,-13.82677989,Human,hIL4,0.0005811863037176285
73,Monocyte,0.0,-13.2247199,Human,hIL4,0.0023207367500668414
74,Monocyte,0.00731156805,-12.6226599,Human,hIL4,0.009219360990648247
75,Monocyte,0.1142117353,-12.02059991,Human,hIL4,0.03589397902647476
76,Monocyte,0.5131784310999999,-11.41853992,Human,hIL4,0.1297363974950645
77,Monocyte,0.7801767262,-10.81647993,Human,hIL4,0.3745356625562319
78,Monocyte,0.5303948327,-10.21441994,Human,hIL4,0.7089622124692346
79,Monocyte,0.8051729244000001,-9.612359948,Human,hIL4,0.9125997902066414
80,Monocyte,0.8812780637000001,-9.010299957,Human,hIL4,0.9827256400069446
81,Monocyte,0.9783814501000001,-8.408239965,Human,hIL4,1.0
82,Monocyte,0.9679723705000001,-7.806179974,Human,hIL4,0.9965485813663174
83,Monocyte,0.6770944221,-7.204119983,Human,hIL4,0.965808105922746
84,Monocyte,0.0,-13.82677989,Human,hIL4,0.0005811863037176285
85,Monocyte,0.0,-13.2247199,Human,hIL4,0.0023207367500668414
86,Monocyte,0.0063390934799999995,-12.6226599,Human,hIL4,0.009219360990648247
87,Monocyte,0.11017776680000001,-12.02059991,Human,hIL4,0.03589397902647476
88,Monocyte,0.4810147352,-11.41853992,Human,hIL4,0.1297363974950645
89,Monocyte,0.8545890395000001,-10.81647993,Human,hIL4,0.3745356625562319
90,Monocyte,0.9868815982,-10.21441994,Human,hIL4,0.7089622124692346
91,Monocyte,1.00290942,-9.612359948,Human,hIL4,0.9125997902066414
92,Monocyte,1.071739009,-9.010299957,Human,hIL4,0.9827256400069446
93,Monocyte,1.094574152,-8.408239965,Human,hIL4,1.0
94,Monocyte,0.9482347386,-7.806179974,Human,hIL4,0.9965485813663174
95,Monocyte,1.0219267,-7.204119983,Human,hIL4,0.965808105922746
96,Monocyte,0.0,-13.91568628,Human,hIL4,0.00047364752420489786
97,Monocyte,0.1486457948,-13.07058824,Human,hIL4,0.0033062247266613743
98,Monocyte,0.0,-12.2254902,Human,hIL4,0.022697529598737706
99,Monocyte,0.349268782,-11.38039216,Human,hIL4,0.13999578936167037
100,Monocyte,0.4371733277,-10.53529412,Human,hIL4,0.5348802804669589
101,Monocyte,0.9049944565,-9.69019608,Human,hIL4,0.8957813250641447
102,Monocyte,0.9543582704000001,-8.84509804,Human,hIL4,0.9904912063790798
103,Monocyte,1.04564173,-8.0,Human,hIL4,0.9996336611184669
104,Monocyte,0.01061234447,-13.91568628,Human,hIL4,0.00047364752420489786
105,Monocyte,0.0,-13.07058824,Human,hIL4,0.0033062247266613743
106,Monocyte,0.0,-12.2254902,Human,hIL4,0.022697529598737706
107,Monocyte,0.1661838253,-11.38039216,Human,hIL4,0.13999578936167037
108,Monocyte,0.8288606977,-10.53529412,Human,hIL4,0.5348802804669589
109,Monocyte,1.103546597,-9.69019608,Human,hIL4,0.8957813250641447
110,Monocyte,0.9412966577,-8.84509804,Human,hIL4,0.9904912063790798
111,Monocyte,0.982282264,-8.0,Human,hIL4,0.9996336611184669
112,Monocyte,0.0,-13.91568628,Human,hIL4,0.00047364752420489786
113,Monocyte,0.0,-13.07058824,Human,hIL4,0.0033062247266613743
114,Monocyte,0.0,-12.2254902,Human,hIL4,0.022697529598737706
115,Monocyte,0.1653604538,-11.38039216,Human,hIL4,0.13999578936167037
116,Monocyte,0.8262533544999999,-10.53529412,Human,hIL4,0.5348802804669589
117,Monocyte,1.1768266649999999,-9.69019608,Human,hIL4,0.8957813250641447
118,Monocyte,0.9344352281,-8.84509804,Human,hIL4,0.9904912063790798
119,Monocyte,0.8616125884,-8.0,Human,hIL4,0.9996336611184669
120,Monocyte,0.020900109769999998,-13.91568628,Human,hIL4,0.00047364752420489786
121,Monocyte,0.042414928649999996,-13.07058824,Human,hIL4,0.0033062247266613743
122,Monocyte,0.00526893524,-12.2254902,Human,hIL4,0.022697529598737706
123,Monocyte,0.1119648738,-11.38039216,Human,hIL4,0.13999578936167037
124,Monocyte,0.7803293085,-10.53529412,Human,hIL4,0.5348802804669589
125,Monocyte,0.7042810099000001,-9.69019608,Human,hIL4,0.8957813250641447
126,Monocyte,0.888079034,-8.84509804,Human,hIL4,0.9904912063790798
127,Monocyte,1.111920966,-8.0,Human,hIL4,0.9996336611184669
128,Monocyte,0.00923558001,-13.91568628,Human,hIL4,0.00047364752420489786
129,Monocyte,0.04130558619,-13.07058824,Human,hIL4,0.0033062247266613743
130,Monocyte,0.01941653435,-12.2254902,Human,hIL4,0.022697529598737706
131,Monocyte,0.1407880543,-11.38039216,Human,hIL4,0.13999578936167037
132,Monocyte,0.8258935605000001,-10.53529412,Human,hIL4,0.5348802804669589
133,Monocyte,1.201061728,-9.69019608,Human,hIL4,0.8957813250641447
134,Monocyte,1.147248112,-8.84509804,Human,hIL4,0.9904912063790798
135,Monocyte,0.7528088526000001,-8.0,Human,hIL4,0.9996336611184669
136,Monocyte,0.00770843686,-13.91568628,Human,hIL4,0.00047364752420489786
137,Monocyte,0.02712497121,-13.07058824,Human,hIL4,0.0033062247266613743
138,Monocyte,0.0266886446,-12.2254902,Human,hIL4,0.022697529598737706
139,Monocyte,0.1311888688,-11.38039216,Human,hIL4,0.13999578936167037
140,Monocyte,0.7800065449,-10.53529412,Human,hIL4,0.5348802804669589
141,Monocyte,1.083980753,-9.69019608,Human,hIL4,0.8957813250641447
142,Monocyte,1.185644854,-8.84509804,Human,hIL4,0.9904912063790798
143,Monocyte,0.6292556995,-8.0,Human,hIL4,0.9996336611184669
0,Monocyte,0.007659786710000001,-12.6226599,Human,hNeo4,0.0001515558208851949
1,Monocyte,0.0,-12.02059991,Human,hNeo4,0.0006050376410773948
2,Monocyte,0.01425076598,-11.41853992,Human,hNeo4,0.002401364375563764
3,Monocyte,0.0,-10.81647993,Human,hNeo4,0.009316193320661812
4,Monocyte,0.0,-10.21441994,Human,hNeo4,0.03325851084127719
5,Monocyte,0.07297579745,-9.612359948,Human,hNeo4,0.09302870219512112
6,Monocyte,0.5028739044999999,-9.010299957,Human,hNeo4,0.16892336792094256
7,Monocyte,0.7639598128,-8.408239965,Human,hNeo4,0.21220261503871843
8,Monocyte,0.7272047123000001,-7.806179974,Human,hNeo4,0.2267216452131927
9,Monocyte,0.775479182,-7.204119983,Human,hNeo4,0.23065461997836972
10,Monocyte,0.7867610384,-6.602059991,Human,hNeo4,0.23160835826535384
11,Monocyte,0.6871244328999999,-6.0,Human,hNeo4,0.23164415365129068
12,Monocyte,0.0,-12.6226599,Human,hNeo4,0.0001515558208851949
13,Monocyte,0.0,-12.02059991,Human,hNeo4,0.0006050376410773948
14,Monocyte,0.06264399210999999,-11.41853992,Human,hNeo4,0.002401364375563764
15,Monocyte,0.0,-10.81647993,Human,hNeo4,0.009316193320661812
16,Monocyte,0.0,-10.21441994,Human,hNeo4,0.03325851084127719
17,Monocyte,0.02072298886,-9.612359948,Human,hNeo4,0.09302870219512112
18,Monocyte,0.44450514220000004,-9.010299957,Human,hNeo4,0.16892336792094256
19,Monocyte,0.5691399663,-8.408239965,Human,hNeo4,0.21220261503871843
20,Monocyte,0.671032943,-7.806179974,Human,hNeo4,0.2267216452131927
21,Monocyte,0.8963138019,-7.204119983,Human,hNeo4,0.23065461997836972
22,Monocyte,0.8525520747,-6.602059991,Human,hNeo4,0.23160835826535384
23,Monocyte,0.8223285751999999,-6.0,Human,hNeo4,0.23164415365129068
24,Monocyte,0.00776443796,-12.6226599,Human,hNeo4,0.0001515558208851949
25,Monocyte,0.00515081809,-12.02059991,Human,hNeo4,0.0006050376410773948
26,Monocyte,0.0057469068300000006,-11.41853992,Human,hNeo4,0.002401364375563764
27,Monocyte,0.00487570021,-10.81647993,Human,hNeo4,0.009316193320661812
28,Monocyte,0.01638479821,-10.21441994,Human,hNeo4,0.03325851084127719
29,Monocyte,0.0679235478,-9.612359948,Human,hNeo4,0.09302870219512112
30,Monocyte,0.2102970509,-9.010299957,Human,hNeo4,0.16892336792094256
31,Monocyte,0.5132935431,-8.408239965,Human,hNeo4,0.21220261503871843
32,Monocyte,0.5750116543,-7.806179974,Human,hNeo4,0.2267216452131927
33,Monocyte,0.48504810740000004,-7.204119983,Human,hNeo4,0.23065461997836972
34,Monocyte,0.7608996355,-6.602059991,Human,hNeo4,0.23160835826535384
35,Monocyte,0.708994062,-6.0,Human,hNeo4,0.23164415365129068
36,Monocyte,0.00716834922,-12.6226599,Human,hNeo4,0.0001515558208851949
37,Monocyte,0.0054717889500000005,-12.02059991,Human,hNeo4,0.0006050376410773948
38,Monocyte,0.0056093478900000006,-11.41853992,Human,hNeo4,0.002401364375563764
39,Monocyte,0.00070307903,-10.81647993,Human,hNeo4,0.009316193320661812
40,Monocyte,0.007672732,-10.21441994,Human,hNeo4,0.03325851084127719
41,Monocyte,0.05059112133,-9.612359948,Human,hNeo4,0.09302870219512112
42,Monocyte,0.1982835701,-9.010299957,Human,hNeo4,0.16892336792094256
43,Monocyte,0.4348849472,-8.408239965,Human,hNeo4,0.21220261503871843
44,Monocyte,0.5906016675,-7.806179974,Human,hNeo4,0.2267216452131927
45,Monocyte,0.575653596,-7.204119983,Human,hNeo4,0.23065461997836972
46,Monocyte,0.5514890754999999,-6.602059991,Human,hNeo4,0.23160835826535384
47,Monocyte,0.7930425744999999,-6.0,Human,hNeo4,0.23164415365129068
48,Monocyte,0.00923173332,-12.6226599,Human,hNeo4,0.0001515558208851949
49,Monocyte,0.00446302339,-12.02059991,Human,hNeo4,0.0006050376410773948
50,Monocyte,0.0026289041899999997,-11.41853992,Human,hNeo4,0.002401364375563764
51,Monocyte,0.0085897916,-10.81647993,Human,hNeo4,0.009316193320661812
52,Monocyte,0.0012991677700000001,-10.21441994,Human,hNeo4,0.03325851084127719
53,Monocyte,0.07122496236,-9.612359948,Human,hNeo4,0.09302870219512112
54,Monocyte,0.23886345750000001,-9.010299957,Human,hNeo4,0.16892336792094256
55,Monocyte,0.38540958170000006,-8.408239965,Human,hNeo4,0.21220261503871843
56,Monocyte,0.3185559368,-7.806179974,Human,hNeo4,0.2267216452131927
57,Monocyte,0.37880675259999996,-7.204119983,Human,hNeo4,0.23065461997836972
58,Monocyte,0.5195754014,-6.602059991,Human,hNeo4,0.23160835826535384
59,Monocyte,0.4575821724,-6.0,Human,hNeo4,0.23164415365129068
60,Monocyte,0.00857218323,-12.6226599,Human,hNeo4,0.0001515558208851949
61,Monocyte,0.010661202670000001,-12.02059991,Human,hNeo4,0.0006050376410773948
62,Monocyte,0.0,-11.41853992,Human,hNeo4,0.002401364375563764
63,Monocyte,0.0,-10.81647993,Human,hNeo4,0.009316193320661812
64,Monocyte,0.0428969337,-10.21441994,Human,hNeo4,0.03325851084127719
65,Monocyte,0.22831541789999998,-9.612359948,Human,hNeo4,0.09302870219512112
66,Monocyte,0.5421005450999999,-9.010299957,Human,hNeo4,0.16892336792094256
67,Monocyte,0.8081263657,-8.408239965,Human,hNeo4,0.21220261503871843
68,Monocyte,0.9072107187999999,-7.806179974,Human,hNeo4,0.2267216452131927
69,Monocyte,1.007015424,-7.204119983,Human,hNeo4,0.23065461997836972
70,Monocyte,1.000388189,-6.602059991,Human,hNeo4,0.23160835826535384
71,Monocyte,0.7592865317999999,-6.0,Human,hNeo4,0.23164415365129068
72,Monocyte,0.00886032384,-12.6226599,Human,hNeo4,0.0001515558208851949
73,Monocyte,0.00713148016,-12.02059991,Human,hNeo4,0.0006050376410773948
74,Monocyte,0.0,-11.41853992,Human,hNeo4,0.002401364375563764
75,Monocyte,0.0,-10.81647993,Human,hNeo4,0.009316193320661812
76,Monocyte,0.041204107600000005,-10.21441994,Human,hNeo4,0.03325851084127719
77,Monocyte,0.2117473327,-9.612359948,Human,hNeo4,0.09302870219512112
78,Monocyte,0.5633148977,-9.010299957,Human,hNeo4,0.16892336792094256
79,Monocyte,0.7776554959,-8.408239965,Human,hNeo4,0.21220261503871843
80,Monocyte,0.9357006219,-7.806179974,Human,hNeo4,0.2267216452131927
81,Monocyte,0.9906994613000001,-7.204119983,Human,hNeo4,0.23065461997836972
82,Monocyte,0.9939770608,-6.602059991,Human,hNeo4,0.23160835826535384
83,Monocyte,0.9194927124,-6.0,Human,hNeo4,0.23164415365129068
84,Monocyte,0.00018008788,-12.6226599,Human,hNeo4,0.0001515558208851949
85,Monocyte,0.00219707217,-12.02059991,Human,hNeo4,0.0006050376410773948
86,Monocyte,0.0,-11.41853992,Human,hNeo4,0.002401364375563764
87,Monocyte,0.0,-10.81647993,Human,hNeo4,0.009316193320661812
88,Monocyte,0.03241581892,-10.21441994,Human,hNeo4,0.03325851084127719
89,Monocyte,0.24088555209999998,-9.612359948,Human,hNeo4,0.09302870219512112
90,Monocyte,0.5836648284,-9.010299957,Human,hNeo4,0.16892336792094256
91,Monocyte,0.8308894741,-8.408239965,Human,hNeo4,0.21220261503871843
92,Monocyte,0.8860684014,-7.806179974,Human,hNeo4,0.2267216452131927
93,Monocyte,0.9734110246000001,-7.204119983,Human,hNeo4,0.23065461997836972
94,Monocyte,1.0047463159999999,-6.602059991,Human,hNeo4,0.23160835826535384
95,Monocyte,0.9748877452000001,-6.0,Human,hNeo4,0.23164415365129068
96,Monocyte,0.00765979,-12.6227,Human,hNeo4,0.00015154183696673598
97,Monocyte,0.0,-12.0206,Human,hNeo4,0.0006050375160208125
98,Monocyte,0.01425077,-11.4185,Human,hNeo4,0.0024015828323388512
99,Monocyte,0.0,-10.8165,Human,hNeo4,0.009315780088182839
100,Monocyte,0.0,-10.2144,Human,hNeo4,0.03325981899020931
101,Monocyte,0.0729758,-9.61236,Human,hNeo4,0.09302869552249914
102,Monocyte,0.5028739,-9.0103,Human,hNeo4,0.16892336337267663
103,Monocyte,0.7639598,-8.40824,Human,hNeo4,0.21220261357827072
104,Monocyte,0.7272047,-7.80618,Human,hNeo4,0.2267216449038245
105,Monocyte,0.7754792,-7.20412,Human,hNeo4,0.23065461992670572
106,Monocyte,0.786761,-6.60206,Human,hNeo4,0.23160835825986378
107,Monocyte,0.6871244,-6.0,Human,hNeo4,0.23164415365129068
108,Monocyte,0.0,-12.6227,Human,hNeo4,0.00015154183696673598
109,Monocyte,0.0,-12.0206,Human,hNeo4,0.0006050375160208125
110,Monocyte,0.06264399,-11.4185,Human,hNeo4,0.0024015828323388512
111,Monocyte,0.0,-10.8165,Human,hNeo4,0.009315780088182839
112,Monocyte,0.0,-10.2144,Human,hNeo4,0.03325981899020931
113,Monocyte,0.02072299,-9.61236,Human,hNeo4,0.09302869552249914
114,Monocyte,0.4445051,-9.0103,Human,hNeo4,0.16892336337267663
115,Monocyte,0.56914,-8.40824,Human,hNeo4,0.21220261357827072
116,Monocyte,0.6710329,-7.80618,Human,hNeo4,0.2267216449038245
117,Monocyte,0.8963137999999999,-7.20412,Human,hNeo4,0.23065461992670572
118,Monocyte,0.8525521,-6.60206,Human,hNeo4,0.23160835825986378
119,Monocyte,0.8223286000000001,-6.0,Human,hNeo4,0.23164415365129068
120,Monocyte,0.07193390001,-11.91568628,Human,hNeo4,0.0007698155423928095
121,Monocyte,0.01818805765,-11.07058824,Human,hNeo4,0.00528352745725591
122,Monocyte,0.09183781215,-10.2254902,Human,hNeo4,0.03253884811605722
123,Monocyte,0.1960561744,-9.38039216,Human,hNeo4,0.12369133977616491
124,Monocyte,0.5936064622,-8.53529412,Human,hNeo4,0.20621763770702586
125,Monocyte,1.007681749,-7.69019608,Human,hNeo4,0.22793898188834935
126,Monocyte,0.8351987751,-6.84509804,Human,hNeo4,0.23138660436772168
127,Monocyte,0.8087482182,-6.0,Human,hNeo4,0.23164415365129068
128,Monocyte,0.008416687,-11.91568628,Human,hNeo4,0.0007698155423928095
129,Monocyte,0.0,-11.07058824,Human,hNeo4,0.00528352745725591
130,Monocyte,0.0,-10.2254902,Human,hNeo4,0.03253884811605722
131,Monocyte,0.02794888997,-9.38039216,Human,hNeo4,0.12369133977616491
132,Monocyte,0.2459136375,-8.53529412,Human,hNeo4,0.20621763770702586
133,Monocyte,0.4803915589,-7.69019608,Human,hNeo4,0.22793898188834935
134,Monocyte,0.5306629666,-6.84509804,Human,hNeo4,0.23138660436772168
135,Monocyte,0.49791107590000006,-6.0,Human,hNeo4,0.23164415365129068
136,Monocyte,0.0,-11.91568628,Human,hNeo4,0.0007698155423928095
137,Monocyte,0.0,-11.07058824,Human,hNeo4,0.00528352745725591
138,Monocyte,0.0,-10.2254902,Human,hNeo4,0.03253884811605722
139,Monocyte,0.03105940473,-9.38039216,Human,hNeo4,0.12369133977616491
140,Monocyte,0.27399975600000004,-8.53529412,Human,hNeo4,0.20621763770702586
141,Monocyte,0.5006099049,-7.69019608,Human,hNeo4,0.22793898188834935
142,Monocyte,0.5041778483,-6.84509804,Human,hNeo4,0.23138660436772168
143,Monocyte,0.4276500366,-6.0,Human,hNeo4,0.23164415365129068
144,Monocyte,0.0,-11.91568628,Human,hNeo4,0.0007698155423928095
145,Monocyte,0.0,-11.07058824,Human,hNeo4,0.00528352745725591
146,Monocyte,0.012118551040000002,-10.2254902,Human,hNeo4,0.03253884811605722
147,Monocyte,0.1024807903,-9.38039216,Human,hNeo4,0.12369133977616491
148,Monocyte,0.5437541164,-8.53529412,Human,hNeo4,0.20621763770702586
149,Monocyte,0.8010537870000001,-7.69019608,Human,hNeo4,0.22793898188834935
150,Monocyte,0.8970362239,-6.84509804,Human,hNeo4,0.23138660436772168
151,Monocyte,0.7102524698,-6.0,Human,hNeo4,0.23164415365129068
152,Monocyte,0.0,-11.91568628,Human,hNeo4,0.0007698155423928095
153,Monocyte,0.0026179596900000003,-11.07058824,Human,hNeo4,0.00528352745725591
154,Monocyte,0.0118535397,-10.2254902,Human,hNeo4,0.03253884811605722
155,Monocyte,0.1423151975,-9.38039216,Human,hNeo4,0.12369133977616491
156,Monocyte,0.5731150084,-8.53529412,Human,hNeo4,0.20621763770702586
157,Monocyte,0.7980413783,-7.69019608,Human,hNeo4,0.22793898188834935
158,Monocyte,0.8998509217,-6.84509804,Human,hNeo4,0.23138660436772168
159,Monocyte,0.7067763947,-6.0,Human,hNeo4,0.23164415365129068
160,Monocyte,0.0,-11.91568628,Human,hNeo4,0.0007698155423928095
161,Monocyte,0.0,-11.07058824,Human,hNeo4,0.00528352745725591
162,Monocyte,0.00407238174,-10.2254902,Human,hNeo4,0.03253884811605722
163,Monocyte,0.1254439017,-9.38039216,Human,hNeo4,0.12369133977616491
164,Monocyte,0.4983577151,-8.53529412,Human,hNeo4,0.20621763770702586
165,Monocyte,0.8348382561,-7.69019608,Human,hNeo4,0.22793898188834935
166,Monocyte,0.8909062260999999,-6.84509804,Human,hNeo4,0.23138660436772168
167,Monocyte,0.6659798563,-6.0,Human,hNeo4,0.23164415365129068
0,Monocyte,0.10984970000000001,-13.8268,Human,hIL13,3.217345323544757e-05
1,Monocyte,0.01270693,-13.2247,Human,hIL13,0.0001286913282488143
2,Monocyte,0.1083058,-12.6227,Human,hIL13,0.0005144649642261261
3,Monocyte,0.2762867,-12.0206,Human,hIL13,0.0020543886952342325
4,Monocyte,0.0,-11.4185,Human,hIL13,0.008160246270798288
5,Monocyte,0.1670902,-10.8165,Human,hIL13,0.031739645068896156
6,Monocyte,0.5063178,-10.2144,Human,hIL13,0.1143935811845324
7,Monocyte,0.9221433,-9.61236,Human,hIL13,0.32769914631624253
8,Monocyte,1.035793,-9.0103,Human,hIL13,0.6136042752648991
9,Monocyte,0.6102891,-8.40824,Human,hIL13,0.7828960198693686
10,Monocyte,0.9951191,-7.80618,Human,hIL13,0.8323318215044686
11,Monocyte,1.4748949999999998,-7.20412,Human,hIL13,0.8121097585219974
12,Monocyte,0.0,-13.8268,Human,hIL13,3.217345323544757e-05
13,Monocyte,0.0,-13.2247,Human,hIL13,0.0001286913282488143
14,Monocyte,0.0,-12.6227,Human,hIL13,0.0005144649642261261
15,Monocyte,0.5491889,-12.0206,Human,hIL13,0.0020543886952342325
16,Monocyte,0.0,-11.4185,Human,hIL13,0.008160246270798288
17,Monocyte,0.16269619999999999,-10.8165,Human,hIL13,0.031739645068896156
18,Monocyte,0.7865234999999999,-10.2144,Human,hIL13,0.1143935811845324
19,Monocyte,0.6854618000000001,-9.61236,Human,hIL13,0.32769914631624253
20,Monocyte,0.786761,-9.0103,Human,hIL13,0.6136042752648991
21,Monocyte,0.9276654999999999,-8.40824,Human,hIL13,0.7828960198693686
22,Monocyte,1.3999000000000001,-7.80618,Human,hIL13,0.8323318215044686
23,Monocyte,1.084899,-7.20412,Human,hIL13,0.8121097585219974
24,Monocyte,0.023098041290000003,-13.91568628,Human,hIL13,2.621889488631182e-05
25,Monocyte,0.1101050631,-13.07058824,Human,hIL13,0.0001834989403247039
26,Monocyte,0.1773137638,-12.2254902,Human,hIL13,0.0012828620803404167
27,Monocyte,0.06807982683,-11.38039216,Human,hIL13,0.008900943844220821
28,Monocyte,0.2588300512,-10.53529412,Human,hIL13,0.05868827135883176
29,Monocyte,1.017396125,-9.69019608,Human,hIL13,0.2920665812724269
30,Monocyte,1.042368407,-8.84509804,Human,hIL13,0.6755980270059445
31,Monocyte,1.096061454,-8.0,Human,hIL13,0.8251836180677665
32,Monocyte,0.00059465723,-13.91568628,Human,hIL13,2.621889488631182e-05
33,Monocyte,0.0,-13.07058824,Human,hIL13,0.0001834989403247039
34,Monocyte,0.0,-12.2254902,Human,hIL13,0.0012828620803404167
35,Monocyte,0.0,-11.38039216,Human,hIL13,0.008900943844220821
36,Monocyte,0.04263234935,-10.53529412,Human,hIL13,0.05868827135883176
37,Monocyte,0.5383935106,-9.69019608,Human,hIL13,0.2920665812724269
38,Monocyte,0.7322517687,-8.84509804,Human,hIL13,0.6755980270059445
39,Monocyte,0.7290040254,-8.0,Human,hIL13,0.8251836180677665
40,Monocyte,0.00182971456,-13.91568628,Human,hIL13,2.621889488631182e-05
41,Monocyte,0.0,-13.07058824,Human,hIL13,0.0001834989403247039
42,Monocyte,0.0,-12.2254902,Human,hIL13,0.0012828620803404167
43,Monocyte,0.0,-11.38039216,Human,hIL13,0.008900943844220821
44,Monocyte,0.02598194682,-10.53529412,Human,hIL13,0.05868827135883176
45,Monocyte,0.5022566479999999,-9.69019608,Human,hIL13,0.2920665812724269
46,Monocyte,0.688064162,-8.84509804,Human,hIL13,0.6755980270059445
47,Monocyte,0.6552207856,-8.0,Human,hIL13,0.8251836180677665
48,Monocyte,0.0,-13.91568628,Human,hIL13,2.621889488631182e-05
49,Monocyte,0.0,-13.07058824,Human,hIL13,0.0001834989403247039
50,Monocyte,0.0006147091100000001,-12.2254902,Human,hIL13,0.0012828620803404167
51,Monocyte,0.00166849616,-11.38039216,Human,hIL13,0.008900943844220821
52,Monocyte,0.07095499451000001,-10.53529412,Human,hIL13,0.05868827135883176
53,Monocyte,0.5436663008,-9.69019608,Human,hIL13,0.2920665812724269
54,Monocyte,0.7941163557,-8.84509804,Human,hIL13,0.6755980270059445
55,Monocyte,0.8291547749999999,-8.0,Human,hIL13,0.8251836180677665
56,Monocyte,0.011199049780000001,-13.91568628,Human,hIL13,2.621889488631182e-05
57,Monocyte,0.00072721102,-13.07058824,Human,hIL13,0.0001834989403247039
58,Monocyte,0.0,-12.2254902,Human,hIL13,0.0012828620803404167
59,Monocyte,0.008290205680000001,-11.38039216,Human,hIL13,0.008900943844220821
60,Monocyte,0.08370198892,-10.53529412,Human,hIL13,0.05868827135883176
61,Monocyte,0.6776879537,-9.69019608,Human,hIL13,0.2920665812724269
62,Monocyte,1.074090683,-8.84509804,Human,hIL13,0.6755980270059445
63,Monocyte,0.9309755536000001,-8.0,Human,hIL13,0.8251836180677665
64,Monocyte,0.0,-13.91568628,Human,hIL13,2.621889488631182e-05
65,Monocyte,0.00152714315,-13.07058824,Human,hIL13,0.0001834989403247039
66,Monocyte,0.0,-12.2254902,Human,hIL13,0.0012828620803404167
67,Monocyte,0.0,-11.38039216,Human,hIL13,0.008900943844220821
68,Monocyte,0.08224756687,-10.53529412,Human,hIL13,0.05868827135883176
69,Monocyte,0.6672888361,-9.69019608,Human,hIL13,0.2920665812724269
70,Monocyte,1.044420473,-8.84509804,Human,hIL13,0.6755980270059445
71,Monocyte,0.8911243894,-8.0,Human,hIL13,0.8251836180677665
0,A20,0.052614999999999995,-13.7513,Mouse,mIL4,0.0006314952397560042
1,A20,0.05475955,-12.908,Mouse,mIL4,0.004385699082419738
2,A20,0.04506007,-12.06,Mouse,mIL4,0.030108829582263054
3,A20,0.29101,-11.216,Mouse,mIL4,0.1781969073374576
4,A20,0.8759487,-10.3709,Mouse,mIL4,0.6034619876443985
5,A20,0.9026988,-9.52584,Mouse,mIL4,0.9156119476558036
6,A20,0.9593640000000001,-8.68075,Mouse,mIL4,0.9886681185139533
7,A20,1.3437700000000001,-7.83565,Mouse,mIL4,1.0
8,A20,0.052206999999999996,-13.7513,Mouse,mIL4,0.0006314952397560042
9,A20,0.02188,-12.908,Mouse,mIL4,0.004385699082419738
10,A20,0.033829,-12.06,Mouse,mIL4,0.030108829582263054
11,A20,0.2959194,-11.216,Mouse,mIL4,0.1781969073374576
12,A20,0.84827,-10.3709,Mouse,mIL4,0.6034619876443985
13,A20,0.97368,-9.52584,Mouse,mIL4,0.9156119476558036
14,A20,0.8404170000000001,-8.68075,Mouse,mIL4,0.9886681185139533
15,A20,1.0452299999999999,-7.83565,Mouse,mIL4,1.0
16,A20,0.005139,-13.7513,Mouse,mIL4,0.0006314952397560042
17,A20,0.031582,-12.908,Mouse,mIL4,0.004385699082419738
18,A20,0.024548,-12.06,Mouse,mIL4,0.030108829582263054
19,A20,0.307967,-11.216,Mouse,mIL4,0.1781969073374576
20,A20,0.73923,-10.3709,Mouse,mIL4,0.6034619876443985
21,A20,1.010108,-9.52584,Mouse,mIL4,0.9156119476558036
22,A20,0.8890175,-8.68075,Mouse,mIL4,0.9886681185139533
23,A20,1.03553,-7.83565,Mouse,mIL4,1.0
0,A20,0.05261546,-11.26167,Mouse,mNeo4,0.0003864884037825473
1,A20,0.0,-10.3716,Mouse,mNeo4,0.002992608623772266
2,A20,0.11152699999999999,-9.52652,Mouse,mNeo4,0.02057063177163651
3,A20,0.025966999999999997,-8.6814,Mouse,mNeo4,0.1278978544446525
4,A20,0.30806,-7.83632,Mouse,mNeo4,0.5021423398924141
5,A20,0.7000030599999999,-6.99123,Mouse,mNeo4,0.8623500167195209
6,A20,0.7974339,-6.14613,Mouse,mNeo4,0.9565679754020686
7,A20,0.7625157,-5.30103,Mouse,mNeo4,0.9421347971253792
8,A20,0.03566688,-11.26167,Mouse,mNeo4,0.0003864884037825473
9,A20,0.0,-10.3716,Mouse,mNeo4,0.002992608623772266
10,A20,0.0,-9.52652,Mouse,mNeo4,0.02057063177163651
11,A20,0.0,-8.6814,Mouse,mNeo4,0.1278978544446525
12,A20,0.2687608,-7.83632,Mouse,mNeo4,0.5021423398924141
13,A20,0.6692986000000001,-6.99123,Mouse,mNeo4,0.8623500167195209
14,A20,0.6105912,-6.14613,Mouse,mNeo4,0.9565679754020686
15,A20,0.8203043,-5.30103,Mouse,mNeo4,0.9421347971253792
16,A20,0.001055,-11.26167,Mouse,mNeo4,0.0003864884037825473
17,A20,0.0,-10.3716,Mouse,mNeo4,0.002992608623772266
18,A20,0.0,-9.52652,Mouse,mNeo4,0.02057063177163651
19,A20,0.0210666,-8.6814,Mouse,mNeo4,0.1278978544446525
20,A20,0.33145020000000003,-7.83632,Mouse,mNeo4,0.5021423398924141
21,A20,0.6234557000000001,-6.99123,Mouse,mNeo4,0.8623500167195209
22,A20,0.74628,-6.14613,Mouse,mNeo4,0.9565679754020686
23,A20,0.8112739999999999,-5.30103,Mouse,mNeo4,0.9421347971253792
