,Experimental,Ligand,Predicted,Cell,Donor,Animal,Concentration
0,0.0,hIL4,5.4534923208610555e-05,Ramos,0,Human,-14.2247
1,0.0,hIL4,0.00043609826526543906,Ramos,0,Human,-13.3216
2,0.00421297,hIL4,0.00347668401790329,Ramos,0,Human,-12.4185
3,0.1441065,hIL4,0.02706077342544712,Ramos,0,Human,-11.5154
4,0.7450629000000001,hIL4,0.17860882410554466,Ramos,0,Human,-10.6124
5,1.0326,hIL4,0.6190205251027671,Ramos,0,Human,-9.70927
6,1.046745,hIL4,0.9259943764309931,Ramos,0,Human,-8.80618
7,0.922063,hIL4,0.9910984586439316,Ramos,0,Human,-7.90309
8,0.9974775,hIL4,1.0,Ramos,0,Human,-7.0
9,0.0,hIL4,5.4534923208610555e-05,Ramos,0,Human,-14.2247
10,0.0,hIL4,0.00043609826526543906,Ramos,0,Human,-13.3216
11,0.00523566,hIL4,0.00347668401790329,Ramos,0,Human,-12.4185
12,0.1465092,hIL4,0.02706077342544712,Ramos,0,Human,-11.5154
13,0.7522217000000001,hIL4,0.17860882410554466,Ramos,0,Human,-10.6124
14,1.0438129999999999,hIL4,0.6190205251027671,Ramos,0,Human,-9.70927
15,1.101762,hIL4,0.9259943764309931,Ramos,0,Human,-8.80618
16,0.9844412,hIL4,0.9910984586439316,Ramos,0,Human,-7.90309
17,1.019096,hIL4,1.0,Ramos,0,Human,-7.0
18,0.03150859,hIL4,0.00019125223122558836,Ramos,0,Human,-13.6797
19,0.01470401,hIL4,0.0017180838456686011,Ramos,0,Human,-12.7255
20,0.037237429999999995,hIL4,0.015224974530293674,Ramos,0,Human,-11.7712
21,0.46288989999999997,hIL4,0.12045708436268165,Ramos,0,Human,-10.817
22,1.053151,hIL4,0.5361893105701557,Ramos,0,Human,-9.86273
23,1.0812220000000001,hIL4,0.9081222638223723,Ramos,0,Human,-8.90849
24,1.010376,hIL4,0.9898420132813301,Ramos,0,Human,-7.95424
25,1.0583069999999999,hIL4,1.0,Ramos,0,Human,-7.0
26,0.02598342,hIL4,0.00019125223122558836,Ramos,0,Human,-13.6797
27,0.004775,hIL4,0.0017180838456686011,Ramos,0,Human,-12.7255
28,0.03181264,hIL4,0.015224974530293674,Ramos,0,Human,-11.7712
29,0.4510201,hIL4,0.12045708436268165,Ramos,0,Human,-10.817
30,1.0893810000000002,hIL4,0.5361893105701557,Ramos,0,Human,-9.86273
31,1.128449,hIL4,0.9081222638223723,Ramos,0,Human,-8.90849
32,1.058623,hIL4,0.9898420132813301,Ramos,0,Human,-7.95424
33,1.1301860000000001,hIL4,1.0,Ramos,0,Human,-7.0
34,0.014945120000000001,hIL4,0.00019125223122558836,Ramos,0,Human,-13.6797
35,0.00043409000000000004,hIL4,0.0017180838456686011,Ramos,0,Human,-12.7255
36,0.02337888,hIL4,0.015224974530293674,Ramos,0,Human,-11.7712
37,0.44481879999999996,hIL4,0.12045708436268165,Ramos,0,Human,-10.817
38,1.0534139999999999,hIL4,0.5361893105701557,Ramos,0,Human,-9.86273
39,1.075738,hIL4,0.9081222638223723,Ramos,0,Human,-8.90849
40,1.0026869999999999,hIL4,0.9898420132813301,Ramos,0,Human,-7.95424
41,1.091366,hIL4,1.0,Ramos,0,Human,-7.0
42,0.03850394743,hIL4,1.9129111351623915e-05,Ramos,0,Human,-14.67969757
43,0.0017201076200000001,hIL4,0.00017213175171705106,Ramos,0,Human,-13.72545506
44,0.0,hIL4,0.0015467402474392189,Ramos,0,Human,-12.77121255
45,0.03047677855,hIL4,0.013725997050429204,Ramos,0,Human,-11.81697004
46,0.3777620959,hIL4,0.10989551177735031,Ramos,0,Human,-10.86272753
47,1.0510739649999998,hIL4,0.5109033320412765,Ramos,0,Human,-9.908485019
48,0.946015084,hIL4,0.8989764461381788,Ramos,0,Human,-8.954242509
49,1.002910951,hIL4,0.9885891635965272,Ramos,0,Human,-8.0
50,0.01240457459,hIL4,1.9129111351623915e-05,Ramos,0,Human,-14.67969757
51,0.09027870927000001,hIL4,0.00017213175171705106,Ramos,0,Human,-13.72545506
52,0.0038665881299999997,hIL4,0.0015467402474392189,Ramos,0,Human,-12.77121255
53,0.02885069604,hIL4,0.013725997050429204,Ramos,0,Human,-11.81697004
54,0.3464357989,hIL4,0.10989551177735031,Ramos,0,Human,-10.86272753
55,1.070625011,hIL4,0.5109033320412765,Ramos,0,Human,-9.908485019
56,0.9727880841,hIL4,0.8989764461381788,Ramos,0,Human,-8.954242509
57,0.9615207414,hIL4,0.9885891635965272,Ramos,0,Human,-8.0
58,0.00533624154,hIL4,1.9129111351623915e-05,Ramos,0,Human,-14.67969757
59,0.08565979856,hIL4,0.00017213175171705106,Ramos,0,Human,-13.72545506
60,0.00176708326,hIL4,0.0015467402474392189,Ramos,0,Human,-12.77121255
61,0.01786328724,hIL4,0.013725997050429204,Ramos,0,Human,-11.81697004
62,0.36932040190000004,hIL4,0.10989551177735031,Ramos,0,Human,-10.86272753
63,1.065656183,hIL4,0.5109033320412765,Ramos,0,Human,-9.908485019
64,0.9808361861,hIL4,0.8989764461381788,Ramos,0,Human,-8.954242509
65,0.9485737947,hIL4,0.9885891635965272,Ramos,0,Human,-8.0
0,0.0,hNeo4,1.4714156183816546e-09,Ramos,0,Human,-14.2247
1,0.0,hNeo4,1.1771596150118273e-08,Ramos,0,Human,-13.3216
2,0.0,hNeo4,9.417492781974236e-08,Ramos,0,Human,-12.4185
3,0.00232776,hNeo4,7.534159843070365e-07,Ramos,0,Human,-11.5154
4,0.07662714,hNeo4,6.026027393346856e-06,Ramos,0,Human,-10.6124
5,0.6123836,hNeo4,4.820934961724263e-05,Ramos,0,Human,-9.70927
6,1.048193,hNeo4,0.0003854630251364633,Ramos,0,Human,-8.80618
7,1.042433,hNeo4,0.003070220575472151,Ramos,0,Human,-7.90309
8,1.057231,hNeo4,0.023733331418743515,Ramos,0,Human,-7.0
9,0.0,hNeo4,1.4714156183816546e-09,Ramos,0,Human,-14.2247
10,0.0,hNeo4,1.1771596150118273e-08,Ramos,0,Human,-13.3216
11,0.0,hNeo4,9.417492781974236e-08,Ramos,0,Human,-12.4185
12,0.0,hNeo4,7.534159843070365e-07,Ramos,0,Human,-11.5154
13,0.07988621,hNeo4,6.026027393346856e-06,Ramos,0,Human,-10.6124
14,0.6227892,hNeo4,4.820934961724263e-05,Ramos,0,Human,-9.70927
15,0.9892588999999999,hNeo4,0.0003854630251364633,Ramos,0,Human,-8.80618
16,1.039882,hNeo4,0.003070220575472151,Ramos,0,Human,-7.90309
17,0.9872504999999999,hNeo4,0.023733331418743515,Ramos,0,Human,-7.0
18,0.0,hNeo4,5.161046701530357e-09,Ramos,0,Human,-13.67969757
19,0.00498390156,hNeo4,4.6449417251220415e-08,Ramos,0,Human,-12.72545506
20,0.0,hNeo4,4.1804450287681127e-07,Ramos,0,Human,-11.77121255
21,0.0275658272,hNeo4,3.7623800440460208e-06,Ramos,0,Human,-10.81697004
22,0.2882282892,hNeo4,3.385976126858822e-05,Ramos,0,Human,-9.862727528
23,0.9678031138000001,hNeo4,0.0003046035151273979,Ramos,0,Human,-8.908485019
24,1.034402152,hNeo4,0.0027306008735929832,Ramos,0,Human,-7.954242509
25,1.0275217220000001,hNeo4,0.023733331418743515,Ramos,0,Human,-7.0
26,0.0,hNeo4,5.161046701530357e-09,Ramos,0,Human,-13.67969757
27,0.09286809861,hNeo4,4.6449417251220415e-08,Ramos,0,Human,-12.72545506
28,0.0,hNeo4,4.1804450287681127e-07,Ramos,0,Human,-11.77121255
29,0.01576378237,hNeo4,3.7623800440460208e-06,Ramos,0,Human,-10.81697004
30,0.30353591609999997,hNeo4,3.385976126858822e-05,Ramos,0,Human,-9.862727528
31,0.9351369635000001,hNeo4,0.0003046035151273979,Ramos,0,Human,-8.908485019
32,1.012888627,hNeo4,0.0027306008735929832,Ramos,0,Human,-7.954242509
33,1.030244534,hNeo4,0.023733331418743515,Ramos,0,Human,-7.0
34,0.0,hNeo4,5.161046701530357e-09,Ramos,0,Human,-13.67969757
35,0.07173308295,hNeo4,4.6449417251220415e-08,Ramos,0,Human,-12.72545506
36,0.0,hNeo4,4.1804450287681127e-07,Ramos,0,Human,-11.77121255
37,0.0034466871599999997,hNeo4,3.7623800440460208e-06,Ramos,0,Human,-10.81697004
38,0.3071750579,hNeo4,3.385976126858822e-05,Ramos,0,Human,-9.862727528
39,0.8816695729,hNeo4,0.0003046035151273979,Ramos,0,Human,-8.908485019
40,1.000851466,hNeo4,0.0027306008735929832,Ramos,0,Human,-7.954242509
41,1.003580822,hNeo4,0.023733331418743515,Ramos,0,Human,-7.0
0,0.02406111,hIL13,7.37983691401262e-18,Ramos,0,Human,-13.6797
1,0.0137492,hIL13,6.641203139198446e-17,Ramos,0,Human,-12.7255
2,0.01814131,hIL13,5.977874105394309e-16,Ramos,0,Human,-11.7712
3,0.0040101799999999995,hIL13,5.379560109125973e-15,Ramos,0,Human,-10.817
4,0.00190961,hIL13,4.841910578330645e-14,Ramos,0,Human,-9.86273
5,0.0024825,hIL13,4.3576943408042525e-13,Ramos,0,Human,-8.90849
6,0.0,hIL13,3.921992551294778e-12,Ramos,0,Human,-7.95424
7,0.0,hIL13,3.529772900270535e-11,Ramos,0,Human,-7.0
8,0.02499121,hIL13,7.37983691401262e-18,Ramos,0,Human,-13.6797
9,0.01258863,hIL13,6.641203139198446e-17,Ramos,0,Human,-12.7255
10,0.004775,hIL13,5.977874105394309e-16,Ramos,0,Human,-11.7712
11,0.0,hIL13,5.379560109125973e-15,Ramos,0,Human,-10.817
12,0.0,hIL13,4.841910578330645e-14,Ramos,0,Human,-9.86273
13,0.00948798,hIL13,4.3576943408042525e-13,Ramos,0,Human,-8.90849
14,0.00266656,hIL13,3.921992551294778e-12,Ramos,0,Human,-7.95424
15,0.00675941,hIL13,3.529772900270535e-11,Ramos,0,Human,-7.0
16,0.0013022700000000001,hIL13,7.37983691401262e-18,Ramos,0,Human,-13.6797
17,0.0,hIL13,6.641203139198446e-17,Ramos,0,Human,-12.7255
18,0.0,hIL13,5.977874105394309e-16,Ramos,0,Human,-11.7712
19,0.0,hIL13,5.379560109125973e-15,Ramos,0,Human,-10.817
20,0.0,hIL13,4.841910578330645e-14,Ramos,0,Human,-9.86273
21,0.0,hIL13,4.3576943408042525e-13,Ramos,0,Human,-8.90849
22,0.0,hIL13,3.921992551294778e-12,Ramos,0,Human,-7.95424
23,0.00502305,hIL13,3.529772900270535e-11,Ramos,0,Human,-7.0
24,0.0,hIL13,7.379878206395141e-18,Ramos,0,Human,-13.67969757
25,0.00471926962,hIL13,6.641890394330324e-17,Ramos,0,Human,-12.72545506
26,0.00269042473,hIL13,5.977701362614517e-16,Ramos,0,Human,-11.77121255
27,0.01354033432,hIL13,5.379931233298547e-15,Ramos,0,Human,-10.81697004
28,0.00736558903,hIL13,4.841938138517372e-14,Ramos,0,Human,-9.862727528
29,0.01151148944,hIL13,4.357744320255731e-13,Ramos,0,Human,-8.908485019
30,0.0033078992600000003,hIL13,3.921969893279776e-12,Ramos,0,Human,-7.954242509
31,0.022008556430000003,hIL13,3.529772900270535e-11,Ramos,0,Human,-7.0
32,0.0,hIL13,7.379878206395141e-18,Ramos,0,Human,-13.67969757
33,0.08908898985000001,hIL13,6.641890394330324e-17,Ramos,0,Human,-12.72545506
34,0.0012072152999999999,hIL13,5.977701362614517e-16,Ramos,0,Human,-11.77121255
35,0.0,hIL13,5.379931233298547e-15,Ramos,0,Human,-10.81697004
36,0.0024669182200000002,hIL13,4.841938138517372e-14,Ramos,0,Human,-9.862727528
37,0.0091153503,hIL13,4.357744320255731e-13,Ramos,0,Human,-8.908485019
38,0.00526625804,hIL13,3.921969893279776e-12,Ramos,0,Human,-7.954242509
39,0.00400655512,hIL13,3.529772900270535e-11,Ramos,0,Human,-7.0
40,0.00162711627,hIL13,7.379878206395141e-18,Ramos,0,Human,-13.67969757
41,0.08579976556,hIL13,6.641890394330324e-17,Ramos,0,Human,-12.72545506
42,0.0,hIL13,5.977701362614517e-16,Ramos,0,Human,-11.77121255
43,0.0,hIL13,5.379931233298547e-15,Ramos,0,Human,-10.81697004
44,0.0,hIL13,4.841938138517372e-14,Ramos,0,Human,-9.862727528
45,0.01289445906,hIL13,4.357744320255731e-13,Ramos,0,Human,-8.908485019
46,0.0,hIL13,3.921969893279776e-12,Ramos,0,Human,-7.954242509
47,0.008905399809999999,hIL13,3.529772900270535e-11,Ramos,0,Human,-7.0
0,0.00902542,hIL4,0.028259370179573345,Macrophage,0,Human,-13.2247
1,0.00071806,hIL4,0.10418543412477418,Macrophage,0,Human,-12.6227
2,0.00668345,hIL4,0.3174914953919456,Macrophage,0,Human,-12.0206
3,0.07263419,hIL4,0.6504088153358845,Macrophage,0,Human,-11.4185
4,0.38338700000000003,hIL4,0.8815169315844851,Macrophage,0,Human,-10.8165
5,0.8107301,hIL4,0.9674970837978293,Macrophage,0,Human,-10.2144
6,0.9574788,hIL4,0.9916767680663315,Macrophage,0,Human,-9.61236
7,0.9212224,hIL4,0.9979122395248441,Macrophage,0,Human,-9.0103
8,0.932623,hIL4,0.9994833876927008,Macrophage,0,Human,-8.40824
9,0.9297065999999999,hIL4,0.9998769486033207,Macrophage,0,Human,-7.80618
10,0.9661175,hIL4,0.9999753872964398,Macrophage,0,Human,-7.20412
11,1.0382989999999999,hIL4,1.0,Macrophage,0,Human,-6.60206
12,0.01644902,hIL4,0.028259370179573345,Macrophage,0,Human,-13.2247
13,0.00237511,hIL4,0.10418543412477418,Macrophage,0,Human,-12.6227
14,0.00745674,hIL4,0.3174914953919456,Macrophage,0,Human,-12.0206
15,0.07935078,hIL4,0.6504088153358845,Macrophage,0,Human,-11.4185
16,0.37649360000000004,hIL4,0.8815169315844851,Macrophage,0,Human,-10.8165
17,0.8291343999999999,hIL4,0.9674970837978293,Macrophage,0,Human,-10.2144
18,0.958716,hIL4,0.9916767680663315,Macrophage,0,Human,-9.61236
19,1.001954,hIL4,0.9979122395248441,Macrophage,0,Human,-9.0103
20,0.9649466,hIL4,0.9994833876927008,Macrophage,0,Human,-8.40824
21,0.9964085,hIL4,0.9998769486033207,Macrophage,0,Human,-7.80618
22,1.057167,hIL4,0.9999753872964398,Macrophage,0,Human,-7.20412
23,1.0189,hIL4,1.0,Macrophage,0,Human,-6.60206
24,0.01644902,hIL4,0.028259370179573345,Macrophage,0,Human,-13.2247
25,0.00237511,hIL4,0.10418543412477418,Macrophage,0,Human,-12.6227
26,0.00745674,hIL4,0.3174914953919456,Macrophage,0,Human,-12.0206
27,0.07935078,hIL4,0.6504088153358845,Macrophage,0,Human,-11.4185
28,0.37649360000000004,hIL4,0.8815169315844851,Macrophage,0,Human,-10.8165
29,0.8291343999999999,hIL4,0.9674970837978293,Macrophage,0,Human,-10.2144
30,0.958716,hIL4,0.9916767680663315,Macrophage,0,Human,-9.61236
31,1.001954,hIL4,0.9979122395248441,Macrophage,0,Human,-9.0103
32,0.9649466,hIL4,0.9994833876927008,Macrophage,0,Human,-8.40824
33,0.9964085,hIL4,0.9998769486033207,Macrophage,0,Human,-7.80618
34,1.057167,hIL4,0.9999753872964398,Macrophage,0,Human,-7.20412
35,1.0189,hIL4,1.0,Macrophage,0,Human,-6.60206
36,0.02782013215,hIL4,0.04617572784829801,Macrophage,0,Human,-13.00336125
37,0.03341982541,hIL4,0.22506474075234853,Macrophage,0,Human,-12.22521
38,0.05695993723,hIL4,0.6353151252224021,Macrophage,0,Human,-11.44705875
39,0.3662627397,hIL4,0.9126732391913412,Macrophage,0,Human,-10.6689075
40,0.8179475519,hIL4,0.9843090878392976,Macrophage,0,Human,-9.890756252
41,0.9944627237,hIL4,0.9973569761682143,Macrophage,0,Human,-9.112605002
42,1.029808558,hIL4,0.9995653540145157,Macrophage,0,Human,-8.334453751
43,1.052028997,hIL4,0.9999343688211841,Macrophage,0,Human,-7.556302501
44,0.025822789319999997,hIL4,0.04617572784829801,Macrophage,0,Human,-13.00336125
45,0.02689279441,hIL4,0.22506474075234853,Macrophage,0,Human,-12.22521
46,0.03948318755,hIL4,0.6353151252224021,Macrophage,0,Human,-11.44705875
47,0.4049255901,hIL4,0.9126732391913412,Macrophage,0,Human,-10.6689075
48,0.9188133643999999,hIL4,0.9843090878392976,Macrophage,0,Human,-9.890756252
49,0.9178503598000001,hIL4,0.9973569761682143,Macrophage,0,Human,-9.112605002
50,0.9816226627,hIL4,0.9995653540145157,Macrophage,0,Human,-8.334453751
51,0.9365397819000001,hIL4,0.9999343688211841,Macrophage,0,Human,-7.556302501
52,0.022862441929999998,hIL4,0.04617572784829801,Macrophage,0,Human,-13.00336125
53,0.0238254465,hIL4,0.22506474075234853,Macrophage,0,Human,-12.22521
54,0.04633122007,hIL4,0.6353151252224021,Macrophage,0,Human,-11.44705875
55,0.3984698927,hIL4,0.9126732391913412,Macrophage,0,Human,-10.6689075
56,0.9307260876,hIL4,0.9843090878392976,Macrophage,0,Human,-9.890756252
57,0.7735780078000001,hIL4,0.9973569761682143,Macrophage,0,Human,-9.112605002
58,0.9607575636,hIL4,0.9995653540145157,Macrophage,0,Human,-8.334453751
59,0.9664999242000001,hIL4,0.9999343688211841,Macrophage,0,Human,-7.556302501
60,0.08306106531999999,hIL4,0.04617572784829801,Macrophage,0,Human,-13.00336125
61,0.058999599500000006,hIL4,0.22506474075234853,Macrophage,0,Human,-12.22521
62,0.07597858393,hIL4,0.6353151252224021,Macrophage,0,Human,-11.44705875
63,0.3156130773,hIL4,0.9126732391913412,Macrophage,0,Human,-10.6689075
64,0.8729158323,hIL4,0.9843090878392976,Macrophage,0,Human,-9.890756252
65,1.0688223270000001,hIL4,0.9973569761682143,Macrophage,0,Human,-9.112605002
66,0.9776986151,hIL4,0.9995653540145157,Macrophage,0,Human,-8.334453751
67,0.9989144410999999,hIL4,0.9999343688211841,Macrophage,0,Human,-7.556302501
68,0.07885584199000001,hIL4,0.04617572784829801,Macrophage,0,Human,-13.00336125
69,0.0554583588,hIL4,0.22506474075234853,Macrophage,0,Human,-12.22521
70,0.07057186822,hIL4,0.6353151252224021,Macrophage,0,Human,-11.44705875
71,0.317288843,hIL4,0.9126732391913412,Macrophage,0,Human,-10.6689075
72,0.8476844923,hIL4,0.9843090878392976,Macrophage,0,Human,-9.890756252
73,1.043907169,hIL4,0.9973569761682143,Macrophage,0,Human,-9.112605002
74,0.9847178601000001,hIL4,0.9995653540145157,Macrophage,0,Human,-8.334453751
75,1.021268523,hIL4,0.9999343688211841,Macrophage,0,Human,-7.556302501
76,0.07781244072,hIL4,0.04617572784829801,Macrophage,0,Human,-13.00336125
77,0.044581690939999995,hIL4,0.22506474075234853,Macrophage,0,Human,-12.22521
78,0.06782108303,hIL4,0.6353151252224021,Macrophage,0,Human,-11.44705875
79,0.2894015725,hIL4,0.9126732391913412,Macrophage,0,Human,-10.6689075
80,0.8356695685,hIL4,0.9843090878392976,Macrophage,0,Human,-9.890756252
81,0.9033641787000001,hIL4,0.9973569761682143,Macrophage,0,Human,-9.112605002
82,1.004921903,hIL4,0.9995653540145157,Macrophage,0,Human,-8.334453751
83,1.012478658,hIL4,0.9999343688211841,Macrophage,0,Human,-7.556302501
84,0.04520969751,hIL4,0.04617572784829801,Macrophage,0,Human,-13.00336125
85,0.00621184453,hIL4,0.22506474075234853,Macrophage,0,Human,-12.22521
86,0.05893229624,hIL4,0.6353151252224021,Macrophage,0,Human,-11.44705875
87,0.407437404,hIL4,0.9126732391913412,Macrophage,0,Human,-10.6689075
88,0.8511449507000001,hIL4,0.9843090878392976,Macrophage,0,Human,-9.890756252
89,0.9412740012,hIL4,0.9973569761682143,Macrophage,0,Human,-9.112605002
90,0.9779796606,hIL4,0.9995653540145157,Macrophage,0,Human,-8.334453751
91,1.032442179,hIL4,0.9999343688211841,Macrophage,0,Human,-7.556302501
92,0.03069247167,hIL4,0.04617572784829801,Macrophage,0,Human,-13.00336125
93,0.00706759679,hIL4,0.22506474075234853,Macrophage,0,Human,-12.22521
94,0.05835160721,hIL4,0.6353151252224021,Macrophage,0,Human,-11.44705875
95,0.42467469950000003,hIL4,0.9126732391913412,Macrophage,0,Human,-10.6689075
96,0.8742808243,hIL4,0.9843090878392976,Macrophage,0,Human,-9.890756252
97,0.9823195470999999,hIL4,0.9973569761682143,Macrophage,0,Human,-9.112605002
98,1.037087692,hIL4,0.9995653540145157,Macrophage,0,Human,-8.334453751
99,0.9524904683,hIL4,0.9999343688211841,Macrophage,0,Human,-7.556302501
0,0.01004175,hNeo4,3.0210288975326635e-06,Macrophage,0,Human,-12.6227
1,0.0,hNeo4,1.2085118254861034e-05,Macrophage,0,Human,-12.0206
2,0.0,hNeo4,4.8343156410525144e-05,Macrophage,0,Human,-11.4185
3,0.0,hNeo4,0.00019331760949017817,Macrophage,0,Human,-10.8165
4,0.00257396,hNeo4,0.0007728889878392403,Macrophage,0,Human,-10.2144
5,0.02073527,hNeo4,0.0030841927651896143,Macrophage,0,Human,-9.61236
6,0.07946125,hNeo4,0.012222572912583983,Macrophage,0,Human,-9.0103
7,0.1563264,hNeo4,0.04714470117793003,Macrophage,0,Human,-8.40824
8,0.17755880000000002,hNeo4,0.16501364235603466,Macrophage,0,Human,-7.80618
9,0.2432002,hNeo4,0.44010337957953416,Macrophage,0,Human,-7.20412
10,0.2492098,hNeo4,0.7546597884235138,Macrophage,0,Human,-6.60206
11,0.2788821,hNeo4,0.9188751829250379,Macrophage,0,Human,-6.0
12,0.0067718299999999995,hNeo4,3.0210288975326635e-06,Macrophage,0,Human,-12.6227
13,0.0,hNeo4,1.2085118254861034e-05,Macrophage,0,Human,-12.0206
14,0.0,hNeo4,4.8343156410525144e-05,Macrophage,0,Human,-11.4185
15,0.0,hNeo4,0.00019331760949017817,Macrophage,0,Human,-10.8165
16,0.0,hNeo4,0.0007728889878392403,Macrophage,0,Human,-10.2144
17,0.00904751,hNeo4,0.0030841927651896143,Macrophage,0,Human,-9.61236
18,0.057389289999999996,hNeo4,0.012222572912583983,Macrophage,0,Human,-9.0103
19,0.1370162,hNeo4,0.04714470117793003,Macrophage,0,Human,-8.40824
20,0.19006409999999999,hNeo4,0.16501364235603466,Macrophage,0,Human,-7.80618
21,0.2265192,hNeo4,0.44010337957953416,Macrophage,0,Human,-7.20412
22,0.2559706,hNeo4,0.7546597884235138,Macrophage,0,Human,-6.60206
23,0.2502041,hNeo4,0.9188751829250379,Macrophage,0,Human,-6.0
24,0.00451823,hNeo4,3.0210288975326635e-06,Macrophage,0,Human,-12.6227
25,0.0,hNeo4,1.2085118254861034e-05,Macrophage,0,Human,-12.0206
26,0.0,hNeo4,4.8343156410525144e-05,Macrophage,0,Human,-11.4185
27,0.0,hNeo4,0.00019331760949017817,Macrophage,0,Human,-10.8165
28,0.0,hNeo4,0.0007728889878392403,Macrophage,0,Human,-10.2144
29,0.010108029999999999,hNeo4,0.0030841927651896143,Macrophage,0,Human,-9.61236
30,0.06430473,hNeo4,0.012222572912583983,Macrophage,0,Human,-9.0103
31,0.1276263,hNeo4,0.04714470117793003,Macrophage,0,Human,-8.40824
32,0.17470870000000002,hNeo4,0.16501364235603466,Macrophage,0,Human,-7.80618
33,0.221526,hNeo4,0.44010337957953416,Macrophage,0,Human,-7.20412
34,0.23776509999999998,hNeo4,0.7546597884235138,Macrophage,0,Human,-6.60206
35,0.26525010000000004,hNeo4,0.9188751829250379,Macrophage,0,Human,-6.0
36,0.01201972376,hNeo4,4.526657149813349e-05,Macrophage,0,Human,-11.44705875
37,0.01094971868,hNeo4,0.0002715373683155384,Macrophage,0,Human,-10.6689075
38,0.02578712249,hNeo4,0.0016269935956803178,Macrophage,0,Human,-9.890756252
39,0.03748584472,hNeo4,0.009682423449155037,Macrophage,0,Human,-9.112605002
40,0.08506540405999999,hNeo4,0.0553869312165301,Macrophage,0,Human,-8.334453751
41,0.168632801,hNeo4,0.2597051446577531,Macrophage,0,Human,-7.556302501
42,0.1697384729,hNeo4,0.6743259729544058,Macrophage,0,Human,-6.77815125
43,0.19042523790000002,hNeo4,0.9188751829250379,Macrophage,0,Human,-6.0
44,0.01387439924,hNeo4,4.526657149813349e-05,Macrophage,0,Human,-11.44705875
45,0.0138387324,hNeo4,0.0002715373683155384,Macrophage,0,Human,-10.6689075
46,0.01747674968,hNeo4,0.0016269935956803178,Macrophage,0,Human,-9.890756252
47,0.02660745972,hNeo4,0.009682423449155037,Macrophage,0,Human,-9.112605002
48,0.1117441975,hNeo4,0.0553869312165301,Macrophage,0,Human,-8.334453751
49,0.1526897253,hNeo4,0.2597051446577531,Macrophage,0,Human,-7.556302501
50,0.16089309759999998,hNeo4,0.6743259729544058,Macrophage,0,Human,-6.77815125
51,0.17230648510000002,hNeo4,0.9188751829250379,Macrophage,0,Human,-6.0
52,0.005920694789999999,hNeo4,4.526657149813349e-05,Macrophage,0,Human,-11.44705875
53,0.00920204371,hNeo4,0.0002715373683155384,Macrophage,0,Human,-10.6689075
54,0.01647807827,hNeo4,0.0016269935956803178,Macrophage,0,Human,-9.890756252
55,0.02910413824,hNeo4,0.009682423449155037,Macrophage,0,Human,-9.112605002
56,0.06230996264,hNeo4,0.0553869312165301,Macrophage,0,Human,-8.334453751
57,0.1326449634,hNeo4,0.2597051446577531,Macrophage,0,Human,-7.556302501
58,0.1596804251,hNeo4,0.6743259729544058,Macrophage,0,Human,-6.77815125
59,0.1634967766,hNeo4,0.9188751829250379,Macrophage,0,Human,-6.0
60,0.0,hNeo4,4.526657149813349e-05,Macrophage,0,Human,-11.44705875
61,0.0,hNeo4,0.0002715373683155384,Macrophage,0,Human,-10.6689075
62,0.0,hNeo4,0.0016269935956803178,Macrophage,0,Human,-9.890756252
63,0.0,hNeo4,0.009682423449155037,Macrophage,0,Human,-9.112605002
64,0.0,hNeo4,0.0553869312165301,Macrophage,0,Human,-8.334453751
65,0.038467568540000004,hNeo4,0.2597051446577531,Macrophage,0,Human,-7.556302501
66,0.07565848414000001,hNeo4,0.6743259729544058,Macrophage,0,Human,-6.77815125
67,0.07841336678000001,hNeo4,0.9188751829250379,Macrophage,0,Human,-6.0
68,0.0,hNeo4,4.526657149813349e-05,Macrophage,0,Human,-11.44705875
69,0.0,hNeo4,0.0002715373683155384,Macrophage,0,Human,-10.6689075
70,0.0,hNeo4,0.0016269935956803178,Macrophage,0,Human,-9.890756252
71,0.0,hNeo4,0.009682423449155037,Macrophage,0,Human,-9.112605002
72,0.0,hNeo4,0.0553869312165301,Macrophage,0,Human,-8.334453751
73,0.034839186529999996,hNeo4,0.2597051446577531,Macrophage,0,Human,-7.556302501
74,0.05721420892,hNeo4,0.6743259729544058,Macrophage,0,Human,-6.77815125
75,0.06195126321,hNeo4,0.9188751829250379,Macrophage,0,Human,-6.0
76,0.0,hNeo4,4.526657149813349e-05,Macrophage,0,Human,-11.44705875
77,0.0,hNeo4,0.0002715373683155384,Macrophage,0,Human,-10.6689075
78,0.0,hNeo4,0.0016269935956803178,Macrophage,0,Human,-9.890756252
79,0.0,hNeo4,0.009682423449155037,Macrophage,0,Human,-9.112605002
80,0.0,hNeo4,0.0553869312165301,Macrophage,0,Human,-8.334453751
81,0.03016932449,hNeo4,0.2597051446577531,Macrophage,0,Human,-7.556302501
82,0.0381987995,hNeo4,0.6743259729544058,Macrophage,0,Human,-6.77815125
83,0.034872782660000004,hNeo4,0.9188751829250379,Macrophage,0,Human,-6.0
84,0.0,hNeo4,0.0002715373683155384,Macrophage,0,Human,-10.6689075
85,0.0,hNeo4,0.0016269935956803178,Macrophage,0,Human,-9.890756252
86,0.02564964586,hNeo4,0.009682423449155037,Macrophage,0,Human,-9.112605002
87,0.1528511067,hNeo4,0.0553869312165301,Macrophage,0,Human,-8.334453751
88,0.22886024500000002,hNeo4,0.2597051446577531,Macrophage,0,Human,-7.556302501
89,0.2713116696,hNeo4,0.6743259729544058,Macrophage,0,Human,-6.77815125
90,0.2454862889,hNeo4,0.9188751829250379,Macrophage,0,Human,-6.0
91,0.0,hNeo4,0.0002715373683155384,Macrophage,0,Human,-10.6689075
92,0.0,hNeo4,0.0016269935956803178,Macrophage,0,Human,-9.890756252
93,0.03558248458,hNeo4,0.009682423449155037,Macrophage,0,Human,-9.112605002
94,0.15881081,hNeo4,0.0553869312165301,Macrophage,0,Human,-8.334453751
95,0.2581391973,hNeo4,0.2597051446577531,Macrophage,0,Human,-7.556302501
96,0.2723202347,hNeo4,0.6743259729544058,Macrophage,0,Human,-6.77815125
97,0.29197197410000003,hNeo4,0.9188751829250379,Macrophage,0,Human,-6.0
0,0.021462572299999996,hIL13,0.0009875035456896456,Macrophage,0,Human,-13.00336125
1,0.0,hIL13,0.0058908163222300206,Macrophage,0,Human,-12.22521
2,0.0,hIL13,0.03416730001982105,Macrophage,0,Human,-11.44705875
3,0.0,hIL13,0.17153985114309714,Macrophage,0,Human,-10.6689075
4,0.2736344257,hIL13,0.5369414929514505,Macrophage,0,Human,-9.890756252
5,0.7841212112,hIL13,0.8671567997873693,Macrophage,0,Human,-9.112605002
6,0.9303631599000001,hIL13,0.9767581206290902,Macrophage,0,Human,-8.334453751
7,0.8783762101000001,hIL13,1.0093498868932385,Macrophage,0,Human,-7.556302501
8,0.00994047937,hIL13,0.0009875035456896456,Macrophage,0,Human,-13.00336125
9,0.0,hIL13,0.0058908163222300206,Macrophage,0,Human,-12.22521
10,0.0,hIL13,0.03416730001982105,Macrophage,0,Human,-11.44705875
11,0.0,hIL13,0.17153985114309714,Macrophage,0,Human,-10.6689075
12,0.2699363534,hIL13,0.5369414929514505,Macrophage,0,Human,-9.890756252
13,0.7538031311000001,hIL13,0.8671567997873693,Macrophage,0,Human,-9.112605002
14,0.9278264656999999,hIL13,0.9767581206290902,Macrophage,0,Human,-8.334453751
15,0.8303623958,hIL13,1.0093498868932385,Macrophage,0,Human,-7.556302501
0,0.00943415,mIL4,0.014079797110706862,Macrophage,0,Mouse,-13.2483
1,0.011704019999999999,mIL4,0.03998754192691539,Macrophage,0,Mouse,-12.7712
2,0.030584129999999998,mIL4,0.10406166071011214,Macrophage,0,Mouse,-12.2941
3,0.06566071,mIL4,0.22898639720811562,Macrophage,0,Mouse,-11.817
4,0.2448031,mIL4,0.403458559507082,Macrophage,0,Mouse,-11.3398
5,0.5819378,mIL4,0.5801871634243357,Macrophage,0,Mouse,-10.8627
6,0.9608996000000001,mIL4,0.7232800118028726,Macrophage,0,Mouse,-10.3856
7,1.013367,mIL4,0.826347518111829,Macrophage,0,Mouse,-9.90849
8,0.873356,mIL4,0.8987195886724118,Macrophage,0,Mouse,-9.43136
9,1.0251649999999999,mIL4,0.949613032071384,Macrophage,0,Mouse,-8.95424
10,0.9538890999999999,mIL4,0.9814538649681457,Macrophage,0,Mouse,-8.47712
11,1.064321,mIL4,0.9971220091940979,Macrophage,0,Mouse,-8.0
12,0.02224945,mIL4,0.014079797110706862,Macrophage,0,Mouse,-13.2483
13,0.02350261,mIL4,0.03998754192691539,Macrophage,0,Mouse,-12.7712
14,0.02579612,mIL4,0.10406166071011214,Macrophage,0,Mouse,-12.2941
15,0.07823957,mIL4,0.22898639720811562,Macrophage,0,Mouse,-11.817
16,0.2869139,mIL4,0.403458559507082,Macrophage,0,Mouse,-11.3398
17,0.6711484,mIL4,0.5801871634243357,Macrophage,0,Mouse,-10.8627
18,0.8541094,mIL4,0.7232800118028726,Macrophage,0,Mouse,-10.3856
19,0.9412747,mIL4,0.826347518111829,Macrophage,0,Mouse,-9.90849
20,0.9910463,mIL4,0.8987195886724118,Macrophage,0,Mouse,-9.43136
21,1.093344,mIL4,0.949613032071384,Macrophage,0,Mouse,-8.95424
22,1.091228,mIL4,0.9814538649681457,Macrophage,0,Mouse,-8.47712
23,1.085742,mIL4,0.9971220091940979,Macrophage,0,Mouse,-8.0
24,0.00497105,mIL4,0.014079797110706862,Macrophage,0,Mouse,-13.2483
25,0.00811658,mIL4,0.03998754192691539,Macrophage,0,Mouse,-12.7712
26,0.02711143,mIL4,0.10406166071011214,Macrophage,0,Mouse,-12.2941
27,0.06493261,mIL4,0.22898639720811562,Macrophage,0,Mouse,-11.817
28,0.3184188,mIL4,0.403458559507082,Macrophage,0,Mouse,-11.3398
29,0.6758852000000001,mIL4,0.5801871634243357,Macrophage,0,Mouse,-10.8627
30,0.9710496000000001,mIL4,0.7232800118028726,Macrophage,0,Mouse,-10.3856
31,1.0074379999999998,mIL4,0.826347518111829,Macrophage,0,Mouse,-9.90849
32,0.9685781,mIL4,0.8987195886724118,Macrophage,0,Mouse,-9.43136
33,1.1097709999999998,mIL4,0.949613032071384,Macrophage,0,Mouse,-8.95424
34,0.9728283000000001,mIL4,0.9814538649681457,Macrophage,0,Mouse,-8.47712
35,1.079196,mIL4,0.9971220091940979,Macrophage,0,Mouse,-8.0
36,0.0023310600000000002,mIL4,0.014079797110706862,Macrophage,0,Mouse,-13.2483
37,0.16473749999999998,mIL4,0.03998754192691539,Macrophage,0,Mouse,-12.7712
38,0.010335289999999999,mIL4,0.10406166071011214,Macrophage,0,Mouse,-12.2941
39,0.04516074,mIL4,0.22898639720811562,Macrophage,0,Mouse,-11.817
40,0.2768155,mIL4,0.403458559507082,Macrophage,0,Mouse,-11.3398
41,0.6747244000000001,mIL4,0.5801871634243357,Macrophage,0,Mouse,-10.8627
42,0.9421969,mIL4,0.7232800118028726,Macrophage,0,Mouse,-10.3856
43,0.9083450999999999,mIL4,0.826347518111829,Macrophage,0,Mouse,-9.90849
44,1.113731,mIL4,0.8987195886724118,Macrophage,0,Mouse,-9.43136
45,1.042114,mIL4,0.949613032071384,Macrophage,0,Mouse,-8.95424
46,1.0061,mIL4,0.9814538649681457,Macrophage,0,Mouse,-8.47712
47,1.088773,mIL4,0.9971220091940979,Macrophage,0,Mouse,-8.0
48,0.0,mIL4,0.004510060198762757,Macrophage,0,Mouse,-13.75133342
49,0.0,mIL4,0.029935705798326592,Macrophage,0,Mouse,-12.90623538
50,0.00942363928,mIL4,0.15695644776245812,Macrophage,0,Mouse,-12.06113734
51,0.2875483445,mIL4,0.4510671148301922,Macrophage,0,Mouse,-11.2160393
52,0.9373549665,mIL4,0.7270158456244155,Macrophage,0,Mouse,-10.37094126
53,1.04132629,mIL4,0.8862874097747107,Macrophage,0,Mouse,-9.525843224
54,0.9971795113999999,mIL4,0.9701390424349982,Macrophage,0,Mouse,-8.680745184
55,0.8860201868,mIL4,1.0,Macrophage,0,Mouse,-7.835647144
56,0.0,mIL4,0.004510060198762757,Macrophage,0,Mouse,-13.75133342
57,0.0,mIL4,0.029935705798326592,Macrophage,0,Mouse,-12.90623538
58,0.0,mIL4,0.15695644776245812,Macrophage,0,Mouse,-12.06113734
59,0.2960381096,mIL4,0.4510671148301922,Macrophage,0,Mouse,-11.2160393
60,0.9550136779999999,mIL4,0.7270158456244155,Macrophage,0,Mouse,-10.37094126
61,1.0228752,mIL4,0.8862874097747107,Macrophage,0,Mouse,-9.525843224
62,1.17144609,mIL4,0.9701390424349982,Macrophage,0,Mouse,-8.680745184
63,0.8811527214,mIL4,1.0,Macrophage,0,Mouse,-7.835647144
0,0.013288,mNeo4,0.01638026354388866,Macrophage,0,Mouse,-10.0722
1,0.026840000000000003,mNeo4,0.04611677787481681,Macrophage,0,Mouse,-9.59512
2,0.06515,mNeo4,0.11771652912210855,Macrophage,0,Mouse,-9.118
3,0.20989999999999998,mNeo4,0.2511206533688498,Macrophage,0,Mouse,-8.64088
4,0.50127,mNeo4,0.4278533848993862,Macrophage,0,Mouse,-8.16376
5,0.8765900000000001,mNeo4,0.5988990255802014,Macrophage,0,Mouse,-7.68664
6,1.059839,mNeo4,0.731737082268726,Macrophage,0,Mouse,-7.20952
7,0.8553507,mNeo4,0.8216767871970322,Macrophage,0,Mouse,-6.73239
8,1.17122,mNeo4,0.8771672707141344,Macrophage,0,Mouse,-6.25527
9,1.0204241,mNeo4,0.9085540990770217,Macrophage,0,Mouse,-5.77815
10,1.090459,mNeo4,0.924655943456176,Macrophage,0,Mouse,-5.30103
11,1.14652,mNeo4,0.9329664181788763,Macrophage,0,Mouse,-4.82391
12,0.01992,mNeo4,0.01638026354388866,Macrophage,0,Mouse,-10.0722
13,0.022719999999999997,mNeo4,0.04611677787481681,Macrophage,0,Mouse,-9.59512
14,0.056749999999999995,mNeo4,0.11771652912210855,Macrophage,0,Mouse,-9.118
15,0.15539999999999998,mNeo4,0.2511206533688498,Macrophage,0,Mouse,-8.64088
16,0.43012,mNeo4,0.4278533848993862,Macrophage,0,Mouse,-8.16376
17,0.6523,mNeo4,0.5988990255802014,Macrophage,0,Mouse,-7.68664
18,0.6457305999999999,mNeo4,0.731737082268726,Macrophage,0,Mouse,-7.20952
19,0.8869499999999999,mNeo4,0.8216767871970322,Macrophage,0,Mouse,-6.73239
20,0.77837,mNeo4,0.8771672707141344,Macrophage,0,Mouse,-6.25527
21,0.7920699999999999,mNeo4,0.9085540990770217,Macrophage,0,Mouse,-5.77815
22,0.900239,mNeo4,0.924655943456176,Macrophage,0,Mouse,-5.30103
23,1.09834,mNeo4,0.9329664181788763,Macrophage,0,Mouse,-4.82391
24,0.005850999999999999,mNeo4,0.01638026354388866,Macrophage,0,Mouse,-10.0722
25,0.022959999999999998,mNeo4,0.04611677787481681,Macrophage,0,Mouse,-9.59512
26,0.23998666,mNeo4,0.11771652912210855,Macrophage,0,Mouse,-9.118
27,0.24709,mNeo4,0.2511206533688498,Macrophage,0,Mouse,-8.64088
28,0.59167,mNeo4,0.4278533848993862,Macrophage,0,Mouse,-8.16376
29,1.0361799999999999,mNeo4,0.5988990255802014,Macrophage,0,Mouse,-7.68664
30,1.27934,mNeo4,0.731737082268726,Macrophage,0,Mouse,-7.20952
31,1.237239,mNeo4,0.8216767871970322,Macrophage,0,Mouse,-6.73239
32,1.25977,mNeo4,0.8771672707141344,Macrophage,0,Mouse,-6.25527
33,1.1225589999999999,mNeo4,0.9085540990770217,Macrophage,0,Mouse,-5.77815
34,1.09315,mNeo4,0.924655943456176,Macrophage,0,Mouse,-5.30103
35,1.2841322,mNeo4,0.9329664181788763,Macrophage,0,Mouse,-4.82391
36,0.0042970000000000005,mNeo4,0.01638026354388866,Macrophage,0,Mouse,-10.0722
37,0.009371,mNeo4,0.04611677787481681,Macrophage,0,Mouse,-9.59512
38,0.04555,mNeo4,0.11771652912210855,Macrophage,0,Mouse,-9.118
39,0.16261,mNeo4,0.2511206533688498,Macrophage,0,Mouse,-8.64088
40,0.450362,mNeo4,0.4278533848993862,Macrophage,0,Mouse,-8.16376
41,0.7182559999999999,mNeo4,0.5988990255802014,Macrophage,0,Mouse,-7.68664
42,0.74405,mNeo4,0.731737082268726,Macrophage,0,Mouse,-7.20952
43,0.80062,mNeo4,0.8216767871970322,Macrophage,0,Mouse,-6.73239
44,0.8272499999999999,mNeo4,0.8771672707141344,Macrophage,0,Mouse,-6.25527
45,0.8650199999999999,mNeo4,0.9085540990770217,Macrophage,0,Mouse,-5.77815
46,0.913025,mNeo4,0.9329664181788763,Macrophage,0,Mouse,-4.82391
47,0.0,mNeo4,0.0012120585273494545,Macrophage,0,Mouse,-11.21671628
48,0.0,mNeo4,0.008359571941743449,Macrophage,0,Mouse,-10.37161824
49,0.0,mNeo4,0.05318415742209698,Macrophage,0,Mouse,-9.526520196
50,0.1286765399,mNeo4,0.2375028945548377,Macrophage,0,Mouse,-8.681422156
51,0.7075087256,mNeo4,0.5484609300532859,Macrophage,0,Mouse,-7.836324116
52,1.3046788040000001,mNeo4,0.7778318852324896,Macrophage,0,Mouse,-6.991226076
53,1.127299311,mNeo4,0.8861271571848091,Macrophage,0,Mouse,-6.146128036
54,1.267097444,mNeo4,0.92465594354877,Macrophage,0,Mouse,-5.301029996
55,0.0,mNeo4,0.0012120585273494545,Macrophage,0,Mouse,-11.21671628
56,0.0,mNeo4,0.008359571941743449,Macrophage,0,Mouse,-10.37161824
57,0.0,mNeo4,0.05318415742209698,Macrophage,0,Mouse,-9.526520196
58,0.1198471842,mNeo4,0.2375028945548377,Macrophage,0,Mouse,-8.681422156
59,0.7047354023,mNeo4,0.5484609300532859,Macrophage,0,Mouse,-7.836324116
60,1.056268277,mNeo4,0.7778318852324896,Macrophage,0,Mouse,-6.991226076
61,1.209593435,mNeo4,0.8861271571848091,Macrophage,0,Mouse,-6.146128036
62,1.237666258,mNeo4,0.92465594354877,Macrophage,0,Mouse,-5.301029996
0,0.0,hIL4,0.0013695624093583783,A549,0,Human,-13.0206
1,0.0,hIL4,0.0054554856137799404,A549,0,Human,-12.4185
2,0.00155518,hIL4,0.021454801617459954,A549,0,Human,-11.8165
3,0.1319957,hIL4,0.08046948046227066,A549,0,Human,-11.2144
4,0.4892977,hIL4,0.2579651389856733,A549,0,Human,-10.6124
5,0.9598362,hIL4,0.5788332228734269,A549,0,Human,-10.0103
6,1.137807,hIL4,0.8451100796979973,A549,0,Human,-9.40824
7,1.027972,hIL4,0.9564988910374351,A549,0,Human,-8.80618
8,1.0266119999999999,hIL4,0.9892738395871378,A549,0,Human,-8.20412
9,0.982289,hIL4,0.9978354714066869,A549,0,Human,-7.60206
10,0.9021002,hIL4,1.0,A549,0,Human,-7.0
11,0.0,hIL4,0.0013695624093583783,A549,0,Human,-13.0206
12,0.0,hIL4,0.0054554856137799404,A549,0,Human,-12.4185
13,0.015260180000000002,hIL4,0.021454801617459954,A549,0,Human,-11.8165
14,0.1521158,hIL4,0.08046948046227066,A549,0,Human,-11.2144
15,0.5382858,hIL4,0.2579651389856733,A549,0,Human,-10.6124
16,0.9149303999999999,hIL4,0.5788332228734269,A549,0,Human,-10.0103
17,1.110591,hIL4,0.8451100796979973,A549,0,Human,-9.40824
18,0.9725691999999999,hIL4,0.9564988910374351,A549,0,Human,-8.80618
19,0.9547817999999999,hIL4,0.9892738395871378,A549,0,Human,-8.20412
20,0.8057764000000001,hIL4,0.9978354714066869,A549,0,Human,-7.60206
21,0.3845177,hIL4,1.0,A549,0,Human,-7.0
22,0.0,hIL4,0.0013695624093583783,A549,0,Human,-13.0206
23,0.0,hIL4,0.0054554856137799404,A549,0,Human,-12.4185
24,0.04267018,hIL4,0.021454801617459954,A549,0,Human,-11.8165
25,0.15940569999999998,hIL4,0.08046948046227066,A549,0,Human,-11.2144
26,0.5058215,hIL4,0.2579651389856733,A549,0,Human,-10.6124
27,0.8025688,hIL4,0.5788332228734269,A549,0,Human,-10.0103
28,1.132364,hIL4,0.8451100796979973,A549,0,Human,-9.40824
29,1.021266,hIL4,0.9564988910374351,A549,0,Human,-8.80618
30,1.0526609999999998,hIL4,0.9892738395871378,A549,0,Human,-8.20412
31,0.9324261,hIL4,0.9978354714066869,A549,0,Human,-7.60206
32,0.9407852,hIL4,1.0,A549,0,Human,-7.0
33,0.09737391000000001,hIL4,0.0006853156648395487,A549,0,Human,-13.3216
34,0.054489869999999996,hIL4,0.0054554856137799404,A549,0,Human,-12.4185
35,0.056255639999999996,hIL4,0.04198325635833817,A549,0,Human,-11.5154
36,0.2379041,hIL4,0.2579651389856733,A549,0,Human,-10.6124
37,0.7982358,hIL4,0.7322534086900457,A549,0,Human,-9.70927
38,0.925301,hIL4,0.9564988910374351,A549,0,Human,-8.80618
39,0.8975622,hIL4,0.9949645347267723,A549,0,Human,-7.90309
40,0.9445378,hIL4,1.0,A549,0,Human,-7.0
41,0.08113974,hIL4,0.0006853156648395487,A549,0,Human,-13.3216
42,0.04457979,hIL4,0.0054554856137799404,A549,0,Human,-12.4185
43,0.05557111,hIL4,0.04198325635833817,A549,0,Human,-11.5154
44,0.2346604,hIL4,0.2579651389856733,A549,0,Human,-10.6124
45,0.8406375,hIL4,0.7322534086900457,A549,0,Human,-9.70927
46,0.9849403999999999,hIL4,0.9564988910374351,A549,0,Human,-8.80618
47,0.9447867,hIL4,0.9949645347267723,A549,0,Human,-7.90309
48,1.039998,hIL4,1.0,A549,0,Human,-7.0
49,0.1056038,hIL4,0.0006853156648395487,A549,0,Human,-13.3216
50,0.06350539999999999,hIL4,0.0054554856137799404,A549,0,Human,-12.4185
51,0.08188648999999999,hIL4,0.04198325635833817,A549,0,Human,-11.5154
52,0.2769999,hIL4,0.2579651389856733,A549,0,Human,-10.6124
53,0.9552646,hIL4,0.7322534086900457,A549,0,Human,-9.70927
54,1.112449,hIL4,0.9564988910374351,A549,0,Human,-8.80618
55,1.014531,hIL4,0.9949645347267723,A549,0,Human,-7.90309
56,1.158585,hIL4,1.0,A549,0,Human,-7.0
57,0.03200822896,hIL4,0.014169893953662579,A549,0,Human,-12.0
58,0.04513825861,hIL4,0.125207306831112,A549,0,Human,-11.0
59,0.19362255699999997,hIL4,0.5845551084976236,A549,0,Human,-10.0
60,0.7965753010000001,hIL4,0.933355913591746,A549,0,Human,-9.0
61,1.0350940880000001,hIL4,0.9935354935957426,A549,0,Human,-8.0
62,0.9629091789,hIL4,1.0,A549,0,Human,-7.0
63,0.05439583712,hIL4,0.014169893953662579,A549,0,Human,-12.0
64,0.04598535729,hIL4,0.125207306831112,A549,0,Human,-11.0
65,0.17383675199999998,hIL4,0.5845551084976236,A549,0,Human,-10.0
66,0.7652326496,hIL4,0.933355913591746,A549,0,Human,-9.0
67,1.011798875,hIL4,0.9935354935957426,A549,0,Human,-8.0
68,0.9465722757,hIL4,1.0,A549,0,Human,-7.0
69,0.051430991710000006,hIL4,0.014169893953662579,A549,0,Human,-12.0
70,0.038179947959999995,hIL4,0.125207306831112,A549,0,Human,-11.0
71,0.1817026684,hIL4,0.5845551084976236,A549,0,Human,-10.0
72,0.7950021177000001,hIL4,0.933355913591746,A549,0,Human,-9.0
73,1.037816906,hIL4,0.9935354935957426,A549,0,Human,-8.0
74,1.005808677,hIL4,1.0,A549,0,Human,-7.0
75,0.0,hIL4,0.0005134633403008239,A549,0,Human,-13.44705875
76,0.0,hIL4,0.0030725912398115716,A549,0,Human,-12.6689075
77,0.0,hIL4,0.018146339647937326,A549,0,Human,-11.89075625
78,0.0,hIL4,0.09954226641630494,A549,0,Human,-11.112605
79,0.1271198724,hIL4,0.3960958419199126,A549,0,Human,-10.33445375
80,0.4754312219,hIL4,0.7952158260072757,A549,0,Human,-9.556302501
81,1.238730251,hIL4,0.9591439507861328,A549,0,Human,-8.77815125
82,0.7612697491999999,hIL4,0.9935354935957426,A549,0,Human,-8.0
83,0.00207492795,hIL4,0.0005134633403008239,A549,0,Human,-13.44705875
84,0.0,hIL4,0.0030725912398115716,A549,0,Human,-12.6689075
85,0.0,hIL4,0.018146339647937326,A549,0,Human,-11.89075625
86,0.005072046110000001,hIL4,0.09954226641630494,A549,0,Human,-11.112605
87,0.3156195965,hIL4,0.3960958419199126,A549,0,Human,-10.33445375
88,0.7387896254,hIL4,0.7952158260072757,A549,0,Human,-9.556302501
89,0.904092219,hIL4,0.9591439507861328,A549,0,Human,-8.77815125
90,0.9572334294,hIL4,0.9935354935957426,A549,0,Human,-8.0
91,0.0,hIL4,0.0005134633403008239,A549,0,Human,-13.44705875
92,0.0,hIL4,0.0030725912398115716,A549,0,Human,-12.6689075
93,0.0,hIL4,0.018146339647937326,A549,0,Human,-11.89075625
94,0.0,hIL4,0.09954226641630494,A549,0,Human,-11.112605
95,0.3012103746,hIL4,0.3960958419199126,A549,0,Human,-10.33445375
96,0.6901440922000001,hIL4,0.7952158260072757,A549,0,Human,-9.556302501
97,0.928184438,hIL4,0.9591439507861328,A549,0,Human,-8.77815125
98,1.210489914,hIL4,0.9935354935957426,A549,0,Human,-8.0
0,0.0,hNeo4,1.1976703643267141e-08,A549,0,Human,-13.0206
1,0.0,hNeo4,4.7911224751842375e-08,A549,0,Human,-12.4185
2,0.0,hNeo4,1.916183741712965e-07,A549,0,Human,-11.8165
3,0.0,hNeo4,7.665432495177803e-07,A549,0,Human,-11.2144
4,0.0,hNeo4,3.0657357173477765e-06,A549,0,Human,-10.6124
5,0.0,hNeo4,1.2263852352600561e-05,A549,0,Human,-10.0103
6,0.0,hNeo4,4.905188645574078e-05,A549,0,Human,-9.40824
7,0.0,hNeo4,0.00019615118709212986,A549,0,Human,-8.80618
8,0.0,hNeo4,0.0007837042589036598,A549,0,Human,-8.20412
9,0.0,hNeo4,0.0031204915410243785,A549,0,Human,-7.60206
10,0.0,hNeo4,0.01225791403026381,A549,0,Human,-7.0
11,0.0,hNeo4,1.1976703643267141e-08,A549,0,Human,-13.0206
12,0.0,hNeo4,4.7911224751842375e-08,A549,0,Human,-12.4185
13,0.0,hNeo4,1.916183741712965e-07,A549,0,Human,-11.8165
14,0.0,hNeo4,7.665432495177803e-07,A549,0,Human,-11.2144
15,0.0,hNeo4,3.0657357173477765e-06,A549,0,Human,-10.6124
16,0.0,hNeo4,1.2263852352600561e-05,A549,0,Human,-10.0103
17,0.0,hNeo4,4.905188645574078e-05,A549,0,Human,-9.40824
18,0.0,hNeo4,0.00019615118709212986,A549,0,Human,-8.80618
19,0.0,hNeo4,0.0007837042589036598,A549,0,Human,-8.20412
20,0.0,hNeo4,0.0031204915410243785,A549,0,Human,-7.60206
21,0.0,hNeo4,0.01225791403026381,A549,0,Human,-7.0
22,0.0,hNeo4,1.1976703643267141e-08,A549,0,Human,-13.0206
23,0.0,hNeo4,4.7911224751842375e-08,A549,0,Human,-12.4185
24,0.0,hNeo4,1.916183741712965e-07,A549,0,Human,-11.8165
25,0.0,hNeo4,7.665432495177803e-07,A549,0,Human,-11.2144
26,0.0,hNeo4,3.0657357173477765e-06,A549,0,Human,-10.6124
27,0.0,hNeo4,1.2263852352600561e-05,A549,0,Human,-10.0103
28,0.0,hNeo4,4.905188645574078e-05,A549,0,Human,-9.40824
29,0.0205089,hNeo4,0.00019615118709212986,A549,0,Human,-8.80618
30,0.0,hNeo4,0.0007837042589036598,A549,0,Human,-8.20412
31,0.0,hNeo4,0.0031204915410243785,A549,0,Human,-7.60206
32,0.0,hNeo4,0.01225791403026381,A549,0,Human,-7.0
33,0.06455552,hNeo4,3.832983841512465e-07,A549,0,Human,-11.5154
34,0.07210865,hNeo4,3.0657357173477765e-06,A549,0,Human,-10.6124
35,0.05599894,hNeo4,2.4527117599524232e-05,A549,0,Human,-9.70927
36,0.057064630000000005,hNeo4,0.00019615118709212986,A549,0,Human,-8.80618
37,0.04794798,hNeo4,0.0015650136247522682,A549,0,Human,-7.90309
38,0.00889885,hNeo4,0.01225791403026381,A549,0,Human,-7.0
39,0.040799339999999996,hNeo4,0.08399687381103055,A549,0,Human,-6.09691
40,0.06062728,hNeo4,3.832983841512465e-07,A549,0,Human,-11.5154
41,0.0617863,hNeo4,3.0657357173477765e-06,A549,0,Human,-10.6124
42,0.117443,hNeo4,2.4527117599524232e-05,A549,0,Human,-9.70927
43,0.04510097,hNeo4,0.00019615118709212986,A549,0,Human,-8.80618
44,0.03689443,hNeo4,0.0015650136247522682,A549,0,Human,-7.90309
45,0.015012909999999999,hNeo4,0.01225791403026381,A549,0,Human,-7.0
46,0.031495999999999996,hNeo4,0.08399687381103055,A549,0,Human,-6.09691
47,0.00952892,hNeo4,3.832983841512465e-07,A549,0,Human,-11.5154
48,0.05918043,hNeo4,3.0657357173477765e-06,A549,0,Human,-10.6124
49,0.08877843,hNeo4,2.4527117599524232e-05,A549,0,Human,-9.70927
50,0.0,hNeo4,0.00019615118709212986,A549,0,Human,-8.80618
51,0.01464731,hNeo4,0.0015650136247522682,A549,0,Human,-7.90309
52,0.01022123,hNeo4,0.01225791403026381,A549,0,Human,-7.0
53,0.03010361,hNeo4,0.08399687381103055,A549,0,Human,-6.09691
54,0.0,hNeo4,4.486195372267197e-07,A549,0,Human,-11.44705875
55,0.0,hNeo4,2.691705431362056e-06,A549,0,Human,-10.6689075
56,0.0,hNeo4,1.6149808086320675e-05,A549,0,Human,-9.890756252
57,0.0,hNeo4,9.688357237456791e-05,A549,0,Human,-9.112605002
58,0.0,hNeo4,0.0005807521049463476,A549,0,Human,-8.334453751
59,0.02840325782,hNeo4,0.0034648671713083373,A549,0,Human,-7.556302501
60,0.0,hNeo4,0.02010903266696227,A549,0,Human,-6.77815125
61,0.01635753884,hNeo4,0.10086395454428558,A549,0,Human,-6.0
62,0.02276124665,hNeo4,4.486195372267197e-07,A549,0,Human,-11.44705875
63,0.02727400931,hNeo4,2.691705431362056e-06,A549,0,Human,-10.6689075
64,0.04690452687,hNeo4,1.6149808086320675e-05,A549,0,Human,-9.890756252
65,0.0,hNeo4,9.688357237456791e-05,A549,0,Human,-9.112605002
66,0.0,hNeo4,0.0005807521049463476,A549,0,Human,-8.334453751
67,0.08436045692000001,hNeo4,0.0034648671713083373,A549,0,Human,-7.556302501
68,0.04351995487,hNeo4,0.02010903266696227,A549,0,Human,-6.77815125
69,0.07285291214,hNeo4,0.10086395454428558,A549,0,Human,-6.0
70,0.02580736144,hNeo4,4.486195372267197e-07,A549,0,Human,-11.44705875
71,0.01328444507,hNeo4,2.691705431362056e-06,A549,0,Human,-10.6689075
72,0.044535326470000004,hNeo4,1.6149808086320675e-05,A549,0,Human,-9.890756252
73,0.0,hNeo4,9.688357237456791e-05,A549,0,Human,-9.112605002
74,0.0,hNeo4,0.0005807521049463476,A549,0,Human,-8.334453751
75,0.07082216895,hNeo4,0.0034648671713083373,A549,0,Human,-7.556302501
76,0.03528416302,hNeo4,0.02010903266696227,A549,0,Human,-6.77815125
77,0.06608376816,hNeo4,0.10086395454428558,A549,0,Human,-6.0
0,0.1044759,hIL13,0.0002540232630060281,A549,0,Human,-13.3216
1,0.054466539999999994,hIL13,0.0020283665640951293,A549,0,Human,-12.4185
2,0.09437910000000001,hIL13,0.015984275236070565,A549,0,Human,-11.5154
3,0.0712141,hIL13,0.11426335886464643,A549,0,Human,-10.6124
4,0.21739940000000002,hIL13,0.5008619382077389,A549,0,Human,-9.70927
5,0.7744485,hIL13,0.8867909510734502,A549,0,Human,-8.80618
6,0.9607796999999999,hIL13,0.9849287851329941,A549,0,Human,-7.90309
7,0.9497495,hIL13,0.9998574120078335,A549,0,Human,-7.0
8,0.09122095,hIL13,0.0002540232630060281,A549,0,Human,-13.3216
9,0.055843369999999996,hIL13,0.0020283665640951293,A549,0,Human,-12.4185
10,0.09230997,hIL13,0.015984275236070565,A549,0,Human,-11.5154
11,0.06809484,hIL13,0.11426335886464643,A549,0,Human,-10.6124
12,0.20510130000000001,hIL13,0.5008619382077389,A549,0,Human,-9.70927
13,0.7425168999999999,hIL13,0.8867909510734502,A549,0,Human,-8.80618
14,0.9749137,hIL13,0.9849287851329941,A549,0,Human,-7.90309
15,0.9813388999999999,hIL13,0.9998574120078335,A549,0,Human,-7.0
16,0.08286661000000001,hIL13,0.0002540232630060281,A549,0,Human,-13.3216
17,0.07550795,hIL13,0.0020283665640951293,A549,0,Human,-12.4185
18,0.091641,hIL13,0.015984275236070565,A549,0,Human,-11.5154
19,0.07155636,hIL13,0.11426335886464643,A549,0,Human,-10.6124
20,0.2313778,hIL13,0.5008619382077389,A549,0,Human,-9.70927
21,0.7831762000000001,hIL13,0.8867909510734502,A549,0,Human,-8.80618
22,0.9690641,hIL13,0.9849287851329941,A549,0,Human,-7.90309
23,0.9637979,hIL13,0.9998574120078335,A549,0,Human,-7.0
24,0.0942094754,hIL13,0.005298083112466993,A549,0,Human,-12.0
25,0.0811399528,hIL13,0.05041331618727725,A549,0,Human,-11.0
26,0.1131481818,hIL13,0.3419994131691924,A549,0,Human,-10.0
27,0.6076117868,hIL13,0.8339757954743933,A549,0,Human,-9.0
28,0.9403400496000001,hIL13,0.9809998829223961,A549,0,Human,-8.0
29,0.896411932,hIL13,0.9998574120078335,A549,0,Human,-7.0
30,0.09783989835,hIL13,0.005298083112466993,A549,0,Human,-12.0
31,0.07938524838,hIL13,0.05041331618727725,A549,0,Human,-11.0
32,0.11689961880000001,hIL13,0.3419994131691924,A549,0,Human,-10.0
33,0.6131179282,hIL13,0.8339757954743933,A549,0,Human,-9.0
34,0.9459066980999999,hIL13,0.9809998829223961,A549,0,Human,-8.0
35,0.900102862,hIL13,0.9998574120078335,A549,0,Human,-7.0
36,0.08132147395,hIL13,0.005298083112466993,A549,0,Human,-12.0
37,0.07266896593,hIL13,0.05041331618727725,A549,0,Human,-11.0
38,0.10425364549999999,hIL13,0.3419994131691924,A549,0,Human,-10.0
39,0.5892781509,hIL13,0.8339757954743933,A549,0,Human,-9.0
40,0.8670055060999999,hIL13,0.9809998829223961,A549,0,Human,-8.0
41,0.8390512495,hIL13,0.9998574120078335,A549,0,Human,-7.0
42,0.05304222846,hIL13,0.00189953713660616,A549,0,Human,-12.44705875
43,0.0,hIL13,0.011282440064055321,A549,0,Human,-11.6689075
44,0.0029429881600000003,hIL13,0.06385230681300358,A549,0,Human,-10.89075625
45,0.0,hIL13,0.2870675189549173,A549,0,Human,-10.112605
46,0.07165833961,hIL13,0.7010346858880367,A549,0,Human,-9.334453751
47,0.4271439327,hIL13,0.9330706337770787,A549,0,Human,-8.556302501
48,0.6053658203,hIL13,0.9889104815140926,A549,0,Human,-7.77815125
49,0.7274656081,hIL13,0.9998574120078335,A549,0,Human,-7.0
50,0.06845296854999999,hIL13,0.00189953713660616,A549,0,Human,-12.44705875
51,0.02569454238,hIL13,0.011282440064055321,A549,0,Human,-11.6689075
52,0.05356085178,hIL13,0.06385230681300358,A549,0,Human,-10.89075625
53,0.02152023692,hIL13,0.2870675189549173,A549,0,Human,-10.112605
54,0.1747285291,hIL13,0.7010346858880367,A549,0,Human,-9.334453751
55,0.6134818784,hIL13,0.9330706337770787,A549,0,Human,-8.556302501
56,0.8881963052,hIL13,0.9889104815140926,A549,0,Human,-7.77815125
57,0.9902975603,hIL13,0.9998574120078335,A549,0,Human,-7.0
58,0.0753349316,hIL13,0.00189953713660616,A549,0,Human,-12.44705875
59,0.0135100832,hIL13,0.011282440064055321,A549,0,Human,-11.6689075
60,0.06202228177,hIL13,0.06385230681300358,A549,0,Human,-10.89075625
61,0.0155408264,hIL13,0.2870675189549173,A549,0,Human,-10.112605
62,0.1787900155,hIL13,0.7010346858880367,A549,0,Human,-9.334453751
63,0.6466506839999999,hIL13,0.9330706337770787,A549,0,Human,-8.556302501
64,0.8150895501,hIL13,0.9889104815140926,A549,0,Human,-7.77815125
65,0.9928923988,hIL13,0.9998574120078335,A549,0,Human,-7.0
0,0.0,mIL4,0.03905494909841307,3T3,0,Mouse,-12.0206
1,0.0,mIL4,0.12366456309819765,3T3,0,Mouse,-11.4185
2,0.0,mIL4,0.28641356627906794,3T3,0,Mouse,-10.8165
3,0.0,mIL4,0.47272963157764547,3T3,0,Mouse,-10.2144
4,0.4560572,mIL4,0.6281975155420314,3T3,0,Mouse,-9.61236
5,0.8527937,mIL4,0.7691058100013864,3T3,0,Mouse,-9.0103
6,0.9904246999999999,mIL4,0.8961509086845458,3T3,0,Mouse,-8.40824
7,1.10352,mIL4,0.9668802098464823,3T3,0,Mouse,-7.80618
8,1.002542,mIL4,0.991456994870816,3T3,0,Mouse,-7.20412
9,1.01487,mIL4,0.998254313461013,3T3,0,Mouse,-6.60206
10,0.9126869999999999,mIL4,1.0,3T3,0,Mouse,-6.0
11,0.0,mIL4,0.03905494909841307,3T3,0,Mouse,-12.0206
12,0.0,mIL4,0.12366456309819765,3T3,0,Mouse,-11.4185
13,0.0,mIL4,0.28641356627906794,3T3,0,Mouse,-10.8165
14,0.0,mIL4,0.47272963157764547,3T3,0,Mouse,-10.2144
15,0.4698022,mIL4,0.6281975155420314,3T3,0,Mouse,-9.61236
16,0.822621,mIL4,0.7691058100013864,3T3,0,Mouse,-9.0103
17,0.9818944000000001,mIL4,0.8961509086845458,3T3,0,Mouse,-8.40824
18,1.071177,mIL4,0.9668802098464823,3T3,0,Mouse,-7.80618
19,1.0215319999999999,mIL4,0.991456994870816,3T3,0,Mouse,-7.20412
20,1.022768,mIL4,0.998254313461013,3T3,0,Mouse,-6.60206
21,0.9070503,mIL4,1.0,3T3,0,Mouse,-6.0
22,0.0,mIL4,0.03905494909841307,3T3,0,Mouse,-12.0206
23,0.0,mIL4,0.12366456309819765,3T3,0,Mouse,-11.4185
24,0.0,mIL4,0.28641356627906794,3T3,0,Mouse,-10.8165
25,0.0,mIL4,0.47272963157764547,3T3,0,Mouse,-10.2144
26,0.44592919999999997,mIL4,0.6281975155420314,3T3,0,Mouse,-9.61236
27,0.8428165,mIL4,0.7691058100013864,3T3,0,Mouse,-9.0103
28,0.9311343,mIL4,0.8961509086845458,3T3,0,Mouse,-8.40824
29,1.033137,mIL4,0.9668802098464823,3T3,0,Mouse,-7.80618
30,1.006792,mIL4,0.991456994870816,3T3,0,Mouse,-7.20412
31,1.027922,mIL4,0.998254313461013,3T3,0,Mouse,-6.60206
32,0.8760035,mIL4,1.0,3T3,0,Mouse,-6.0
0,0.0,mNeo4,0.00012452557803430603,3T3,0,Mouse,-11.4466
1,0.0,mNeo4,0.0004976785582202523,3T3,0,Mouse,-10.8445
2,0.0,mNeo4,0.0019834256209334817,3T3,0,Mouse,-10.2424
3,0.0,mNeo4,0.007815991391422776,3T3,0,Mouse,-9.64039
4,0.0,mNeo4,0.029552065523298462,3T3,0,Mouse,-9.03833
5,0.0,mNeo4,0.0978807156975096,3T3,0,Mouse,-8.43627
6,0.0,mNeo4,0.24297867025322573,3T3,0,Mouse,-7.83421
7,0.0,mNeo4,0.421323951973096,3T3,0,Mouse,-7.23215
8,0.0,mNeo4,0.5549602030368309,3T3,0,Mouse,-6.63009
9,0.0,mNeo4,0.6222891844872946,3T3,0,Mouse,-6.02803
10,0.0,mNeo4,0.6476360069880872,3T3,0,Mouse,-5.42597
11,0.0144415961200669,mNeo4,0.6603556437387439,3T3,0,Mouse,-4.82391
12,0.0,mNeo4,0.00012452557803430603,3T3,0,Mouse,-11.4466
13,0.0,mNeo4,0.0004976785582202523,3T3,0,Mouse,-10.8445
14,0.0,mNeo4,0.0019834256209334817,3T3,0,Mouse,-10.2424
15,0.0,mNeo4,0.007815991391422776,3T3,0,Mouse,-9.64039
16,0.0,mNeo4,0.029552065523298462,3T3,0,Mouse,-9.03833
17,0.0,mNeo4,0.0978807156975096,3T3,0,Mouse,-8.43627
18,0.0,mNeo4,0.24297867025322573,3T3,0,Mouse,-7.83421
19,0.0,mNeo4,0.421323951973096,3T3,0,Mouse,-7.23215
20,0.0,mNeo4,0.5549602030368309,3T3,0,Mouse,-6.63009
21,0.0,mNeo4,0.6222891844872946,3T3,0,Mouse,-6.02803
22,0.0,mNeo4,0.6476360069880872,3T3,0,Mouse,-5.42597
23,0.012800097503207321,mNeo4,0.6603556437387439,3T3,0,Mouse,-4.82391
24,0.0,mNeo4,0.00012452557803430603,3T3,0,Mouse,-11.4466
25,0.0,mNeo4,0.0004976785582202523,3T3,0,Mouse,-10.8445
26,0.0,mNeo4,0.0019834256209334817,3T3,0,Mouse,-10.2424
27,0.0,mNeo4,0.007815991391422776,3T3,0,Mouse,-9.64039
28,0.0,mNeo4,0.029552065523298462,3T3,0,Mouse,-9.03833
29,0.0,mNeo4,0.0978807156975096,3T3,0,Mouse,-8.43627
30,0.0,mNeo4,0.24297867025322573,3T3,0,Mouse,-7.83421
31,0.0,mNeo4,0.421323951973096,3T3,0,Mouse,-7.23215
32,0.0,mNeo4,0.5549602030368309,3T3,0,Mouse,-6.63009
33,0.0,mNeo4,0.6222891844872946,3T3,0,Mouse,-6.02803
34,0.0,mNeo4,0.6476360069880872,3T3,0,Mouse,-5.42597
35,0.0,mNeo4,0.6603556437387439,3T3,0,Mouse,-4.82391
0,0.00903132812,hNeo4,2.0743931642926043e-06,Fibroblast,0,Human,-11.51544993
1,0.0,hNeo4,1.6594858954792975e-05,Fibroblast,0,Human,-10.61235995
2,0.0,hNeo4,0.0001327405652075059,Fibroblast,0,Human,-9.709269961
3,0.00200445936,hNeo4,0.001060754337078624,Fibroblast,0,Human,-8.806179974
4,0.00490979933,hNeo4,0.008411885984763891,Fibroblast,0,Human,-7.903089987
5,0.0,hNeo4,0.06290121040741685,Fibroblast,0,Human,-7.0
6,0.0,hNeo4,0.3309322152347255,Fibroblast,0,Human,-6.096910013
7,0.0,hNeo4,0.7104219483418608,Fibroblast,0,Human,-5.193820026
8,0.00592329002,hNeo4,2.0743931642926043e-06,Fibroblast,0,Human,-11.51544993
9,0.01281502669,hNeo4,1.6594858954792975e-05,Fibroblast,0,Human,-10.61235995
10,0.0,hNeo4,0.0001327405652075059,Fibroblast,0,Human,-9.709269961
11,0.0008558365800000001,hNeo4,0.001060754337078624,Fibroblast,0,Human,-8.806179974
12,0.0,hNeo4,0.008411885984763891,Fibroblast,0,Human,-7.903089987
13,0.0,hNeo4,0.06290121040741685,Fibroblast,0,Human,-7.0
14,0.0,hNeo4,0.3309322152347255,Fibroblast,0,Human,-6.096910013
15,0.0,hNeo4,0.7104219483418608,Fibroblast,0,Human,-5.193820026
16,0.011125875540000002,hNeo4,2.0743931642926043e-06,Fibroblast,0,Human,-11.51544993
17,0.00213959145,hNeo4,1.6594858954792975e-05,Fibroblast,0,Human,-10.61235995
18,0.0,hNeo4,0.0001327405652075059,Fibroblast,0,Human,-9.709269961
19,0.010720479270000001,hNeo4,0.001060754337078624,Fibroblast,0,Human,-8.806179974
20,0.0006531384399999999,hNeo4,0.008411885984763891,Fibroblast,0,Human,-7.903089987
21,0.0,hNeo4,0.06290121040741685,Fibroblast,0,Human,-7.0
22,0.0,hNeo4,0.3309322152347255,Fibroblast,0,Human,-6.096910013
23,0.0,hNeo4,0.7104219483418608,Fibroblast,0,Human,-5.193820026
24,0.00270162517,hNeo4,2.0743931642926043e-06,Fibroblast,0,Human,-11.51544993
25,0.0,hNeo4,1.6594858954792975e-05,Fibroblast,0,Human,-10.61235995
26,0.0,hNeo4,0.0001327405652075059,Fibroblast,0,Human,-9.709269961
27,0.0,hNeo4,0.001060754337078624,Fibroblast,0,Human,-8.806179974
28,0.0,hNeo4,0.008411885984763891,Fibroblast,0,Human,-7.903089987
29,0.0,hNeo4,0.06290121040741685,Fibroblast,0,Human,-7.0
30,0.0,hNeo4,0.3309322152347255,Fibroblast,0,Human,-6.096910013
31,0.0,hNeo4,0.7104219483418608,Fibroblast,0,Human,-5.193820026
32,0.0,hNeo4,2.0743931642926043e-06,Fibroblast,0,Human,-11.51544993
33,0.0,hNeo4,1.6594858954792975e-05,Fibroblast,0,Human,-10.61235995
34,0.0,hNeo4,0.0001327405652075059,Fibroblast,0,Human,-9.709269961
35,0.0,hNeo4,0.001060754337078624,Fibroblast,0,Human,-8.806179974
36,0.0,hNeo4,0.008411885984763891,Fibroblast,0,Human,-7.903089987
37,0.0,hNeo4,0.06290121040741685,Fibroblast,0,Human,-7.0
38,0.0,hNeo4,0.3309322152347255,Fibroblast,0,Human,-6.096910013
39,0.0,hNeo4,0.7104219483418608,Fibroblast,0,Human,-5.193820026
40,0.00588062489,hNeo4,2.0743931642926043e-06,Fibroblast,0,Human,-11.51544993
41,0.0,hNeo4,1.6594858954792975e-05,Fibroblast,0,Human,-10.61235995
42,0.0,hNeo4,0.0001327405652075059,Fibroblast,0,Human,-9.709269961
43,0.0,hNeo4,0.001060754337078624,Fibroblast,0,Human,-8.806179974
44,0.0,hNeo4,0.008411885984763891,Fibroblast,0,Human,-7.903089987
45,0.0,hNeo4,0.06290121040741685,Fibroblast,0,Human,-7.0
46,0.0,hNeo4,0.3309322152347255,Fibroblast,0,Human,-6.096910013
47,0.0,hNeo4,0.7104219483418608,Fibroblast,0,Human,-5.193820026
48,0.0,hNeo4,3.2412471322254466e-08,Fibroblast,0,Human,-13.32162991
49,0.0,hNeo4,2.592997025257139e-07,Fibroblast,0,Human,-12.41853992
50,0.010735090009999998,hNeo4,2.0743931642926043e-06,Fibroblast,0,Human,-11.51544993
51,0.012137914569999998,hNeo4,1.6594858954792975e-05,Fibroblast,0,Human,-10.61235995
52,0.00730264696,hNeo4,0.0001327405652075059,Fibroblast,0,Human,-9.709269961
53,0.06953433189,hNeo4,0.001060754337078624,Fibroblast,0,Human,-8.806179974
54,0.005601349100000001,hNeo4,0.008411885984763891,Fibroblast,0,Human,-7.903089987
55,0.00575058575,hNeo4,0.06290121040741685,Fibroblast,0,Human,-7.0
56,0.012645319189999999,hNeo4,3.2412471322254466e-08,Fibroblast,0,Human,-13.32162991
57,0.010735090009999998,hNeo4,2.592997025257139e-07,Fibroblast,0,Human,-12.41853992
58,0.00381050925,hNeo4,2.0743931642926043e-06,Fibroblast,0,Human,-11.51544993
59,0.0,hNeo4,1.6594858954792975e-05,Fibroblast,0,Human,-10.61235995
60,0.0,hNeo4,0.0001327405652075059,Fibroblast,0,Human,-9.709269961
61,0.0,hNeo4,0.001060754337078624,Fibroblast,0,Human,-8.806179974
62,0.0,hNeo4,0.008411885984763891,Fibroblast,0,Human,-7.903089987
63,0.0,hNeo4,0.06290121040741685,Fibroblast,0,Human,-7.0
64,0.0,hNeo4,3.2412471322254466e-08,Fibroblast,0,Human,-13.32162991
65,0.00136302811,hNeo4,2.592997025257139e-07,Fibroblast,0,Human,-12.41853992
66,0.0,hNeo4,2.0743931642926043e-06,Fibroblast,0,Human,-11.51544993
67,0.0,hNeo4,1.6594858954792975e-05,Fibroblast,0,Human,-10.61235995
68,0.0,hNeo4,0.0001327405652075059,Fibroblast,0,Human,-9.709269961
69,0.0,hNeo4,0.001060754337078624,Fibroblast,0,Human,-8.806179974
70,0.0,hNeo4,0.008411885984763891,Fibroblast,0,Human,-7.903089987
71,0.0,hNeo4,0.06290121040741685,Fibroblast,0,Human,-7.0
0,0.006734082569999999,hIL4,0.001387157827141549,Fibroblast,0,Human,-13.32162991
1,0.0,hIL4,0.010986819622442887,Fibroblast,0,Human,-12.41853992
2,0.03794959573,hIL4,0.08143065132828281,Fibroblast,0,Human,-11.51544993
3,0.39888741240000003,hIL4,0.41219713932725255,Fibroblast,0,Human,-10.61235995
4,0.9647530460999999,hIL4,0.8470962376446578,Fibroblast,0,Human,-9.709269961
5,1.071642531,hIL4,0.9781425378795437,Fibroblast,0,Human,-8.806179974
6,1.009549334,hIL4,0.9975217800332031,Fibroblast,0,Human,-7.903089987
7,0.9038084728,hIL4,1.0,Fibroblast,0,Human,-7.0
8,0.0,hIL4,0.001387157827141549,Fibroblast,0,Human,-13.32162991
9,0.0,hIL4,0.010986819622442887,Fibroblast,0,Human,-12.41853992
10,0.023490461929999998,hIL4,0.08143065132828281,Fibroblast,0,Human,-11.51544993
11,0.40071169570000004,hIL4,0.41219713932725255,Fibroblast,0,Human,-10.61235995
12,0.9819148217,hIL4,0.8470962376446578,Fibroblast,0,Human,-9.709269961
13,1.069210153,hIL4,0.9781425378795437,Fibroblast,0,Human,-8.806179974
14,0.9988738992,hIL4,0.9975217800332031,Fibroblast,0,Human,-7.903089987
15,0.9359023445,hIL4,1.0,Fibroblast,0,Human,-7.0
16,0.0,hIL4,0.001387157827141549,Fibroblast,0,Human,-13.32162991
17,0.0,hIL4,0.010986819622442887,Fibroblast,0,Human,-12.41853992
18,0.0215310466,hIL4,0.08143065132828281,Fibroblast,0,Human,-11.51544993
19,0.36436116300000004,hIL4,0.41219713932725255,Fibroblast,0,Human,-10.61235995
20,0.9438075719,hIL4,0.8470962376446578,Fibroblast,0,Human,-9.709269961
21,1.0696155489999999,hIL4,0.9781425378795437,Fibroblast,0,Human,-8.806179974
22,1.027724601,hIL4,0.9975217800332031,Fibroblast,0,Human,-7.903089987
23,0.9136731155,hIL4,1.0,Fibroblast,0,Human,-7.0
24,0.008461594959999999,hIL4,0.001387157827141549,Fibroblast,0,Human,-13.32162991
25,0.0,hIL4,0.010986819622442887,Fibroblast,0,Human,-12.41853992
26,0.01599991607,hIL4,0.08143065132828281,Fibroblast,0,Human,-11.51544993
27,0.2799513183,hIL4,0.41219713932725255,Fibroblast,0,Human,-10.61235995
28,0.9387596655,hIL4,0.8470962376446578,Fibroblast,0,Human,-9.709269961
29,0.9874833443,hIL4,0.9781425378795437,Fibroblast,0,Human,-8.806179974
30,1.002796051,hIL4,0.9975217800332031,Fibroblast,0,Human,-7.903089987
31,1.0021980209999999,hIL4,1.0,Fibroblast,0,Human,-7.0
32,0.0,hIL4,0.001387157827141549,Fibroblast,0,Human,-13.32162991
33,0.0,hIL4,0.010986819622442887,Fibroblast,0,Human,-12.41853992
34,0.01282091635,hIL4,0.08143065132828281,Fibroblast,0,Human,-11.51544993
35,0.2753401949,hIL4,0.41219713932725255,Fibroblast,0,Human,-10.61235995
36,0.9040109954000001,hIL4,0.8470962376446578,Fibroblast,0,Human,-9.709269961
37,0.9322757651000001,hIL4,0.9781425378795437,Fibroblast,0,Human,-8.806179974
38,0.9810781319999999,hIL4,0.9975217800332031,Fibroblast,0,Human,-7.903089987
39,1.00333113,hIL4,1.0,Fibroblast,0,Human,-7.0
40,0.0,hIL4,0.001387157827141549,Fibroblast,0,Human,-13.32162991
41,0.0,hIL4,0.010986819622442887,Fibroblast,0,Human,-12.41853992
42,0.01516582208,hIL4,0.08143065132828281,Fibroblast,0,Human,-11.51544993
43,0.2547396473,hIL4,0.41219713932725255,Fibroblast,0,Human,-10.61235995
44,0.8629200634,hIL4,0.8470962376446578,Fibroblast,0,Human,-9.709269961
45,0.9795043698000001,hIL4,0.9781425378795437,Fibroblast,0,Human,-8.806179974
46,0.9501379665,hIL4,0.9975217800332031,Fibroblast,0,Human,-7.903089987
47,1.060458699,hIL4,1.0,Fibroblast,0,Human,-7.0
48,0.0,hIL4,0.001387157827141549,Fibroblast,0,Human,-13.32162991
49,0.011511120619999999,hIL4,0.010986819622442887,Fibroblast,0,Human,-12.41853992
50,0.02413654159,hIL4,0.08143065132828281,Fibroblast,0,Human,-11.51544993
51,0.3983623764,hIL4,0.41219713932725255,Fibroblast,0,Human,-10.61235995
52,0.9650438010000001,hIL4,0.8470962376446578,Fibroblast,0,Human,-9.709269961
53,0.8812324958000001,hIL4,0.9781425378795437,Fibroblast,0,Human,-8.806179974
54,1.016530447,hIL4,0.9975217800332031,Fibroblast,0,Human,-7.903089987
55,0.9352561647000001,hIL4,1.0,Fibroblast,0,Human,-7.0
56,0.011451425959999999,hIL4,0.001387157827141549,Fibroblast,0,Human,-13.32162991
57,0.0,hIL4,0.010986819622442887,Fibroblast,0,Human,-12.41853992
58,0.02995677112,hIL4,0.08143065132828281,Fibroblast,0,Human,-11.51544993
59,0.4508041368,hIL4,0.41219713932725255,Fibroblast,0,Human,-10.61235995
60,1.000800903,hIL4,0.8470962376446578,Fibroblast,0,Human,-9.709269961
61,0.9282718893,hIL4,0.9781425378795437,Fibroblast,0,Human,-8.806179974
62,0.9586863194999999,hIL4,0.9975217800332031,Fibroblast,0,Human,-7.903089987
63,0.9384796765,hIL4,1.0,Fibroblast,0,Human,-7.0
64,0.00772050959,hIL4,0.001387157827141549,Fibroblast,0,Human,-13.32162991
65,0.0,hIL4,0.010986819622442887,Fibroblast,0,Human,-12.41853992
66,0.032523641570000004,hIL4,0.08143065132828281,Fibroblast,0,Human,-11.51544993
67,0.4037945907,hIL4,0.41219713932725255,Fibroblast,0,Human,-10.61235995
68,1.003666247,hIL4,0.8470962376446578,Fibroblast,0,Human,-9.709269961
69,1.00318869,hIL4,0.9781425378795437,Fibroblast,0,Human,-8.806179974
70,1.107564806,hIL4,0.9975217800332031,Fibroblast,0,Human,-7.903089987
71,1.043482587,hIL4,1.0,Fibroblast,0,Human,-7.0
0,0.03332951951,hIL13,0.00010284390265130565,Fibroblast,0,Human,-13.32162991
1,0.0,hIL13,0.0008214182222064868,Fibroblast,0,Human,-12.41853992
2,0.0,hIL13,0.006487556188669726,Fibroblast,0,Human,-11.51544993
3,0.02697203803,hIL13,0.047208005190810316,Fibroblast,0,Human,-10.61235995
4,0.28222641190000003,hIL13,0.23044518310427714,Fibroblast,0,Human,-9.709269961
5,0.9354352486999999,hIL13,0.5300265452580103,Fibroblast,0,Human,-8.806179974
6,1.045601747,hIL13,0.7203582837778048,Fibroblast,0,Human,-7.903089987
7,1.085985186,hIL13,0.7830541764782155,Fibroblast,0,Human,-7.0
8,0.01413768574,hIL13,0.00010284390265130565,Fibroblast,0,Human,-13.32162991
9,0.0,hIL13,0.0008214182222064868,Fibroblast,0,Human,-12.41853992
10,0.0,hIL13,0.006487556188669726,Fibroblast,0,Human,-11.51544993
11,0.0,hIL13,0.047208005190810316,Fibroblast,0,Human,-10.61235995
12,0.2582888525,hIL13,0.23044518310427714,Fibroblast,0,Human,-9.709269961
13,0.9533734946,hIL13,0.5300265452580103,Fibroblast,0,Human,-8.806179974
14,1.0242907529999998,hIL13,0.7203582837778048,Fibroblast,0,Human,-7.903089987
15,1.00139785,hIL13,0.7830541764782155,Fibroblast,0,Human,-7.0
16,0.006138601059999999,hIL13,0.00010284390265130565,Fibroblast,0,Human,-13.32162991
17,0.0,hIL13,0.0008214182222064868,Fibroblast,0,Human,-12.41853992
18,0.0,hIL13,0.006487556188669726,Fibroblast,0,Human,-11.51544993
19,0.0063773797,hIL13,0.047208005190810316,Fibroblast,0,Human,-10.61235995
20,0.2755704571,hIL13,0.23044518310427714,Fibroblast,0,Human,-9.709269961
21,0.9473144863999999,hIL13,0.5300265452580103,Fibroblast,0,Human,-8.806179974
22,1.0650323590000002,hIL13,0.7203582837778048,Fibroblast,0,Human,-7.903089987
23,0.9984131169,hIL13,0.7830541764782155,Fibroblast,0,Human,-7.0
0,0.0,hIL4,0.0008684689065478593,Monocyte,0,Human,-13.82677989
1,0.0,hIL4,0.003464832505058737,Monocyte,0,Human,-13.2247199
2,0.0,hIL4,0.013716507702259816,Monocyte,0,Human,-12.6226599
3,0.0,hIL4,0.052694138465280344,Monocyte,0,Human,-12.02059991
4,0.08793910173000001,hIL4,0.18197135916864982,Monocyte,0,Human,-11.41853992
5,0.8284445289,hIL4,0.4707250269439869,Monocyte,0,Human,-10.81647993
6,1.19451108,hIL4,0.7805168539195038,Monocyte,0,Human,-10.21441994
7,0.9098520295,hIL4,0.934344842495692,Monocyte,0,Human,-9.612359948
8,0.8973232311,hIL4,0.9827843857311526,Monocyte,0,Human,-9.010299957
9,0.8471486591999999,hIL4,0.9956907740347469,Monocyte,0,Human,-8.408239965
10,0.9208963732,hIL4,0.9989706080152135,Monocyte,0,Human,-7.806179974
11,1.1048500110000001,hIL4,0.999793951612553,Monocyte,0,Human,-7.204119983
12,0.0,hIL4,0.0008684689065478593,Monocyte,0,Human,-13.82677989
13,0.0,hIL4,0.003464832505058737,Monocyte,0,Human,-13.2247199
14,0.0,hIL4,0.013716507702259816,Monocyte,0,Human,-12.6226599
15,0.1320570981,hIL4,0.052694138465280344,Monocyte,0,Human,-12.02059991
16,0.2442818802,hIL4,0.18197135916864982,Monocyte,0,Human,-11.41853992
17,0.5997197349000001,hIL4,0.4707250269439869,Monocyte,0,Human,-10.81647993
18,1.223547016,hIL4,0.7805168539195038,Monocyte,0,Human,-10.21441994
19,1.298304159,hIL4,0.934344842495692,Monocyte,0,Human,-9.612359948
20,1.023858157,hIL4,0.9827843857311526,Monocyte,0,Human,-9.010299957
21,0.9213120204999999,hIL4,0.9956907740347469,Monocyte,0,Human,-8.408239965
22,0.8708405577,hIL4,0.9989706080152135,Monocyte,0,Human,-7.806179974
23,1.2056148020000002,hIL4,0.999793951612553,Monocyte,0,Human,-7.204119983
24,0.0,hIL4,0.003464832505058737,Monocyte,0,Human,-13.2247199
25,0.0,hIL4,0.013716507702259816,Monocyte,0,Human,-12.6226599
26,0.06897816634,hIL4,0.052694138465280344,Monocyte,0,Human,-12.02059991
27,0.3207568799,hIL4,0.18197135916864982,Monocyte,0,Human,-11.41853992
28,0.750491009,hIL4,0.4707250269439869,Monocyte,0,Human,-10.81647993
29,0.7182105110000001,hIL4,0.7805168539195038,Monocyte,0,Human,-10.21441994
30,0.8053770261,hIL4,0.934344842495692,Monocyte,0,Human,-9.612359948
31,1.092141563,hIL4,0.9827843857311526,Monocyte,0,Human,-9.010299957
32,0.7532421878,hIL4,0.9956907740347469,Monocyte,0,Human,-8.408239965
33,0.8280742513,hIL4,0.9989706080152135,Monocyte,0,Human,-7.806179974
34,1.101954101,hIL4,0.999793951612553,Monocyte,0,Human,-7.204119983
35,1.082374879,hIL4,1.0,Monocyte,0,Human,-6.602059991
36,0.0,hIL4,0.003464832505058737,Monocyte,0,Human,-13.2247199
37,0.013954590270000001,hIL4,0.013716507702259816,Monocyte,0,Human,-12.6226599
38,0.0532047412,hIL4,0.052694138465280344,Monocyte,0,Human,-12.02059991
39,0.1819140562,hIL4,0.18197135916864982,Monocyte,0,Human,-11.41853992
40,0.601102,hIL4,0.4707250269439869,Monocyte,0,Human,-10.81647993
41,0.6220109589,hIL4,0.7805168539195038,Monocyte,0,Human,-10.21441994
42,0.9200094763,hIL4,0.934344842495692,Monocyte,0,Human,-9.612359948
43,1.012815908,hIL4,0.9827843857311526,Monocyte,0,Human,-9.010299957
44,0.992044508,hIL4,0.9956907740347469,Monocyte,0,Human,-8.408239965
45,0.6392975323000001,hIL4,0.9989706080152135,Monocyte,0,Human,-7.806179974
46,0.9654956325,hIL4,0.999793951612553,Monocyte,0,Human,-7.204119983
47,1.107502312,hIL4,1.0,Monocyte,0,Human,-6.602059991
48,0.00427961147,hIL4,0.003464832505058737,Monocyte,0,Human,-13.2247199
49,0.01734771079,hIL4,0.013716507702259816,Monocyte,0,Human,-12.6226599
50,0.06480554514999999,hIL4,0.052694138465280344,Monocyte,0,Human,-12.02059991
51,0.2654123329,hIL4,0.18197135916864982,Monocyte,0,Human,-11.41853992
52,0.7208241309000001,hIL4,0.4707250269439869,Monocyte,0,Human,-10.81647993
53,0.6543373098,hIL4,0.7805168539195038,Monocyte,0,Human,-10.21441994
54,0.8210587452999999,hIL4,0.934344842495692,Monocyte,0,Human,-9.612359948
55,0.7802037400999999,hIL4,0.9827843857311526,Monocyte,0,Human,-9.010299957
56,0.5780838039999999,hIL4,0.9956907740347469,Monocyte,0,Human,-8.408239965
57,1.083291938,hIL4,0.9989706080152135,Monocyte,0,Human,-7.806179974
58,0.571068298,hIL4,0.999793951612553,Monocyte,0,Human,-7.204119983
59,1.1716047779999998,hIL4,1.0,Monocyte,0,Human,-6.602059991
60,0.0,hIL4,0.0008684689065478593,Monocyte,0,Human,-13.82677989
61,0.00028814061,hIL4,0.003464832505058737,Monocyte,0,Human,-13.2247199
62,0.00835607777,hIL4,0.013716507702259816,Monocyte,0,Human,-12.6226599
63,0.1155083681,hIL4,0.052694138465280344,Monocyte,0,Human,-12.02059991
64,0.5217506143,hIL4,0.18197135916864982,Monocyte,0,Human,-11.41853992
65,0.9426880318,hIL4,0.4707250269439869,Monocyte,0,Human,-10.81647993
66,1.07483652,hIL4,0.7805168539195038,Monocyte,0,Human,-10.21441994
67,1.079482788,hIL4,0.934344842495692,Monocyte,0,Human,-9.612359948
68,1.033164184,hIL4,0.9827843857311526,Monocyte,0,Human,-9.010299957
69,1.143450004,hIL4,0.9956907740347469,Monocyte,0,Human,-8.408239965
70,1.065507968,hIL4,0.9989706080152135,Monocyte,0,Human,-7.806179974
71,1.102858195,hIL4,0.999793951612553,Monocyte,0,Human,-7.204119983
72,0.0,hIL4,0.0008684689065478593,Monocyte,0,Human,-13.82677989
73,0.0,hIL4,0.003464832505058737,Monocyte,0,Human,-13.2247199
74,0.00731156805,hIL4,0.013716507702259816,Monocyte,0,Human,-12.6226599
75,0.1142117353,hIL4,0.052694138465280344,Monocyte,0,Human,-12.02059991
76,0.5131784310999999,hIL4,0.18197135916864982,Monocyte,0,Human,-11.41853992
77,0.7801767262,hIL4,0.4707250269439869,Monocyte,0,Human,-10.81647993
78,0.5303948327,hIL4,0.7805168539195038,Monocyte,0,Human,-10.21441994
79,0.8051729244000001,hIL4,0.934344842495692,Monocyte,0,Human,-9.612359948
80,0.8812780637000001,hIL4,0.9827843857311526,Monocyte,0,Human,-9.010299957
81,0.9783814501000001,hIL4,0.9956907740347469,Monocyte,0,Human,-8.408239965
82,0.9679723705000001,hIL4,0.9989706080152135,Monocyte,0,Human,-7.806179974
83,0.6770944221,hIL4,0.999793951612553,Monocyte,0,Human,-7.204119983
84,0.0,hIL4,0.0008684689065478593,Monocyte,0,Human,-13.82677989
85,0.0,hIL4,0.003464832505058737,Monocyte,0,Human,-13.2247199
86,0.0063390934799999995,hIL4,0.013716507702259816,Monocyte,0,Human,-12.6226599
87,0.11017776680000001,hIL4,0.052694138465280344,Monocyte,0,Human,-12.02059991
88,0.4810147352,hIL4,0.18197135916864982,Monocyte,0,Human,-11.41853992
89,0.8545890395000001,hIL4,0.4707250269439869,Monocyte,0,Human,-10.81647993
90,0.9868815982,hIL4,0.7805168539195038,Monocyte,0,Human,-10.21441994
91,1.00290942,hIL4,0.934344842495692,Monocyte,0,Human,-9.612359948
92,1.071739009,hIL4,0.9827843857311526,Monocyte,0,Human,-9.010299957
93,1.094574152,hIL4,0.9956907740347469,Monocyte,0,Human,-8.408239965
94,0.9482347386,hIL4,0.9989706080152135,Monocyte,0,Human,-7.806179974
95,1.0219267,hIL4,0.999793951612553,Monocyte,0,Human,-7.204119983
96,0.0,hIL4,0.0007078118585516457,Monocyte,0,Human,-13.91568628
97,0.1486457948,hIL4,0.00493369359721776,Monocyte,0,Human,-13.07058824
98,0.0,hIL4,0.033541283530662276,Monocyte,0,Human,-12.2254902
99,0.349268782,hIL4,0.19541003443856642,Monocyte,0,Human,-11.38039216
100,0.4371733277,hIL4,0.6294801531324749,Monocyte,0,Human,-10.53529412
101,0.9049944565,hIL4,0.9224468510049794,Monocyte,0,Human,-9.69019608
102,0.9543582704000001,hIL4,0.9881881686085736,Monocyte,0,Human,-8.84509804
103,1.04564173,hIL4,0.9983539912915893,Monocyte,0,Human,-8.0
104,0.01061234447,hIL4,0.0007078118585516457,Monocyte,0,Human,-13.91568628
105,0.0,hIL4,0.00493369359721776,Monocyte,0,Human,-13.07058824
106,0.0,hIL4,0.033541283530662276,Monocyte,0,Human,-12.2254902
107,0.1661838253,hIL4,0.19541003443856642,Monocyte,0,Human,-11.38039216
108,0.8288606977,hIL4,0.6294801531324749,Monocyte,0,Human,-10.53529412
109,1.103546597,hIL4,0.9224468510049794,Monocyte,0,Human,-9.69019608
110,0.9412966577,hIL4,0.9881881686085736,Monocyte,0,Human,-8.84509804
111,0.982282264,hIL4,0.9983539912915893,Monocyte,0,Human,-8.0
112,0.0,hIL4,0.0007078118585516457,Monocyte,0,Human,-13.91568628
113,0.0,hIL4,0.00493369359721776,Monocyte,0,Human,-13.07058824
114,0.0,hIL4,0.033541283530662276,Monocyte,0,Human,-12.2254902
115,0.1653604538,hIL4,0.19541003443856642,Monocyte,0,Human,-11.38039216
116,0.8262533544999999,hIL4,0.6294801531324749,Monocyte,0,Human,-10.53529412
117,1.1768266649999999,hIL4,0.9224468510049794,Monocyte,0,Human,-9.69019608
118,0.9344352281,hIL4,0.9881881686085736,Monocyte,0,Human,-8.84509804
119,0.8616125884,hIL4,0.9983539912915893,Monocyte,0,Human,-8.0
120,0.020900109769999998,hIL4,0.0007078118585516457,Monocyte,0,Human,-13.91568628
121,0.042414928649999996,hIL4,0.00493369359721776,Monocyte,0,Human,-13.07058824
122,0.00526893524,hIL4,0.033541283530662276,Monocyte,0,Human,-12.2254902
123,0.1119648738,hIL4,0.19541003443856642,Monocyte,0,Human,-11.38039216
124,0.7803293085,hIL4,0.6294801531324749,Monocyte,0,Human,-10.53529412
125,0.7042810099000001,hIL4,0.9224468510049794,Monocyte,0,Human,-9.69019608
126,0.888079034,hIL4,0.9881881686085736,Monocyte,0,Human,-8.84509804
127,1.111920966,hIL4,0.9983539912915893,Monocyte,0,Human,-8.0
128,0.00923558001,hIL4,0.0007078118585516457,Monocyte,0,Human,-13.91568628
129,0.04130558619,hIL4,0.00493369359721776,Monocyte,0,Human,-13.07058824
130,0.01941653435,hIL4,0.033541283530662276,Monocyte,0,Human,-12.2254902
131,0.1407880543,hIL4,0.19541003443856642,Monocyte,0,Human,-11.38039216
132,0.8258935605000001,hIL4,0.6294801531324749,Monocyte,0,Human,-10.53529412
133,1.201061728,hIL4,0.9224468510049794,Monocyte,0,Human,-9.69019608
134,1.147248112,hIL4,0.9881881686085736,Monocyte,0,Human,-8.84509804
135,0.7528088526000001,hIL4,0.9983539912915893,Monocyte,0,Human,-8.0
136,0.00770843686,hIL4,0.0007078118585516457,Monocyte,0,Human,-13.91568628
137,0.02712497121,hIL4,0.00493369359721776,Monocyte,0,Human,-13.07058824
138,0.0266886446,hIL4,0.033541283530662276,Monocyte,0,Human,-12.2254902
139,0.1311888688,hIL4,0.19541003443856642,Monocyte,0,Human,-11.38039216
140,0.7800065449,hIL4,0.6294801531324749,Monocyte,0,Human,-10.53529412
141,1.083980753,hIL4,0.9224468510049794,Monocyte,0,Human,-9.69019608
142,1.185644854,hIL4,0.9881881686085736,Monocyte,0,Human,-8.84509804
143,0.6292556995,hIL4,0.9983539912915893,Monocyte,0,Human,-8.0
0,0.007659786710000001,hNeo4,3.509234445610109e-07,Monocyte,0,Human,-12.6226599
1,0.0,hNeo4,1.403692175954966e-06,Monocyte,0,Human,-12.02059991
2,0.01425076598,hNeo4,5.614743118849309e-06,Monocyte,0,Human,-11.41853992
3,0.0,hNeo4,2.2458563331215623e-05,Monocyte,0,Human,-10.81647993
4,0.0,hNeo4,8.98277084386216e-05,Monocyte,0,Human,-10.21441994
5,0.07297579745,hNeo4,0.00035920615868880655,Monocyte,0,Human,-9.612359948
6,0.5028739044999999,hNeo4,0.0014351522624594863,Monocyte,0,Human,-9.010299957
7,0.7639598128,hNeo4,0.005714006247251018,Monocyte,0,Human,-8.408239965
8,0.7272047123000001,hNeo4,0.02244007065273723,Monocyte,0,Human,-7.806179974
9,0.775479182,hNeo4,0.0836699006066753,Monocyte,0,Human,-7.204119983
10,0.7867610384,hNeo4,0.26324675774860806,Monocyte,0,Human,-6.602059991
11,0.6871244328999999,hNeo4,0.5681134088854192,Monocyte,0,Human,-6.0
12,0.0,hNeo4,3.509234445610109e-07,Monocyte,0,Human,-12.6226599
13,0.0,hNeo4,1.403692175954966e-06,Monocyte,0,Human,-12.02059991
14,0.06264399210999999,hNeo4,5.614743118849309e-06,Monocyte,0,Human,-11.41853992
15,0.0,hNeo4,2.2458563331215623e-05,Monocyte,0,Human,-10.81647993
16,0.0,hNeo4,8.98277084386216e-05,Monocyte,0,Human,-10.21441994
17,0.02072298886,hNeo4,0.00035920615868880655,Monocyte,0,Human,-9.612359948
18,0.44450514220000004,hNeo4,0.0014351522624594863,Monocyte,0,Human,-9.010299957
19,0.5691399663,hNeo4,0.005714006247251018,Monocyte,0,Human,-8.408239965
20,0.671032943,hNeo4,0.02244007065273723,Monocyte,0,Human,-7.806179974
21,0.8963138019,hNeo4,0.0836699006066753,Monocyte,0,Human,-7.204119983
22,0.8525520747,hNeo4,0.26324675774860806,Monocyte,0,Human,-6.602059991
23,0.8223285751999999,hNeo4,0.5681134088854192,Monocyte,0,Human,-6.0
24,0.00776443796,hNeo4,3.509234445610109e-07,Monocyte,0,Human,-12.6226599
25,0.00515081809,hNeo4,1.403692175954966e-06,Monocyte,0,Human,-12.02059991
26,0.0057469068300000006,hNeo4,5.614743118849309e-06,Monocyte,0,Human,-11.41853992
27,0.00487570021,hNeo4,2.2458563331215623e-05,Monocyte,0,Human,-10.81647993
28,0.01638479821,hNeo4,8.98277084386216e-05,Monocyte,0,Human,-10.21441994
29,0.0679235478,hNeo4,0.00035920615868880655,Monocyte,0,Human,-9.612359948
30,0.2102970509,hNeo4,0.0014351522624594863,Monocyte,0,Human,-9.010299957
31,0.5132935431,hNeo4,0.005714006247251018,Monocyte,0,Human,-8.408239965
32,0.5750116543,hNeo4,0.02244007065273723,Monocyte,0,Human,-7.806179974
33,0.48504810740000004,hNeo4,0.0836699006066753,Monocyte,0,Human,-7.204119983
34,0.7608996355,hNeo4,0.26324675774860806,Monocyte,0,Human,-6.602059991
35,0.708994062,hNeo4,0.5681134088854192,Monocyte,0,Human,-6.0
36,0.00716834922,hNeo4,3.509234445610109e-07,Monocyte,0,Human,-12.6226599
37,0.0054717889500000005,hNeo4,1.403692175954966e-06,Monocyte,0,Human,-12.02059991
38,0.0056093478900000006,hNeo4,5.614743118849309e-06,Monocyte,0,Human,-11.41853992
39,0.00070307903,hNeo4,2.2458563331215623e-05,Monocyte,0,Human,-10.81647993
40,0.007672732,hNeo4,8.98277084386216e-05,Monocyte,0,Human,-10.21441994
41,0.05059112133,hNeo4,0.00035920615868880655,Monocyte,0,Human,-9.612359948
42,0.1982835701,hNeo4,0.0014351522624594863,Monocyte,0,Human,-9.010299957
43,0.4348849472,hNeo4,0.005714006247251018,Monocyte,0,Human,-8.408239965
44,0.5906016675,hNeo4,0.02244007065273723,Monocyte,0,Human,-7.806179974
45,0.575653596,hNeo4,0.0836699006066753,Monocyte,0,Human,-7.204119983
46,0.5514890754999999,hNeo4,0.26324675774860806,Monocyte,0,Human,-6.602059991
47,0.7930425744999999,hNeo4,0.5681134088854192,Monocyte,0,Human,-6.0
48,0.00923173332,hNeo4,3.509234445610109e-07,Monocyte,0,Human,-12.6226599
49,0.00446302339,hNeo4,1.403692175954966e-06,Monocyte,0,Human,-12.02059991
50,0.0026289041899999997,hNeo4,5.614743118849309e-06,Monocyte,0,Human,-11.41853992
51,0.0085897916,hNeo4,2.2458563331215623e-05,Monocyte,0,Human,-10.81647993
52,0.0012991677700000001,hNeo4,8.98277084386216e-05,Monocyte,0,Human,-10.21441994
53,0.07122496236,hNeo4,0.00035920615868880655,Monocyte,0,Human,-9.612359948
54,0.23886345750000001,hNeo4,0.0014351522624594863,Monocyte,0,Human,-9.010299957
55,0.38540958170000006,hNeo4,0.005714006247251018,Monocyte,0,Human,-8.408239965
56,0.3185559368,hNeo4,0.02244007065273723,Monocyte,0,Human,-7.806179974
57,0.37880675259999996,hNeo4,0.0836699006066753,Monocyte,0,Human,-7.204119983
58,0.5195754014,hNeo4,0.26324675774860806,Monocyte,0,Human,-6.602059991
59,0.4575821724,hNeo4,0.5681134088854192,Monocyte,0,Human,-6.0
60,0.00857218323,hNeo4,3.509234445610109e-07,Monocyte,0,Human,-12.6226599
61,0.010661202670000001,hNeo4,1.403692175954966e-06,Monocyte,0,Human,-12.02059991
62,0.0,hNeo4,5.614743118849309e-06,Monocyte,0,Human,-11.41853992
63,0.0,hNeo4,2.2458563331215623e-05,Monocyte,0,Human,-10.81647993
64,0.0428969337,hNeo4,8.98277084386216e-05,Monocyte,0,Human,-10.21441994
65,0.22831541789999998,hNeo4,0.00035920615868880655,Monocyte,0,Human,-9.612359948
66,0.5421005450999999,hNeo4,0.0014351522624594863,Monocyte,0,Human,-9.010299957
67,0.8081263657,hNeo4,0.005714006247251018,Monocyte,0,Human,-8.408239965
68,0.9072107187999999,hNeo4,0.02244007065273723,Monocyte,0,Human,-7.806179974
69,1.007015424,hNeo4,0.0836699006066753,Monocyte,0,Human,-7.204119983
70,1.000388189,hNeo4,0.26324675774860806,Monocyte,0,Human,-6.602059991
71,0.7592865317999999,hNeo4,0.5681134088854192,Monocyte,0,Human,-6.0
72,0.00886032384,hNeo4,3.509234445610109e-07,Monocyte,0,Human,-12.6226599
73,0.00713148016,hNeo4,1.403692175954966e-06,Monocyte,0,Human,-12.02059991
74,0.0,hNeo4,5.614743118849309e-06,Monocyte,0,Human,-11.41853992
75,0.0,hNeo4,2.2458563331215623e-05,Monocyte,0,Human,-10.81647993
76,0.041204107600000005,hNeo4,8.98277084386216e-05,Monocyte,0,Human,-10.21441994
77,0.2117473327,hNeo4,0.00035920615868880655,Monocyte,0,Human,-9.612359948
78,0.5633148977,hNeo4,0.0014351522624594863,Monocyte,0,Human,-9.010299957
79,0.7776554959,hNeo4,0.005714006247251018,Monocyte,0,Human,-8.408239965
80,0.9357006219,hNeo4,0.02244007065273723,Monocyte,0,Human,-7.806179974
81,0.9906994613000001,hNeo4,0.0836699006066753,Monocyte,0,Human,-7.204119983
82,0.9939770608,hNeo4,0.26324675774860806,Monocyte,0,Human,-6.602059991
83,0.9194927124,hNeo4,0.5681134088854192,Monocyte,0,Human,-6.0
84,0.00018008788,hNeo4,3.509234445610109e-07,Monocyte,0,Human,-12.6226599
85,0.00219707217,hNeo4,1.403692175954966e-06,Monocyte,0,Human,-12.02059991
86,0.0,hNeo4,5.614743118849309e-06,Monocyte,0,Human,-11.41853992
87,0.0,hNeo4,2.2458563331215623e-05,Monocyte,0,Human,-10.81647993
88,0.03241581892,hNeo4,8.98277084386216e-05,Monocyte,0,Human,-10.21441994
89,0.24088555209999998,hNeo4,0.00035920615868880655,Monocyte,0,Human,-9.612359948
90,0.5836648284,hNeo4,0.0014351522624594863,Monocyte,0,Human,-9.010299957
91,0.8308894741,hNeo4,0.005714006247251018,Monocyte,0,Human,-8.408239965
92,0.8860684014,hNeo4,0.02244007065273723,Monocyte,0,Human,-7.806179974
93,0.9734110246000001,hNeo4,0.0836699006066753,Monocyte,0,Human,-7.204119983
94,1.0047463159999999,hNeo4,0.26324675774860806,Monocyte,0,Human,-6.602059991
95,0.9748877452000001,hNeo4,0.5681134088854192,Monocyte,0,Human,-6.0
96,0.00765979,hNeo4,3.508910440223596e-07,Monocyte,0,Human,-12.6227
97,0.0,hNeo4,1.4036918850645756e-06,Monocyte,0,Human,-12.0206
98,0.01425077,hNeo4,5.615259242114291e-06,Monocyte,0,Human,-11.4185
99,0.0,hNeo4,2.2457525505445283e-05,Monocyte,0,Human,-10.8165
100,0.0,hNeo4,8.983183244134856e-05,Monocyte,0,Human,-10.2144
101,0.0729758,hNeo4,0.0003592061156961719,Monocyte,0,Human,-9.61236
102,0.5028739,hNeo4,0.0014351521205839247,Monocyte,0,Human,-9.0103
103,0.7639598,hNeo4,0.0057140057896018686,Monocyte,0,Human,-8.40824
104,0.7272047,hNeo4,0.022440069341910746,Monocyte,0,Human,-7.80618
105,0.7754792,hNeo4,0.08366989762779135,Monocyte,0,Human,-7.20412
106,0.786761,hNeo4,0.263246753845586,Monocyte,0,Human,-6.60206
107,0.6871244,hNeo4,0.5681134088854192,Monocyte,0,Human,-6.0
108,0.0,hNeo4,3.508910440223596e-07,Monocyte,0,Human,-12.6227
109,0.0,hNeo4,1.4036918850645756e-06,Monocyte,0,Human,-12.0206
110,0.06264399,hNeo4,5.615259242114291e-06,Monocyte,0,Human,-11.4185
111,0.0,hNeo4,2.2457525505445283e-05,Monocyte,0,Human,-10.8165
112,0.0,hNeo4,8.983183244134856e-05,Monocyte,0,Human,-10.2144
113,0.02072299,hNeo4,0.0003592061156961719,Monocyte,0,Human,-9.61236
114,0.4445051,hNeo4,0.0014351521205839247,Monocyte,0,Human,-9.0103
115,0.56914,hNeo4,0.0057140057896018686,Monocyte,0,Human,-8.40824
116,0.6710329,hNeo4,0.022440069341910746,Monocyte,0,Human,-7.80618
117,0.8963137999999999,hNeo4,0.08366989762779135,Monocyte,0,Human,-7.20412
118,0.8525521,hNeo4,0.263246753845586,Monocyte,0,Human,-6.60206
119,0.8223286000000001,hNeo4,0.5681134088854192,Monocyte,0,Human,-6.0
120,0.07193390001,hNeo4,1.7872500960290452e-06,Monocyte,0,Human,-11.91568628
121,0.01818805765,hNeo4,1.2510605599230752e-05,Monocyte,0,Human,-11.07058824
122,0.09183781215,hNeo4,8.756713129614007e-05,Monocyte,0,Human,-10.2254902
123,0.1960561744,hNeo4,0.0006126218583750113,Monocyte,0,Human,-9.38039216
124,0.5936064622,hNeo4,0.004271375266151662,Monocyte,0,Human,-8.53529412
125,1.007681749,hNeo4,0.029093375409722014,Monocyte,0,Human,-7.69019608
126,0.8351987751,hNeo4,0.1713204172547651,Monocyte,0,Human,-6.84509804
127,0.8087482182,hNeo4,0.5681134088854192,Monocyte,0,Human,-6.0
128,0.008416687,hNeo4,1.7872500960290452e-06,Monocyte,0,Human,-11.91568628
129,0.0,hNeo4,1.2510605599230752e-05,Monocyte,0,Human,-11.07058824
130,0.0,hNeo4,8.756713129614007e-05,Monocyte,0,Human,-10.2254902
131,0.02794888997,hNeo4,0.0006126218583750113,Monocyte,0,Human,-9.38039216
132,0.2459136375,hNeo4,0.004271375266151662,Monocyte,0,Human,-8.53529412
133,0.4803915589,hNeo4,0.029093375409722014,Monocyte,0,Human,-7.69019608
134,0.5306629666,hNeo4,0.1713204172547651,Monocyte,0,Human,-6.84509804
135,0.49791107590000006,hNeo4,0.5681134088854192,Monocyte,0,Human,-6.0
136,0.0,hNeo4,1.7872500960290452e-06,Monocyte,0,Human,-11.91568628
137,0.0,hNeo4,1.2510605599230752e-05,Monocyte,0,Human,-11.07058824
138,0.0,hNeo4,8.756713129614007e-05,Monocyte,0,Human,-10.2254902
139,0.03105940473,hNeo4,0.0006126218583750113,Monocyte,0,Human,-9.38039216
140,0.27399975600000004,hNeo4,0.004271375266151662,Monocyte,0,Human,-8.53529412
141,0.5006099049,hNeo4,0.029093375409722014,Monocyte,0,Human,-7.69019608
142,0.5041778483,hNeo4,0.1713204172547651,Monocyte,0,Human,-6.84509804
143,0.4276500366,hNeo4,0.5681134088854192,Monocyte,0,Human,-6.0
144,0.0,hNeo4,1.7872500960290452e-06,Monocyte,0,Human,-11.91568628
145,0.0,hNeo4,1.2510605599230752e-05,Monocyte,0,Human,-11.07058824
146,0.012118551040000002,hNeo4,8.756713129614007e-05,Monocyte,0,Human,-10.2254902
147,0.1024807903,hNeo4,0.0006126218583750113,Monocyte,0,Human,-9.38039216
148,0.5437541164,hNeo4,0.004271375266151662,Monocyte,0,Human,-8.53529412
149,0.8010537870000001,hNeo4,0.029093375409722014,Monocyte,0,Human,-7.69019608
150,0.8970362239,hNeo4,0.1713204172547651,Monocyte,0,Human,-6.84509804
151,0.7102524698,hNeo4,0.5681134088854192,Monocyte,0,Human,-6.0
152,0.0,hNeo4,1.7872500960290452e-06,Monocyte,0,Human,-11.91568628
153,0.0026179596900000003,hNeo4,1.2510605599230752e-05,Monocyte,0,Human,-11.07058824
154,0.0118535397,hNeo4,8.756713129614007e-05,Monocyte,0,Human,-10.2254902
155,0.1423151975,hNeo4,0.0006126218583750113,Monocyte,0,Human,-9.38039216
156,0.5731150084,hNeo4,0.004271375266151662,Monocyte,0,Human,-8.53529412
157,0.7980413783,hNeo4,0.029093375409722014,Monocyte,0,Human,-7.69019608
158,0.8998509217,hNeo4,0.1713204172547651,Monocyte,0,Human,-6.84509804
159,0.7067763947,hNeo4,0.5681134088854192,Monocyte,0,Human,-6.0
160,0.0,hNeo4,1.7872500960290452e-06,Monocyte,0,Human,-11.91568628
161,0.0,hNeo4,1.2510605599230752e-05,Monocyte,0,Human,-11.07058824
162,0.00407238174,hNeo4,8.756713129614007e-05,Monocyte,0,Human,-10.2254902
163,0.1254439017,hNeo4,0.0006126218583750113,Monocyte,0,Human,-9.38039216
164,0.4983577151,hNeo4,0.004271375266151662,Monocyte,0,Human,-8.53529412
165,0.8348382561,hNeo4,0.029093375409722014,Monocyte,0,Human,-7.69019608
166,0.8909062260999999,hNeo4,0.1713204172547651,Monocyte,0,Human,-6.84509804
167,0.6659798563,hNeo4,0.5681134088854192,Monocyte,0,Human,-6.0
0,0.10984970000000001,hIL13,3.083148068270192e-05,Monocyte,0,Human,-13.8268
1,0.01270693,hIL13,0.00012332353340980187,Monocyte,0,Human,-13.2247
2,0.1083058,hIL13,0.0004930061978870375,Monocyte,0,Human,-12.6227
3,0.2762867,hIL13,0.0019686976912739775,Monocyte,0,Human,-12.0206
4,0.0,hIL13,0.007819930359138604,Monocyte,0,Human,-11.4185
5,0.1670902,hIL13,0.030420869363354416,Monocyte,0,Human,-10.8165
6,0.5063178,hIL13,0.10988596948896011,Monocyte,0,Human,-10.2144
7,0.9221433,hIL13,0.3206182195113551,Monocyte,0,Human,-9.61236
8,1.035793,hIL13,0.6372381571568979,Monocyte,0,Human,-9.0103
9,0.6102891,hIL13,0.869329988650533,Monocyte,0,Human,-8.40824
10,0.9951191,hIL13,0.9636803389814397,Monocyte,0,Human,-7.80618
11,1.4748949999999998,hIL13,0.9934371878892777,Monocyte,0,Human,-7.20412
12,0.0,hIL13,3.083148068270192e-05,Monocyte,0,Human,-13.8268
13,0.0,hIL13,0.00012332353340980187,Monocyte,0,Human,-13.2247
14,0.0,hIL13,0.0004930061978870375,Monocyte,0,Human,-12.6227
15,0.5491889,hIL13,0.0019686976912739775,Monocyte,0,Human,-12.0206
16,0.0,hIL13,0.007819930359138604,Monocyte,0,Human,-11.4185
17,0.16269619999999999,hIL13,0.030420869363354416,Monocyte,0,Human,-10.8165
18,0.7865234999999999,hIL13,0.10988596948896011,Monocyte,0,Human,-10.2144
19,0.6854618000000001,hIL13,0.3206182195113551,Monocyte,0,Human,-9.61236
20,0.786761,hIL13,0.6372381571568979,Monocyte,0,Human,-9.0103
21,0.9276654999999999,hIL13,0.869329988650533,Monocyte,0,Human,-8.40824
22,1.3999000000000001,hIL13,0.9636803389814397,Monocyte,0,Human,-7.80618
23,1.084899,hIL13,0.9934371878892777,Monocyte,0,Human,-7.20412
24,0.023098041290000003,hIL13,2.512529036685862e-05,Monocyte,0,Human,-13.91568628
25,0.1101050631,hIL13,0.00017584507969531395,Monocyte,0,Human,-13.07058824
26,0.1773137638,hIL13,0.001229352460615658,Monocyte,0,Human,-12.2254902
27,0.06807982683,hIL13,0.008529753612309749,Monocyte,0,Human,-11.38039216
28,0.2588300512,hIL13,0.05627467195004473,Monocyte,0,Human,-10.53529412
29,1.017396125,hIL13,0.28449928286977116,Monocyte,0,Human,-9.69019608
30,1.042368407,hIL13,0.7160913431624015,Monocyte,0,Human,-8.84509804
31,1.096061454,hIL13,0.9439759989001802,Monocyte,0,Human,-8.0
32,0.00059465723,hIL13,2.512529036685862e-05,Monocyte,0,Human,-13.91568628
33,0.0,hIL13,0.00017584507969531395,Monocyte,0,Human,-13.07058824
34,0.0,hIL13,0.001229352460615658,Monocyte,0,Human,-12.2254902
35,0.0,hIL13,0.008529753612309749,Monocyte,0,Human,-11.38039216
36,0.04263234935,hIL13,0.05627467195004473,Monocyte,0,Human,-10.53529412
37,0.5383935106,hIL13,0.28449928286977116,Monocyte,0,Human,-9.69019608
38,0.7322517687,hIL13,0.7160913431624015,Monocyte,0,Human,-8.84509804
39,0.7290040254,hIL13,0.9439759989001802,Monocyte,0,Human,-8.0
40,0.00182971456,hIL13,2.512529036685862e-05,Monocyte,0,Human,-13.91568628
41,0.0,hIL13,0.00017584507969531395,Monocyte,0,Human,-13.07058824
42,0.0,hIL13,0.001229352460615658,Monocyte,0,Human,-12.2254902
43,0.0,hIL13,0.008529753612309749,Monocyte,0,Human,-11.38039216
44,0.02598194682,hIL13,0.05627467195004473,Monocyte,0,Human,-10.53529412
45,0.5022566479999999,hIL13,0.28449928286977116,Monocyte,0,Human,-9.69019608
46,0.688064162,hIL13,0.7160913431624015,Monocyte,0,Human,-8.84509804
47,0.6552207856,hIL13,0.9439759989001802,Monocyte,0,Human,-8.0
48,0.0,hIL13,2.512529036685862e-05,Monocyte,0,Human,-13.91568628
49,0.0,hIL13,0.00017584507969531395,Monocyte,0,Human,-13.07058824
50,0.0006147091100000001,hIL13,0.001229352460615658,Monocyte,0,Human,-12.2254902
51,0.00166849616,hIL13,0.008529753612309749,Monocyte,0,Human,-11.38039216
52,0.07095499451000001,hIL13,0.05627467195004473,Monocyte,0,Human,-10.53529412
53,0.5436663008,hIL13,0.28449928286977116,Monocyte,0,Human,-9.69019608
54,0.7941163557,hIL13,0.7160913431624015,Monocyte,0,Human,-8.84509804
55,0.8291547749999999,hIL13,0.9439759989001802,Monocyte,0,Human,-8.0
56,0.011199049780000001,hIL13,2.512529036685862e-05,Monocyte,0,Human,-13.91568628
57,0.00072721102,hIL13,0.00017584507969531395,Monocyte,0,Human,-13.07058824
58,0.0,hIL13,0.001229352460615658,Monocyte,0,Human,-12.2254902
59,0.008290205680000001,hIL13,0.008529753612309749,Monocyte,0,Human,-11.38039216
60,0.08370198892,hIL13,0.05627467195004473,Monocyte,0,Human,-10.53529412
61,0.6776879537,hIL13,0.28449928286977116,Monocyte,0,Human,-9.69019608
62,1.074090683,hIL13,0.7160913431624015,Monocyte,0,Human,-8.84509804
63,0.9309755536000001,hIL13,0.9439759989001802,Monocyte,0,Human,-8.0
64,0.0,hIL13,2.512529036685862e-05,Monocyte,0,Human,-13.91568628
65,0.00152714315,hIL13,0.00017584507969531395,Monocyte,0,Human,-13.07058824
66,0.0,hIL13,0.001229352460615658,Monocyte,0,Human,-12.2254902
67,0.0,hIL13,0.008529753612309749,Monocyte,0,Human,-11.38039216
68,0.08224756687,hIL13,0.05627467195004473,Monocyte,0,Human,-10.53529412
69,0.6672888361,hIL13,0.28449928286977116,Monocyte,0,Human,-9.69019608
70,1.044420473,hIL13,0.7160913431624015,Monocyte,0,Human,-8.84509804
71,0.8911243894,hIL13,0.9439759989001802,Monocyte,0,Human,-8.0
0,0.052614999999999995,mIL4,0.0003696131554463414,A20,0,Mouse,-13.7513
1,0.05475955,mIL4,0.002566053824040308,A20,0,Mouse,-12.908
2,0.04506007,mIL4,0.017578799437885033,A20,0,Mouse,-12.06
3,0.29101,mIL4,0.1035470035034552,A20,0,Mouse,-11.216
4,0.8759487,mIL4,0.3752468425892491,A20,0,Mouse,-10.3709
5,0.9026988,mIL4,0.7097111779130256,A20,0,Mouse,-9.52584
6,0.9593640000000001,mIL4,0.9146057758607181,A20,0,Mouse,-8.68075
7,1.3437700000000001,mIL4,1.0,A20,0,Mouse,-7.83565
8,0.052206999999999996,mIL4,0.0003696131554463414,A20,0,Mouse,-13.7513
9,0.02188,mIL4,0.002566053824040308,A20,0,Mouse,-12.908
10,0.033829,mIL4,0.017578799437885033,A20,0,Mouse,-12.06
11,0.2959194,mIL4,0.1035470035034552,A20,0,Mouse,-11.216
12,0.84827,mIL4,0.3752468425892491,A20,0,Mouse,-10.3709
13,0.97368,mIL4,0.7097111779130256,A20,0,Mouse,-9.52584
14,0.8404170000000001,mIL4,0.9146057758607181,A20,0,Mouse,-8.68075
15,1.0452299999999999,mIL4,1.0,A20,0,Mouse,-7.83565
16,0.005139,mIL4,0.0003696131554463414,A20,0,Mouse,-13.7513
17,0.031582,mIL4,0.002566053824040308,A20,0,Mouse,-12.908
18,0.024548,mIL4,0.017578799437885033,A20,0,Mouse,-12.06
19,0.307967,mIL4,0.1035470035034552,A20,0,Mouse,-11.216
20,0.73923,mIL4,0.3752468425892491,A20,0,Mouse,-10.3709
21,1.010108,mIL4,0.7097111779130256,A20,0,Mouse,-9.52584
22,0.8890175,mIL4,0.9146057758607181,A20,0,Mouse,-8.68075
23,1.03553,mIL4,1.0,A20,0,Mouse,-7.83565
0,0.05261546,mNeo4,8.921814630841974e-05,A20,0,Mouse,-11.26167
1,0.0,mNeo4,0.0006918849593571733,A20,0,Mouse,-10.3716
2,0.11152699999999999,mNeo4,0.004805807765643636,A20,0,Mouse,-9.52652
3,0.025966999999999997,mNeo4,0.03194988395417795,A20,0,Mouse,-8.6814
4,0.30806,mNeo4,0.16862584043394857,A20,0,Mouse,-7.83632
5,0.7000030599999999,mNeo4,0.48935720946614286,A20,0,Mouse,-6.99123
6,0.7974339,mNeo4,0.7895783804523918,A20,0,Mouse,-6.14613
7,0.7625157,mNeo4,0.9481977020752818,A20,0,Mouse,-5.30103
8,0.03566688,mNeo4,8.921814630841974e-05,A20,0,Mouse,-11.26167
9,0.0,mNeo4,0.0006918849593571733,A20,0,Mouse,-10.3716
10,0.0,mNeo4,0.004805807765643636,A20,0,Mouse,-9.52652
11,0.0,mNeo4,0.03194988395417795,A20,0,Mouse,-8.6814
12,0.2687608,mNeo4,0.16862584043394857,A20,0,Mouse,-7.83632
13,0.6692986000000001,mNeo4,0.48935720946614286,A20,0,Mouse,-6.99123
14,0.6105912,mNeo4,0.7895783804523918,A20,0,Mouse,-6.14613
15,0.8203043,mNeo4,0.9481977020752818,A20,0,Mouse,-5.30103
16,0.001055,mNeo4,8.921814630841974e-05,A20,0,Mouse,-11.26167
17,0.0,mNeo4,0.0006918849593571733,A20,0,Mouse,-10.3716
18,0.0,mNeo4,0.004805807765643636,A20,0,Mouse,-9.52652
19,0.0210666,mNeo4,0.03194988395417795,A20,0,Mouse,-8.6814
20,0.33145020000000003,mNeo4,0.16862584043394857,A20,0,Mouse,-7.83632
21,0.6234557000000001,mNeo4,0.48935720946614286,A20,0,Mouse,-6.99123
22,0.74628,mNeo4,0.7895783804523918,A20,0,Mouse,-6.14613
23,0.8112739999999999,mNeo4,0.9481977020752818,A20,0,Mouse,-5.30103
